INSERT INTO `academy_calendar` (`id`, `session`, `title`, `first_term_start`, `first_term_end`, `second_term_start`,
                                `second_term_end`, `third_term_start`, `third_term_end`, `year`, `status`, `created_at`,
                                `updated_at`)
VALUES (1, '2022-2023', '2022/2023', '2022-08-09', '2023-01-04', '2023-01-05', '2023-04-18', '2023-04-19', '2023-09-05',
        '2023', 0, '2023-02-07 21:17:56', '2023-09-28 15:38:34');

INSERT INTO `avatar` (`id`, `image`, `name`, `description`, `status`, `created_at`, `updated_at`)
VALUES (1, 'https://gradly.s3.eu-west-2.amazonaws.com/avatars/avatar6_kwl8sb.png', 'Cynthia', NULL, 1,
        '2020-08-24 15:54:20', '2021-04-18 07:54:01'),
       (2, 'https://gradly.s3.eu-west-2.amazonaws.com/avatars/avatar5_zgfu02.png', 'Mike', NULL, 1,
        '2020-08-24 15:54:20', '2021-04-18 07:54:01'),
       (3, 'https://gradly.s3.eu-west-2.amazonaws.com/avatars/avatar4_lnyyp8.png', 'Caleb', NULL, 1,
        '2020-08-24 15:54:20', '2021-04-18 07:54:01'),
       (4, 'https://gradly.s3.eu-west-2.amazonaws.com/avatars/avatar3_pdy4yi.png', 'Charles', NULL, 1,
        '2020-08-24 15:54:20', '2021-04-18 07:54:01'),
       (5, 'https://gradly.s3.eu-west-2.amazonaws.com/avatars/avatar2_cggnzt.png', 'Tunde', NULL, 1,
        '2020-08-24 15:54:20', '2021-04-18 07:54:01'),
       (6, 'https://gradly.s3.eu-west-2.amazonaws.com/avatars/avatar1_mqndzj.png', 'Rita', NULL, 1,
        '2020-08-24 15:54:20', '2021-04-18 07:54:01'),
       (7, 'https://gradly.s3.eu-west-2.amazonaws.com/avatars/avatar15_oqelg5.png', 'Chuks', NULL, 1,
        '2020-08-24 15:54:20', '2021-04-18 07:54:01'),
       (8, 'https://gradly.s3.eu-west-2.amazonaws.com/avatars/avatar13_ysptmq.png', 'Magdalene', NULL, 1,
        '2020-08-24 15:54:20', '2021-04-18 07:54:01'),
       (9, 'https://gradly.s3.eu-west-2.amazonaws.com/avatars/avatar14_drhn6w.png', 'Aminat', NULL, 1,
        '2020-08-24 15:54:20', '2021-04-18 07:54:01'),
       (10, 'https://gradly.s3.eu-west-2.amazonaws.com/avatars/avatar11_rboeha.png', 'Ayo', NULL, 1,
        '2020-08-24 15:54:20', '2021-04-18 07:54:01'),
       (11, 'https://gradly.s3.eu-west-2.amazonaws.com/avatars/avatar9_cqesoa.png', 'Mike', NULL, 1,
        '2020-08-24 15:54:20', '2021-04-18 07:54:01'),
       (12, 'https://gradly.s3.eu-west-2.amazonaws.com/avatars/avatar12_iwmjfo.png', 'Ada', NULL, 1,
        '2020-08-24 15:54:20', '2021-04-18 07:54:01'),
       (13, 'https://gradly.s3.eu-west-2.amazonaws.com/avatars/avatar7_qgjn3t.png', 'Aisha', NULL, 1,
        '2020-08-24 15:54:20', '2021-04-18 07:54:01'),
       (14, 'https://gradly.s3.eu-west-2.amazonaws.com/avatars/avatar10_q0ocne.png', 'Sammy', NULL, 1,
        '2020-08-24 15:54:20', '2021-04-18 07:54:01'),
       (15, 'https://gradly.s3.eu-west-2.amazonaws.com/avatars/avatar8_tppfzg.png', 'Grammy', NULL, 1,
        '2020-08-24 15:54:20', '2021-04-18 07:54:01');

INSERT INTO `country` (`id`, `sortname`, `name`, `slug`)
VALUES (1, 'AF', 'Afghanistan', 'afghanistan'),
       (2, 'AL', 'Albania', 'albania'),
       (3, 'DZ', 'Algeria', 'algeria'),
       (4, 'AS', 'American Samoa', 'american-samoa'),
       (5, 'AD', 'Andorra', 'andorra'),
       (6, 'AO', 'Angola', 'angola'),
       (7, 'AI', 'Anguilla', 'anguilla'),
       (8, 'AQ', 'Antarctica', 'antarctica'),
       (9, 'AG', 'Antigua And Barbuda', 'antigua-and-barbuda'),
       (10, 'AR', 'Argentina', 'argentina'),
       (11, 'AM', 'Armenia', 'armenia'),
       (12, 'AW', 'Aruba', 'aruba'),
       (13, 'AU', 'Australia', 'australia'),
       (14, 'AT', 'Austria', 'austria'),
       (15, 'AZ', 'Azerbaijan', 'azerbaijan'),
       (16, 'BS', 'Bahamas The', 'bahamas-the'),
       (17, 'BH', 'Bahrain', 'bahrain'),
       (18, 'BD', 'Bangladesh', 'bangladesh'),
       (19, 'BB', 'Barbados', 'barbados'),
       (20, 'BY', 'Belarus', 'belarus'),
       (21, 'BE', 'Belgium', 'belgium'),
       (22, 'BZ', 'Belize', 'belize'),
       (23, 'BJ', 'Benin', 'benin'),
       (24, 'BM', 'Bermuda', 'bermuda'),
       (25, 'BT', 'Bhutan', 'bhutan'),
       (26, 'BO', 'Bolivia', 'bolivia'),
       (27, 'BA', 'Bosnia and Herzegovina', 'bosnia-and-herzegovina'),
       (28, 'BW', 'Botswana', 'botswana'),
       (29, 'BV', 'Bouvet Island', 'bouvet-island'),
       (30, 'BR', 'Brazil', 'brazil'),
       (31, 'IO', 'British Indian Ocean Territory', 'british-indian-ocean-territory'),
       (32, 'BN', 'Brunei', 'brunei'),
       (33, 'BG', 'Bulgaria', 'bulgaria'),
       (34, 'BF', 'Burkina Faso', 'burkina-faso'),
       (35, 'BI', 'Burundi', 'burundi'),
       (36, 'KH', 'Cambodia', 'cambodia'),
       (37, 'CM', 'Cameroon', 'cameroon'),
       (38, 'CA', 'Canada', 'canada'),
       (39, 'CV', 'Cape Verde', 'cape-verde'),
       (40, 'KY', 'Cayman Islands', 'cayman-islands'),
       (41, 'CF', 'Central African Republic', 'central-african-republic'),
       (42, 'TD', 'Chad', 'chad'),
       (43, 'CL', 'Chile', 'chile'),
       (44, 'CN', 'China', 'china'),
       (45, 'CX', 'Christmas Island', 'christmas-island'),
       (46, 'CC', 'Cocos (Keeling) Islands', 'cocos-keeling-islands'),
       (47, 'CO', 'Colombia', 'colombia'),
       (48, 'KM', 'Comoros', 'comoros'),
       (49, 'CG', 'Congo', 'congo'),
       (50, 'CD', 'Congo The Democratic Republic Of The', 'congo-the-democratic-republic-of-the'),
       (51, 'CK', 'Cook Islands', 'cook-islands'),
       (52, 'CR', 'Costa Rica', 'costa-rica'),
       (53, 'CI', 'Cote D\'Ivoire (Ivory Coast)', 'cote-divoire-ivory-coast'),
       (54, 'HR', 'Croatia (Hrvatska)', 'croatia-hrvatska'),
       (55, 'CU', 'Cuba', 'cuba'),
       (56, 'CY', 'Cyprus', 'cyprus'),
       (57, 'CZ', 'Czech Republic', 'czech-republic'),
       (58, 'DK', 'Denmark', 'denmark'),
       (59, 'DJ', 'Djibouti', 'djibouti'),
       (60, 'DM', 'Dominica', 'dominica'),
       (61, 'DO', 'Dominican Republic', 'dominican-republic'),
       (62, 'TP', 'East Timor', 'east-timor'),
       (63, 'EC', 'Ecuador', 'ecuador'),
       (64, 'EG', 'Egypt', 'egypt'),
       (65, 'SV', 'El Salvador', 'el-salvador'),
       (66, 'GQ', 'Equatorial Guinea', 'equatorial-guinea'),
       (67, 'ER', 'Eritrea', 'eritrea'),
       (68, 'EE', 'Estonia', 'estonia'),
       (69, 'ET', 'Ethiopia', 'ethiopia'),
       (70, 'XA', 'External Territories of Australia', 'external-territories-of-australia'),
       (71, 'FK', 'Falkland Islands', 'falkland-islands'),
       (72, 'FO', 'Faroe Islands', 'faroe-islands'),
       (73, 'FJ', 'Fiji Islands', 'fiji-islands'),
       (74, 'FI', 'Finland', 'finland'),
       (75, 'FR', 'France', 'france'),
       (76, 'GF', 'French Guiana', 'french-guiana'),
       (77, 'PF', 'French Polynesia', 'french-polynesia'),
       (78, 'TF', 'French Southern Territories', 'french-southern-territories'),
       (79, 'GA', 'Gabon', 'gabon'),
       (80, 'GM', 'Gambia The', 'gambia-the'),
       (81, 'GE', 'Georgia', 'georgia'),
       (82, 'DE', 'Germany', 'germany'),
       (83, 'GH', 'Ghana', 'ghana'),
       (84, 'GI', 'Gibraltar', 'gibraltar'),
       (85, 'GR', 'Greece', 'greece'),
       (86, 'GL', 'Greenland', 'greenland'),
       (87, 'GD', 'Grenada', 'grenada'),
       (88, 'GP', 'Guadeloupe', 'guadeloupe'),
       (89, 'GU', 'Guam', 'guam'),
       (90, 'GT', 'Guatemala', 'guatemala'),
       (91, 'XU', 'Guernsey and Alderney', 'guernsey-and-alderney'),
       (92, 'GN', 'Guinea', 'guinea'),
       (93, 'GW', 'Guinea-Bissau', 'guinea-bissau'),
       (94, 'GY', 'Guyana', 'guyana'),
       (95, 'HT', 'Haiti', 'haiti'),
       (96, 'HM', 'Heard and McDonald Islands', 'heard-and-mcdonald-islands'),
       (97, 'HN', 'Honduras', 'honduras'),
       (98, 'HK', 'Hong Kong S.A.R.', 'hong-kong-sar'),
       (99, 'HU', 'Hungary', 'hungary'),
       (100, 'IS', 'Iceland', 'iceland'),
       (101, 'IN', 'India', 'india'),
       (102, 'ID', 'Indonesia', 'indonesia'),
       (103, 'IR', 'Iran', 'iran'),
       (104, 'IQ', 'Iraq', 'iraq'),
       (105, 'IE', 'Ireland', 'ireland'),
       (106, 'IL', 'Israel', 'israel'),
       (107, 'IT', 'Italy', 'italy'),
       (108, 'JM', 'Jamaica', 'jamaica'),
       (109, 'JP', 'Japan', 'japan'),
       (110, 'XJ', 'Jersey', 'jersey'),
       (111, 'JO', 'Jordan', 'jordan'),
       (112, 'KZ', 'Kazakhstan', 'kazakhstan'),
       (113, 'KE', 'Kenya', 'kenya'),
       (114, 'KI', 'Kiribati', 'kiribati'),
       (115, 'KP', 'Korea North', 'korea-north'),
       (116, 'KR', 'Korea South', 'korea-south'),
       (117, 'KW', 'Kuwait', 'kuwait'),
       (118, 'KG', 'Kyrgyzstan', 'kyrgyzstan'),
       (119, 'LA', 'Laos', 'laos'),
       (120, 'LV', 'Latvia', 'latvia'),
       (121, 'LB', 'Lebanon', 'lebanon'),
       (122, 'LS', 'Lesotho', 'lesotho'),
       (123, 'LR', 'Liberia', 'liberia'),
       (124, 'LY', 'Libya', 'libya'),
       (125, 'LI', 'Liechtenstein', 'liechtenstein'),
       (126, 'LT', 'Lithuania', 'lithuania'),
       (127, 'LU', 'Luxembourg', 'luxembourg'),
       (128, 'MO', 'Macau S.A.R.', 'macau-sar'),
       (129, 'MK', 'Macedonia', 'macedonia'),
       (130, 'MG', 'Madagascar', 'madagascar'),
       (131, 'MW', 'Malawi', 'malawi'),
       (132, 'MY', 'Malaysia', 'malaysia'),
       (133, 'MV', 'Maldives', 'maldives'),
       (134, 'ML', 'Mali', 'mali'),
       (135, 'MT', 'Malta', 'malta'),
       (136, 'XM', 'Man (Isle of)', 'man-isle-of'),
       (137, 'MH', 'Marshall Islands', 'marshall-islands'),
       (138, 'MQ', 'Martinique', 'martinique'),
       (139, 'MR', 'Mauritania', 'mauritania'),
       (140, 'MU', 'Mauritius', 'mauritius'),
       (141, 'YT', 'Mayotte', 'mayotte'),
       (142, 'MX', 'Mexico', 'mexico'),
       (143, 'FM', 'Micronesia', 'micronesia'),
       (144, 'MD', 'Moldova', 'moldova'),
       (145, 'MC', 'Monaco', 'monaco'),
       (146, 'MN', 'Mongolia', 'mongolia'),
       (147, 'MS', 'Montserrat', 'montserrat'),
       (148, 'MA', 'Morocco', 'morocco'),
       (149, 'MZ', 'Mozambique', 'mozambique'),
       (150, 'MM', 'Myanmar', 'myanmar'),
       (151, 'NA', 'Namibia', 'namibia'),
       (152, 'NR', 'Nauru', 'nauru'),
       (153, 'NP', 'Nepal', 'nepal'),
       (154, 'AN', 'Netherlands Antilles', 'netherlands-antilles'),
       (155, 'NL', 'Netherlands The', 'netherlands-the'),
       (156, 'NC', 'New Caledonia', 'new-caledonia'),
       (157, 'NZ', 'New Zealand', 'new-zealand'),
       (158, 'NI', 'Nicaragua', 'nicaragua'),
       (159, 'NE', 'Niger', 'niger'),
       (160, 'NG', 'Nigeria', 'nigeria'),
       (161, 'NU', 'Niue', 'niue'),
       (162, 'NF', 'Norfolk Island', 'norfolk-island'),
       (163, 'MP', 'Northern Mariana Islands', 'northern-mariana-islands'),
       (164, 'NO', 'Norway', 'norway'),
       (165, 'OM', 'Oman', 'oman'),
       (166, 'PK', 'Pakistan', 'pakistan'),
       (167, 'PW', 'Palau', 'palau'),
       (168, 'PS', 'Palestinian Territory Occupied', 'palestinian-territory-occupied'),
       (169, 'PA', 'Panama', 'panama'),
       (170, 'PG', 'Papua new Guinea', 'papua-new-guinea'),
       (171, 'PY', 'Paraguay', 'paraguay'),
       (172, 'PE', 'Peru', 'peru'),
       (173, 'PH', 'Philippines', 'philippines'),
       (174, 'PN', 'Pitcairn Island', 'pitcairn-island'),
       (175, 'PL', 'Poland', 'poland'),
       (176, 'PT', 'Portugal', 'portugal'),
       (177, 'PR', 'Puerto Rico', 'puerto-rico'),
       (178, 'QA', 'Qatar', 'qatar'),
       (179, 'RE', 'Reunion', 'reunion'),
       (180, 'RO', 'Romania', 'romania'),
       (181, 'RU', 'Russia', 'russia'),
       (182, 'RW', 'Rwanda', 'rwanda'),
       (183, 'SH', 'Saint Helena', 'saint-helena'),
       (184, 'KN', 'Saint Kitts And Nevis', 'saint-kitts-and-nevis'),
       (185, 'LC', 'Saint Lucia', 'saint-lucia'),
       (186, 'PM', 'Saint Pierre and Miquelon', 'saint-pierre-and-miquelon'),
       (187, 'VC', 'Saint Vincent And The Grenadines', 'saint-vincent-and-the-grenadines'),
       (188, 'WS', 'Samoa', 'samoa'),
       (189, 'SM', 'San Marino', 'san-marino'),
       (190, 'ST', 'Sao Tome and Principe', 'sao-tome-and-principe'),
       (191, 'SA', 'Saudi Arabia', 'saudi-arabia'),
       (192, 'SN', 'Senegal', 'senegal'),
       (193, 'RS', 'Serbia', 'serbia'),
       (194, 'SC', 'Seychelles', 'seychelles'),
       (195, 'SL', 'Sierra Leone', 'sierra-leone'),
       (196, 'SG', 'Singapore', 'singapore'),
       (197, 'SK', 'Slovakia', 'slovakia'),
       (198, 'SI', 'Slovenia', 'slovenia'),
       (199, 'XG', 'Smaller Territories of the UK', 'smaller-territories-of-the-uk'),
       (200, 'SB', 'Solomon Islands', 'solomon-islands'),
       (201, 'SO', 'Somalia', 'somalia'),
       (202, 'ZA', 'South Africa', 'south-africa'),
       (203, 'GS', 'South Georgia', 'south-georgia'),
       (204, 'SS', 'South Sudan', 'south-sudan'),
       (205, 'ES', 'Spain', 'spain'),
       (206, 'LK', 'Sri Lanka', 'sri-lanka'),
       (207, 'SD', 'Sudan', 'sudan'),
       (208, 'SR', 'Suriname', 'suriname'),
       (209, 'SJ', 'Svalbard And Jan Mayen Islands', 'svalbard-and-jan-mayen-islands'),
       (210, 'SZ', 'Swaziland', 'swaziland'),
       (211, 'SE', 'Sweden', 'sweden'),
       (212, 'CH', 'Switzerland', 'switzerland'),
       (213, 'SY', 'Syria', 'syria'),
       (214, 'TW', 'Taiwan', 'taiwan'),
       (215, 'TJ', 'Tajikistan', 'tajikistan'),
       (216, 'TZ', 'Tanzania', 'tanzania'),
       (217, 'TH', 'Thailand', 'thailand'),
       (218, 'TG', 'Togo', 'togo'),
       (219, 'TK', 'Tokelau', 'tokelau'),
       (220, 'TO', 'Tonga', 'tonga'),
       (221, 'TT', 'Trinidad And Tobago', 'trinidad-and-tobago'),
       (222, 'TN', 'Tunisia', 'tunisia'),
       (223, 'TR', 'Turkey', 'turkey'),
       (224, 'TM', 'Turkmenistan', 'turkmenistan'),
       (225, 'TC', 'Turks And Caicos Islands', 'turks-and-caicos-islands'),
       (226, 'TV', 'Tuvalu', 'tuvalu'),
       (227, 'UG', 'Uganda', 'uganda'),
       (228, 'UA', 'Ukraine', 'ukraine'),
       (229, 'AE', 'United Arab Emirates', 'united-arab-emirates'),
       (230, 'GB', 'United Kingdom', 'united-kingdom'),
       (231, 'US', 'United States', 'united-states'),
       (232, 'UM', 'United States Minor Outlying Islands', 'united-states-minor-outlying-islands'),
       (233, 'UY', 'Uruguay', 'uruguay'),
       (234, 'UZ', 'Uzbekistan', 'uzbekistan'),
       (235, 'VU', 'Vanuatu', 'vanuatu'),
       (236, 'VA', 'Vatican City State (Holy See)', 'vatican-city-state-holy-see'),
       (237, 'VE', 'Venezuela', 'venezuela'),
       (238, 'VN', 'Vietnam', 'vietnam'),
       (239, 'VG', 'Virgin Islands (British)', 'virgin-islands-british'),
       (240, 'VI', 'Virgin Islands (US)', 'virgin-islands-us'),
       (241, 'WF', 'Wallis And Futuna Islands', 'wallis-and-futuna-islands'),
       (242, 'EH', 'Western Sahara', 'western-sahara'),
       (243, 'YE', 'Yemen', 'yemen'),
       (244, 'YU', 'Yugoslavia', 'yugoslavia'),
       (245, 'ZM', 'Zambia', 'zambia'),
       (246, 'ZW', 'Zimbabwe', 'zimbabwe');

INSERT INTO `states` (`id`, `name`, `country_id`, `slug`, `country`)
VALUES (1, 'Andaman and Nicobar Islands', 101, 'andaman-and-nicobar-islands', 'india'),
       (2, 'Andhra Pradesh', 101, 'andhra-pradesh', 'india'),
       (3, 'Arunachal Pradesh', 101, 'arunachal-pradesh', 'india'),
       (4, 'Assam', 101, 'assam', 'india'),
       (5, 'Bihar', 101, 'bihar', 'india'),
       (6, 'Chandigarh', 101, 'chandigarh', 'india'),
       (7, 'Chhattisgarh', 101, 'chhattisgarh', 'india'),
       (8, 'Dadra and Nagar Haveli', 101, 'dadra-and-nagar-haveli', 'india'),
       (9, 'Daman and Diu', 101, 'daman-and-diu', 'india'),
       (10, 'Delhi', 101, 'delhi', 'india'),
       (11, 'Goa', 101, 'goa', 'india'),
       (12, 'Gujarat', 101, 'gujarat', 'india'),
       (13, 'Haryana', 101, 'haryana', 'india'),
       (14, 'Himachal Pradesh', 101, 'himachal-pradesh', 'india'),
       (15, 'Jammu and Kashmir', 101, 'jammu-and-kashmir', 'india'),
       (16, 'Jharkhand', 101, 'jharkhand', 'india'),
       (17, 'Karnataka', 101, 'karnataka', 'india'),
       (18, 'Kenmore', 101, 'kenmore', 'india'),
       (19, 'Kerala', 101, 'kerala', 'india'),
       (20, 'Lakshadweep', 101, 'lakshadweep', 'india'),
       (21, 'Madhya Pradesh', 101, 'madhya-pradesh', 'india'),
       (22, 'Maharashtra', 101, 'maharashtra', 'india'),
       (23, 'Manipur', 101, 'manipur', 'india'),
       (24, 'Meghalaya', 101, 'meghalaya', 'india'),
       (25, 'Mizoram', 101, 'mizoram', 'india'),
       (26, 'Nagaland', 101, 'nagaland', 'india'),
       (27, 'Narora', 101, 'narora', 'india'),
       (28, 'Natwar', 101, 'natwar', 'india'),
       (29, 'Odisha', 101, 'odisha', 'india'),
       (30, 'Paschim Medinipur', 101, 'paschim-medinipur', 'india'),
       (31, 'Pondicherry', 101, 'pondicherry', 'india'),
       (32, 'Punjab', 101, 'punjab', 'india'),
       (33, 'Rajasthan', 101, 'rajasthan', 'india'),
       (34, 'Sikkim', 101, 'sikkim', 'india'),
       (35, 'Tamil Nadu', 101, 'tamil-nadu', 'india'),
       (36, 'Telangana', 101, 'telangana', 'india'),
       (37, 'Tripura', 101, 'tripura', 'india'),
       (38, 'Uttar Pradesh', 101, 'uttar-pradesh', 'india'),
       (39, 'Uttarakhand', 101, 'uttarakhand', 'india'),
       (40, 'Vaishali', 101, 'vaishali', 'india'),
       (41, 'West Bengal', 101, 'west-bengal', 'india'),
       (42, 'Badakhshan', 1, 'badakhshan', 'afghanistan'),
       (43, 'Badgis', 1, 'badgis', 'afghanistan'),
       (44, 'Baglan', 1, 'baglan', 'afghanistan'),
       (45, 'Balkh', 1, 'balkh', 'afghanistan'),
       (46, 'Bamiyan', 1, 'bamiyan', 'afghanistan'),
       (47, 'Farah', 1, 'farah', 'afghanistan'),
       (48, 'Faryab', 1, 'faryab', 'afghanistan'),
       (49, 'Gawr', 1, 'gawr', 'afghanistan'),
       (50, 'Gazni', 1, 'gazni', 'afghanistan'),
       (51, 'Herat', 1, 'herat', 'afghanistan'),
       (52, 'Hilmand', 1, 'hilmand', 'afghanistan'),
       (53, 'Jawzjan', 1, 'jawzjan', 'afghanistan'),
       (54, 'Kabul', 1, 'kabul', 'afghanistan'),
       (55, 'Kapisa', 1, 'kapisa', 'afghanistan'),
       (56, 'Khawst', 1, 'khawst', 'afghanistan'),
       (57, 'Kunar', 1, 'kunar', 'afghanistan'),
       (58, 'Lagman', 1, 'lagman', 'afghanistan'),
       (59, 'Lawghar', 1, 'lawghar', 'afghanistan'),
       (60, 'Nangarhar', 1, 'nangarhar', 'afghanistan'),
       (61, 'Nimruz', 1, 'nimruz', 'afghanistan'),
       (62, 'Nuristan', 1, 'nuristan', 'afghanistan'),
       (63, 'Paktika', 1, 'paktika', 'afghanistan'),
       (64, 'Paktiya', 1, 'paktiya', 'afghanistan'),
       (65, 'Parwan', 1, 'parwan', 'afghanistan'),
       (66, 'Qandahar', 1, 'qandahar', 'afghanistan'),
       (67, 'Qunduz', 1, 'qunduz', 'afghanistan'),
       (68, 'Samangan', 1, 'samangan', 'afghanistan'),
       (69, 'Sar-e Pul', 1, 'sar-e-pul', 'afghanistan'),
       (70, 'Takhar', 1, 'takhar', 'afghanistan'),
       (71, 'Uruzgan', 1, 'uruzgan', 'afghanistan'),
       (72, 'Wardag', 1, 'wardag', 'afghanistan'),
       (73, 'Zabul', 1, 'zabul', 'afghanistan'),
       (74, 'Berat', 2, 'berat', 'albania'),
       (75, 'Bulqize', 2, 'bulqize', 'albania'),
       (76, 'Delvine', 2, 'delvine', 'albania'),
       (77, 'Devoll', 2, 'devoll', 'albania'),
       (78, 'Dibre', 2, 'dibre', 'albania'),
       (79, 'Durres', 2, 'durres', 'albania'),
       (80, 'Elbasan', 2, 'elbasan', 'albania'),
       (81, 'Fier', 2, 'fier', 'albania'),
       (82, 'Gjirokaster', 2, 'gjirokaster', 'albania'),
       (83, 'Gramsh', 2, 'gramsh', 'albania'),
       (84, 'Has', 2, 'has', 'albania'),
       (85, 'Kavaje', 2, 'kavaje', 'albania'),
       (86, 'Kolonje', 2, 'kolonje', 'albania'),
       (87, 'Korce', 2, 'korce', 'albania'),
       (88, 'Kruje', 2, 'kruje', 'albania'),
       (89, 'Kucove', 2, 'kucove', 'albania'),
       (90, 'Kukes', 2, 'kukes', 'albania'),
       (91, 'Kurbin', 2, 'kurbin', 'albania'),
       (92, 'Lezhe', 2, 'lezhe', 'albania'),
       (93, 'Librazhd', 2, 'librazhd', 'albania'),
       (94, 'Lushnje', 2, 'lushnje', 'albania'),
       (95, 'Mallakaster', 2, 'mallakaster', 'albania'),
       (96, 'Malsi e Madhe', 2, 'malsi-e-madhe', 'albania'),
       (97, 'Mat', 2, 'mat', 'albania'),
       (98, 'Mirdite', 2, 'mirdite', 'albania'),
       (99, 'Peqin', 2, 'peqin', 'albania'),
       (100, 'Permet', 2, 'permet', 'albania'),
       (101, 'Pogradec', 2, 'pogradec', 'albania'),
       (102, 'Puke', 2, 'puke', 'albania'),
       (103, 'Sarande', 2, 'sarande', 'albania'),
       (104, 'Shkoder', 2, 'shkoder', 'albania'),
       (105, 'Skrapar', 2, 'skrapar', 'albania'),
       (106, 'Tepelene', 2, 'tepelene', 'albania'),
       (107, 'Tirane', 2, 'tirane', 'albania'),
       (108, 'Tropoje', 2, 'tropoje', 'albania'),
       (109, 'Vlore', 2, 'vlore', 'albania'),
       (110, '\'Ayn Daflah', 3, 'ayn-daflah', 'algeria'),
       (111, '\'Ayn Tamushanat', 3, 'ayn-tamushanat', 'algeria'),
       (112, 'Adrar', 3, 'adrar', 'algeria'),
       (113, 'Algiers', 3, 'algiers', 'algeria'),
       (114, 'Annabah', 3, 'annabah', 'algeria'),
       (115, 'Bashshar', 3, 'bashshar', 'algeria'),
       (116, 'Batnah', 3, 'batnah', 'algeria'),
       (117, 'Bijayah', 3, 'bijayah', 'algeria'),
       (118, 'Biskrah', 3, 'biskrah', 'algeria'),
       (119, 'Blidah', 3, 'blidah', 'algeria'),
       (120, 'Buirah', 3, 'buirah', 'algeria'),
       (121, 'Bumardas', 3, 'bumardas', 'algeria'),
       (122, 'Burj Bu Arririj', 3, 'burj-bu-arririj', 'algeria'),
       (123, 'Ghalizan', 3, 'ghalizan', 'algeria'),
       (124, 'Ghardayah', 3, 'ghardayah', 'algeria'),
       (125, 'Ilizi', 3, 'ilizi', 'algeria'),
       (126, 'Jijili', 3, 'jijili', 'algeria'),
       (127, 'Jilfah', 3, 'jilfah', 'algeria'),
       (128, 'Khanshalah', 3, 'khanshalah', 'algeria'),
       (129, 'Masilah', 3, 'masilah', 'algeria'),
       (130, 'Midyah', 3, 'midyah', 'algeria'),
       (131, 'Milah', 3, 'milah', 'algeria'),
       (132, 'Muaskar', 3, 'muaskar', 'algeria'),
       (133, 'Mustaghanam', 3, 'mustaghanam', 'algeria'),
       (134, 'Naama', 3, 'naama', 'algeria'),
       (135, 'Oran', 3, 'oran', 'algeria'),
       (136, 'Ouargla', 3, 'ouargla', 'algeria'),
       (137, 'Qalmah', 3, 'qalmah', 'algeria'),
       (138, 'Qustantinah', 3, 'qustantinah', 'algeria'),
       (139, 'Sakikdah', 3, 'sakikdah', 'algeria'),
       (140, 'Satif', 3, 'satif', 'algeria'),
       (141, 'Sayda\'', 3, 'sayda', 'algeria'),
       (142, 'Sidi ban-al-\'Abbas', 3, 'sidi-ban-al-abbas', 'algeria'),
       (143, 'Suq Ahras', 3, 'suq-ahras', 'algeria'),
       (144, 'Tamanghasat', 3, 'tamanghasat', 'algeria'),
       (145, 'Tibazah', 3, 'tibazah', 'algeria'),
       (146, 'Tibissah', 3, 'tibissah', 'algeria'),
       (147, 'Tilimsan', 3, 'tilimsan', 'algeria'),
       (148, 'Tinduf', 3, 'tinduf', 'algeria'),
       (149, 'Tisamsilt', 3, 'tisamsilt', 'algeria'),
       (150, 'Tiyarat', 3, 'tiyarat', 'algeria'),
       (151, 'Tizi Wazu', 3, 'tizi-wazu', 'algeria'),
       (152, 'Umm-al-Bawaghi', 3, 'umm-al-bawaghi', 'algeria'),
       (153, 'Wahran', 3, 'wahran', 'algeria'),
       (154, 'Warqla', 3, 'warqla', 'algeria'),
       (155, 'Wilaya d Alger', 3, 'wilaya-d-alger', 'algeria'),
       (156, 'Wilaya de Bejaia', 3, 'wilaya-de-bejaia', 'algeria'),
       (157, 'Wilaya de Constantine', 3, 'wilaya-de-constantine', 'algeria'),
       (158, 'al-Aghwat', 3, 'al-aghwat', 'algeria'),
       (159, 'al-Bayadh', 3, 'al-bayadh', 'algeria'),
       (160, 'al-Jaza\'ir', 3, 'al-jazair', 'algeria'),
       (161, 'al-Wad', 3, 'al-wad', 'algeria'),
       (162, 'ash-Shalif', 3, 'ash-shalif', 'algeria'),
       (163, 'at-Tarif', 3, 'at-tarif', 'algeria'),
       (164, 'Eastern', 4, 'eastern', 'american-samoa'),
       (165, 'Manu\'a', 4, 'manua', 'american-samoa'),
       (166, 'Swains Island', 4, 'swains-island', 'american-samoa'),
       (167, 'Western', 4, 'western', 'american-samoa'),
       (168, 'Andorra la Vella', 5, 'andorra-la-vella', 'andorra'),
       (169, 'Canillo', 5, 'canillo', 'andorra'),
       (170, 'Encamp', 5, 'encamp', 'andorra'),
       (171, 'La Massana', 5, 'la-massana', 'andorra'),
       (172, 'Les Escaldes', 5, 'les-escaldes', 'andorra'),
       (173, 'Ordino', 5, 'ordino', 'andorra'),
       (174, 'Sant Julia de Loria', 5, 'sant-julia-de-loria', 'andorra'),
       (175, 'Bengo', 6, 'bengo', 'angola'),
       (176, 'Benguela', 6, 'benguela', 'angola'),
       (177, 'Bie', 6, 'bie', 'angola'),
       (178, 'Cabinda', 6, 'cabinda', 'angola'),
       (179, 'Cunene', 6, 'cunene', 'angola'),
       (180, 'Huambo', 6, 'huambo', 'angola'),
       (181, 'Huila', 6, 'huila', 'angola'),
       (182, 'Kuando-Kubango', 6, 'kuando-kubango', 'angola'),
       (183, 'Kwanza Norte', 6, 'kwanza-norte', 'angola'),
       (184, 'Kwanza Sul', 6, 'kwanza-sul', 'angola'),
       (185, 'Luanda', 6, 'luanda', 'angola'),
       (186, 'Lunda Norte', 6, 'lunda-norte', 'angola'),
       (187, 'Lunda Sul', 6, 'lunda-sul', 'angola'),
       (188, 'Malanje', 6, 'malanje', 'angola'),
       (189, 'Moxico', 6, 'moxico', 'angola'),
       (190, 'Namibe', 6, 'namibe', 'angola'),
       (191, 'Uige', 6, 'uige', 'angola'),
       (192, 'Zaire', 6, 'zaire', 'angola'),
       (193, 'Other Provinces', 7, 'other-provinces', 'anguilla'),
       (194, 'Sector claimed by Argentina/Ch', 8, 'sector-claimed-by-argentinach', 'antarctica'),
       (195, 'Sector claimed by Argentina/UK', 8, 'sector-claimed-by-argentinauk', 'antarctica'),
       (196, 'Sector claimed by Australia', 8, 'sector-claimed-by-australia', 'antarctica'),
       (197, 'Sector claimed by France', 8, 'sector-claimed-by-france', 'antarctica'),
       (198, 'Sector claimed by New Zealand', 8, 'sector-claimed-by-new-zealand', 'antarctica'),
       (199, 'Sector claimed by Norway', 8, 'sector-claimed-by-norway', 'antarctica'),
       (200, 'Unclaimed Sector', 8, 'unclaimed-sector', 'antarctica'),
       (201, 'Barbuda', 9, 'barbuda', 'antigua-and-barbuda'),
       (202, 'Saint George', 9, 'saint-george', 'antigua-and-barbuda'),
       (203, 'Saint John', 9, 'saint-john', 'antigua-and-barbuda'),
       (204, 'Saint Mary', 9, 'saint-mary', 'antigua-and-barbuda'),
       (205, 'Saint Paul', 9, 'saint-paul', 'antigua-and-barbuda'),
       (206, 'Saint Peter', 9, 'saint-peter', 'antigua-and-barbuda'),
       (207, 'Saint Philip', 9, 'saint-philip', 'antigua-and-barbuda'),
       (208, 'Buenos Aires', 10, 'buenos-aires', 'argentina'),
       (209, 'Catamarca', 10, 'catamarca', 'argentina'),
       (210, 'Chaco', 10, 'chaco', 'argentina'),
       (211, 'Chubut', 10, 'chubut', 'argentina'),
       (212, 'Cordoba', 10, 'cordoba', 'argentina'),
       (213, 'Corrientes', 10, 'corrientes', 'argentina'),
       (214, 'Distrito Federal', 10, 'distrito-federal', 'argentina'),
       (215, 'Entre Rios', 10, 'entre-rios', 'argentina'),
       (216, 'Formosa', 10, 'formosa', 'argentina'),
       (217, 'Jujuy', 10, 'jujuy', 'argentina'),
       (218, 'La Pampa', 10, 'la-pampa', 'argentina'),
       (219, 'La Rioja', 10, 'la-rioja', 'argentina'),
       (220, 'Mendoza', 10, 'mendoza', 'argentina'),
       (221, 'Misiones', 10, 'misiones', 'argentina'),
       (222, 'Neuquen', 10, 'neuquen', 'argentina'),
       (223, 'Rio Negro', 10, 'rio-negro', 'argentina'),
       (224, 'Salta', 10, 'salta', 'argentina'),
       (225, 'San Juan', 10, 'san-juan', 'argentina'),
       (226, 'San Luis', 10, 'san-luis', 'argentina'),
       (227, 'Santa Cruz', 10, 'santa-cruz', 'argentina'),
       (228, 'Santa Fe', 10, 'santa-fe', 'argentina'),
       (229, 'Santiago del Estero', 10, 'santiago-del-estero', 'argentina'),
       (230, 'Tierra del Fuego', 10, 'tierra-del-fuego', 'argentina'),
       (231, 'Tucuman', 10, 'tucuman', 'argentina'),
       (232, 'Aragatsotn', 11, 'aragatsotn', 'armenia'),
       (233, 'Ararat', 11, 'ararat', 'armenia'),
       (234, 'Armavir', 11, 'armavir', 'armenia'),
       (235, 'Gegharkunik', 11, 'gegharkunik', 'armenia'),
       (236, 'Kotaik', 11, 'kotaik', 'armenia'),
       (237, 'Lori', 11, 'lori', 'armenia'),
       (238, 'Shirak', 11, 'shirak', 'armenia'),
       (239, 'Stepanakert', 11, 'stepanakert', 'armenia'),
       (240, 'Syunik', 11, 'syunik', 'armenia'),
       (241, 'Tavush', 11, 'tavush', 'armenia'),
       (242, 'Vayots Dzor', 11, 'vayots-dzor', 'armenia'),
       (243, 'Yerevan', 11, 'yerevan', 'armenia'),
       (244, 'Aruba', 12, 'aruba', 'aruba'),
       (245, 'Auckland', 13, 'auckland', 'australia'),
       (246, 'Australian Capital Territory', 13, 'australian-capital-territory', 'australia'),
       (247, 'Balgowlah', 13, 'balgowlah', 'australia'),
       (248, 'Balmain', 13, 'balmain', 'australia'),
       (249, 'Bankstown', 13, 'bankstown', 'australia'),
       (250, 'Baulkham Hills', 13, 'baulkham-hills', 'australia'),
       (251, 'Bonnet Bay', 13, 'bonnet-bay', 'australia'),
       (252, 'Camberwell', 13, 'camberwell', 'australia'),
       (253, 'Carole Park', 13, 'carole-park', 'australia'),
       (254, 'Castle Hill', 13, 'castle-hill', 'australia'),
       (255, 'Caulfield', 13, 'caulfield', 'australia'),
       (256, 'Chatswood', 13, 'chatswood', 'australia'),
       (257, 'Cheltenham', 13, 'cheltenham', 'australia'),
       (258, 'Cherrybrook', 13, 'cherrybrook', 'australia'),
       (259, 'Clayton', 13, 'clayton', 'australia'),
       (260, 'Collingwood', 13, 'collingwood', 'australia'),
       (261, 'Frenchs Forest', 13, 'frenchs-forest', 'australia'),
       (262, 'Hawthorn', 13, 'hawthorn', 'australia'),
       (263, 'Jannnali', 13, 'jannnali', 'australia'),
       (264, 'Knoxfield', 13, 'knoxfield', 'australia'),
       (265, 'Melbourne', 13, 'melbourne', 'australia'),
       (266, 'New South Wales', 13, 'new-south-wales', 'australia'),
       (267, 'Northern Territory', 13, 'northern-territory', 'australia'),
       (268, 'Perth', 13, 'perth', 'australia'),
       (269, 'Queensland', 13, 'queensland', 'australia'),
       (270, 'South Australia', 13, 'south-australia', 'australia'),
       (271, 'Tasmania', 13, 'tasmania', 'australia'),
       (272, 'Templestowe', 13, 'templestowe', 'australia'),
       (273, 'Victoria', 13, 'victoria', 'australia'),
       (274, 'Werribee south', 13, 'werribee-south', 'australia'),
       (275, 'Western Australia', 13, 'western-australia', 'australia'),
       (276, 'Wheeler', 13, 'wheeler', 'australia'),
       (277, 'Bundesland Salzburg', 14, 'bundesland-salzburg', 'austria'),
       (278, 'Bundesland Steiermark', 14, 'bundesland-steiermark', 'austria'),
       (279, 'Bundesland Tirol', 14, 'bundesland-tirol', 'austria'),
       (280, 'Burgenland', 14, 'burgenland', 'austria'),
       (281, 'Carinthia', 14, 'carinthia', 'austria'),
       (282, 'Karnten', 14, 'karnten', 'austria'),
       (283, 'Liezen', 14, 'liezen', 'austria'),
       (284, 'Lower Austria', 14, 'lower-austria', 'austria'),
       (285, 'Niederosterreich', 14, 'niederosterreich', 'austria'),
       (286, 'Oberosterreich', 14, 'oberosterreich', 'austria'),
       (287, 'Salzburg', 14, 'salzburg', 'austria'),
       (288, 'Schleswig-Holstein', 14, 'schleswig-holstein', 'austria'),
       (289, 'Steiermark', 14, 'steiermark', 'austria'),
       (290, 'Styria', 14, 'styria', 'austria'),
       (291, 'Tirol', 14, 'tirol', 'austria'),
       (292, 'Upper Austria', 14, 'upper-austria', 'austria'),
       (293, 'Vorarlberg', 14, 'vorarlberg', 'austria'),
       (294, 'Wien', 14, 'wien', 'austria'),
       (295, 'Abseron', 15, 'abseron', 'azerbaijan'),
       (296, 'Baki Sahari', 15, 'baki-sahari', 'azerbaijan'),
       (297, 'Ganca', 15, 'ganca', 'azerbaijan'),
       (298, 'Ganja', 15, 'ganja', 'azerbaijan'),
       (299, 'Kalbacar', 15, 'kalbacar', 'azerbaijan'),
       (300, 'Lankaran', 15, 'lankaran', 'azerbaijan'),
       (301, 'Mil-Qarabax', 15, 'mil-qarabax', 'azerbaijan'),
       (302, 'Mugan-Salyan', 15, 'mugan-salyan', 'azerbaijan'),
       (303, 'Nagorni-Qarabax', 15, 'nagorni-qarabax', 'azerbaijan'),
       (304, 'Naxcivan', 15, 'naxcivan', 'azerbaijan'),
       (305, 'Priaraks', 15, 'priaraks', 'azerbaijan'),
       (306, 'Qazax', 15, 'qazax', 'azerbaijan'),
       (307, 'Saki', 15, 'saki', 'azerbaijan'),
       (308, 'Sirvan', 15, 'sirvan', 'azerbaijan'),
       (309, 'Xacmaz', 15, 'xacmaz', 'azerbaijan'),
       (310, 'Abaco', 16, 'abaco', 'bahamas-the'),
       (311, 'Acklins Island', 16, 'acklins-island', 'bahamas-the'),
       (312, 'Andros', 16, 'andros', 'bahamas-the'),
       (313, 'Berry Islands', 16, 'berry-islands', 'bahamas-the'),
       (314, 'Biminis', 16, 'biminis', 'bahamas-the'),
       (315, 'Cat Island', 16, 'cat-island', 'bahamas-the'),
       (316, 'Crooked Island', 16, 'crooked-island', 'bahamas-the'),
       (317, 'Eleuthera', 16, 'eleuthera', 'bahamas-the'),
       (318, 'Exuma and Cays', 16, 'exuma-and-cays', 'bahamas-the'),
       (319, 'Grand Bahama', 16, 'grand-bahama', 'bahamas-the'),
       (320, 'Inagua Islands', 16, 'inagua-islands', 'bahamas-the'),
       (321, 'Long Island', 16, 'long-island', 'bahamas-the'),
       (322, 'Mayaguana', 16, 'mayaguana', 'bahamas-the'),
       (323, 'New Providence', 16, 'new-providence', 'bahamas-the'),
       (324, 'Ragged Island', 16, 'ragged-island', 'bahamas-the'),
       (325, 'Rum Cay', 16, 'rum-cay', 'bahamas-the'),
       (326, 'San Salvador', 16, 'san-salvador', 'bahamas-the'),
       (327, '\'Isa', 17, 'isa', 'bahrain'),
       (328, 'Badiyah', 17, 'badiyah', 'bahrain'),
       (329, 'Hidd', 17, 'hidd', 'bahrain'),
       (330, 'Jidd Hafs', 17, 'jidd-hafs', 'bahrain'),
       (331, 'Mahama', 17, 'mahama', 'bahrain'),
       (332, 'Manama', 17, 'manama', 'bahrain'),
       (333, 'Sitrah', 17, 'sitrah', 'bahrain'),
       (334, 'al-Manamah', 17, 'al-manamah', 'bahrain'),
       (335, 'al-Muharraq', 17, 'al-muharraq', 'bahrain'),
       (336, 'ar-Rifa\'a', 17, 'ar-rifaa', 'bahrain'),
       (337, 'Bagar Hat', 18, 'bagar-hat', 'bangladesh'),
       (338, 'Bandarban', 18, 'bandarban', 'bangladesh'),
       (339, 'Barguna', 18, 'barguna', 'bangladesh'),
       (340, 'Barisal', 18, 'barisal', 'bangladesh'),
       (341, 'Bhola', 18, 'bhola', 'bangladesh'),
       (342, 'Bogora', 18, 'bogora', 'bangladesh'),
       (343, 'Brahman Bariya', 18, 'brahman-bariya', 'bangladesh'),
       (344, 'Chandpur', 18, 'chandpur', 'bangladesh'),
       (345, 'Chattagam', 18, 'chattagam', 'bangladesh'),
       (346, 'Chittagong Division', 18, 'chittagong-division', 'bangladesh'),
       (347, 'Chuadanga', 18, 'chuadanga', 'bangladesh'),
       (348, 'Dhaka', 18, 'dhaka', 'bangladesh'),
       (349, 'Dinajpur', 18, 'dinajpur', 'bangladesh'),
       (350, 'Faridpur', 18, 'faridpur', 'bangladesh'),
       (351, 'Feni', 18, 'feni', 'bangladesh'),
       (352, 'Gaybanda', 18, 'gaybanda', 'bangladesh'),
       (353, 'Gazipur', 18, 'gazipur', 'bangladesh'),
       (354, 'Gopalganj', 18, 'gopalganj', 'bangladesh'),
       (355, 'Habiganj', 18, 'habiganj', 'bangladesh'),
       (356, 'Jaipur Hat', 18, 'jaipur-hat', 'bangladesh'),
       (357, 'Jamalpur', 18, 'jamalpur', 'bangladesh'),
       (358, 'Jessor', 18, 'jessor', 'bangladesh'),
       (359, 'Jhalakati', 18, 'jhalakati', 'bangladesh'),
       (360, 'Jhanaydah', 18, 'jhanaydah', 'bangladesh'),
       (361, 'Khagrachhari', 18, 'khagrachhari', 'bangladesh'),
       (362, 'Khulna', 18, 'khulna', 'bangladesh'),
       (363, 'Kishorganj', 18, 'kishorganj', 'bangladesh'),
       (364, 'Koks Bazar', 18, 'koks-bazar', 'bangladesh'),
       (365, 'Komilla', 18, 'komilla', 'bangladesh'),
       (366, 'Kurigram', 18, 'kurigram', 'bangladesh'),
       (367, 'Kushtiya', 18, 'kushtiya', 'bangladesh'),
       (368, 'Lakshmipur', 18, 'lakshmipur', 'bangladesh'),
       (369, 'Lalmanir Hat', 18, 'lalmanir-hat', 'bangladesh'),
       (370, 'Madaripur', 18, 'madaripur', 'bangladesh'),
       (371, 'Magura', 18, 'magura', 'bangladesh'),
       (372, 'Maimansingh', 18, 'maimansingh', 'bangladesh'),
       (373, 'Manikganj', 18, 'manikganj', 'bangladesh'),
       (374, 'Maulvi Bazar', 18, 'maulvi-bazar', 'bangladesh'),
       (375, 'Meherpur', 18, 'meherpur', 'bangladesh'),
       (376, 'Munshiganj', 18, 'munshiganj', 'bangladesh'),
       (377, 'Naral', 18, 'naral', 'bangladesh'),
       (378, 'Narayanganj', 18, 'narayanganj', 'bangladesh'),
       (379, 'Narsingdi', 18, 'narsingdi', 'bangladesh'),
       (380, 'Nator', 18, 'nator', 'bangladesh'),
       (381, 'Naugaon', 18, 'naugaon', 'bangladesh'),
       (382, 'Nawabganj', 18, 'nawabganj', 'bangladesh'),
       (383, 'Netrakona', 18, 'netrakona', 'bangladesh'),
       (384, 'Nilphamari', 18, 'nilphamari', 'bangladesh'),
       (385, 'Noakhali', 18, 'noakhali', 'bangladesh'),
       (386, 'Pabna', 18, 'pabna', 'bangladesh'),
       (387, 'Panchagarh', 18, 'panchagarh', 'bangladesh'),
       (388, 'Patuakhali', 18, 'patuakhali', 'bangladesh'),
       (389, 'Pirojpur', 18, 'pirojpur', 'bangladesh'),
       (390, 'Rajbari', 18, 'rajbari', 'bangladesh'),
       (391, 'Rajshahi', 18, 'rajshahi', 'bangladesh'),
       (392, 'Rangamati', 18, 'rangamati', 'bangladesh'),
       (393, 'Rangpur', 18, 'rangpur', 'bangladesh'),
       (394, 'Satkhira', 18, 'satkhira', 'bangladesh'),
       (395, 'Shariatpur', 18, 'shariatpur', 'bangladesh'),
       (396, 'Sherpur', 18, 'sherpur', 'bangladesh'),
       (397, 'Silhat', 18, 'silhat', 'bangladesh'),
       (398, 'Sirajganj', 18, 'sirajganj', 'bangladesh'),
       (399, 'Sunamganj', 18, 'sunamganj', 'bangladesh'),
       (400, 'Tangayal', 18, 'tangayal', 'bangladesh'),
       (401, 'Thakurgaon', 18, 'thakurgaon', 'bangladesh'),
       (402, 'Christ Church', 19, 'christ-church', 'barbados'),
       (403, 'Saint Andrew', 19, 'saint-andrew', 'barbados'),
       (404, 'Saint George', 19, 'saint-george', 'barbados'),
       (405, 'Saint James', 19, 'saint-james', 'barbados'),
       (406, 'Saint John', 19, 'saint-john', 'barbados'),
       (407, 'Saint Joseph', 19, 'saint-joseph', 'barbados'),
       (408, 'Saint Lucy', 19, 'saint-lucy', 'barbados'),
       (409, 'Saint Michael', 19, 'saint-michael', 'barbados'),
       (410, 'Saint Peter', 19, 'saint-peter', 'barbados'),
       (411, 'Saint Philip', 19, 'saint-philip', 'barbados'),
       (412, 'Saint Thomas', 19, 'saint-thomas', 'barbados'),
       (413, 'Brest', 20, 'brest', 'belarus'),
       (414, 'Homjel\'', 20, 'homjel', 'belarus'),
       (415, 'Hrodna', 20, 'hrodna', 'belarus'),
       (416, 'Mahiljow', 20, 'mahiljow', 'belarus'),
       (417, 'Mahilyowskaya Voblasts', 20, 'mahilyowskaya-voblasts', 'belarus'),
       (418, 'Minsk', 20, 'minsk', 'belarus'),
       (419, 'Minskaja Voblasts\'', 20, 'minskaja-voblasts', 'belarus'),
       (420, 'Petrik', 20, 'petrik', 'belarus'),
       (421, 'Vicebsk', 20, 'vicebsk', 'belarus'),
       (422, 'Antwerpen', 21, 'antwerpen', 'belgium'),
       (423, 'Berchem', 21, 'berchem', 'belgium'),
       (424, 'Brabant', 21, 'brabant', 'belgium'),
       (425, 'Brabant Wallon', 21, 'brabant-wallon', 'belgium'),
       (426, 'Brussel', 21, 'brussel', 'belgium'),
       (427, 'East Flanders', 21, 'east-flanders', 'belgium'),
       (428, 'Hainaut', 21, 'hainaut', 'belgium'),
       (429, 'Liege', 21, 'liege', 'belgium'),
       (430, 'Limburg', 21, 'limburg', 'belgium'),
       (431, 'Luxembourg', 21, 'luxembourg', 'belgium'),
       (432, 'Namur', 21, 'namur', 'belgium'),
       (433, 'Ontario', 21, 'ontario', 'belgium'),
       (434, 'Oost-Vlaanderen', 21, 'oost-vlaanderen', 'belgium'),
       (435, 'Provincie Brabant', 21, 'provincie-brabant', 'belgium'),
       (436, 'Vlaams-Brabant', 21, 'vlaams-brabant', 'belgium'),
       (437, 'Wallonne', 21, 'wallonne', 'belgium'),
       (438, 'West-Vlaanderen', 21, 'west-vlaanderen', 'belgium'),
       (439, 'Belize', 22, 'belize', 'belize'),
       (440, 'Cayo', 22, 'cayo', 'belize'),
       (441, 'Corozal', 22, 'corozal', 'belize'),
       (442, 'Orange Walk', 22, 'orange-walk', 'belize'),
       (443, 'Stann Creek', 22, 'stann-creek', 'belize'),
       (444, 'Toledo', 22, 'toledo', 'belize'),
       (445, 'Alibori', 23, 'alibori', 'benin'),
       (446, 'Atacora', 23, 'atacora', 'benin'),
       (447, 'Atlantique', 23, 'atlantique', 'benin'),
       (448, 'Borgou', 23, 'borgou', 'benin'),
       (449, 'Collines', 23, 'collines', 'benin'),
       (450, 'Couffo', 23, 'couffo', 'benin'),
       (451, 'Donga', 23, 'donga', 'benin'),
       (452, 'Littoral', 23, 'littoral', 'benin'),
       (453, 'Mono', 23, 'mono', 'benin'),
       (454, 'Oueme', 23, 'oueme', 'benin'),
       (455, 'Plateau', 23, 'plateau', 'benin'),
       (456, 'Zou', 23, 'zou', 'benin'),
       (457, 'Hamilton', 24, 'hamilton', 'bermuda'),
       (458, 'Saint George', 24, 'saint-george', 'bermuda'),
       (459, 'Bumthang', 25, 'bumthang', 'bhutan'),
       (460, 'Chhukha', 25, 'chhukha', 'bhutan'),
       (461, 'Chirang', 25, 'chirang', 'bhutan'),
       (462, 'Daga', 25, 'daga', 'bhutan'),
       (463, 'Geylegphug', 25, 'geylegphug', 'bhutan'),
       (464, 'Ha', 25, 'ha', 'bhutan'),
       (465, 'Lhuntshi', 25, 'lhuntshi', 'bhutan'),
       (466, 'Mongar', 25, 'mongar', 'bhutan'),
       (467, 'Pemagatsel', 25, 'pemagatsel', 'bhutan'),
       (468, 'Punakha', 25, 'punakha', 'bhutan'),
       (469, 'Rinpung', 25, 'rinpung', 'bhutan'),
       (470, 'Samchi', 25, 'samchi', 'bhutan'),
       (471, 'Samdrup Jongkhar', 25, 'samdrup-jongkhar', 'bhutan'),
       (472, 'Shemgang', 25, 'shemgang', 'bhutan'),
       (473, 'Tashigang', 25, 'tashigang', 'bhutan'),
       (474, 'Timphu', 25, 'timphu', 'bhutan'),
       (475, 'Tongsa', 25, 'tongsa', 'bhutan'),
       (476, 'Wangdiphodrang', 25, 'wangdiphodrang', 'bhutan'),
       (477, 'Beni', 26, 'beni', 'bolivia'),
       (478, 'Chuquisaca', 26, 'chuquisaca', 'bolivia'),
       (479, 'Cochabamba', 26, 'cochabamba', 'bolivia'),
       (480, 'La Paz', 26, 'la-paz', 'bolivia'),
       (481, 'Oruro', 26, 'oruro', 'bolivia'),
       (482, 'Pando', 26, 'pando', 'bolivia'),
       (483, 'Potosi', 26, 'potosi', 'bolivia'),
       (484, 'Santa Cruz', 26, 'santa-cruz', 'bolivia'),
       (485, 'Tarija', 26, 'tarija', 'bolivia'),
       (486, 'Federacija Bosna i Hercegovina', 27, 'federacija-bosna-i-hercegovina', 'bosnia-and-herzegovina'),
       (487, 'Republika Srpska', 27, 'republika-srpska', 'bosnia-and-herzegovina'),
       (488, 'Central Bobonong', 28, 'central-bobonong', 'botswana'),
       (489, 'Central Boteti', 28, 'central-boteti', 'botswana'),
       (490, 'Central Mahalapye', 28, 'central-mahalapye', 'botswana'),
       (491, 'Central Serowe-Palapye', 28, 'central-serowe-palapye', 'botswana'),
       (492, 'Central Tutume', 28, 'central-tutume', 'botswana'),
       (493, 'Chobe', 28, 'chobe', 'botswana'),
       (494, 'Francistown', 28, 'francistown', 'botswana'),
       (495, 'Gaborone', 28, 'gaborone', 'botswana'),
       (496, 'Ghanzi', 28, 'ghanzi', 'botswana'),
       (497, 'Jwaneng', 28, 'jwaneng', 'botswana'),
       (498, 'Kgalagadi North', 28, 'kgalagadi-north', 'botswana'),
       (499, 'Kgalagadi South', 28, 'kgalagadi-south', 'botswana'),
       (500, 'Kgatleng', 28, 'kgatleng', 'botswana'),
       (501, 'Kweneng', 28, 'kweneng', 'botswana'),
       (502, 'Lobatse', 28, 'lobatse', 'botswana'),
       (503, 'Ngamiland', 28, 'ngamiland', 'botswana'),
       (504, 'Ngwaketse', 28, 'ngwaketse', 'botswana'),
       (505, 'North East', 28, 'north-east', 'botswana'),
       (506, 'Okavango', 28, 'okavango', 'botswana'),
       (507, 'Orapa', 28, 'orapa', 'botswana'),
       (508, 'Selibe Phikwe', 28, 'selibe-phikwe', 'botswana'),
       (509, 'South East', 28, 'south-east', 'botswana'),
       (510, 'Sowa', 28, 'sowa', 'botswana'),
       (511, 'Bouvet Island', 29, 'bouvet-island', 'bouvet-island'),
       (512, 'Acre', 30, 'acre', 'brazil'),
       (513, 'Alagoas', 30, 'alagoas', 'brazil'),
       (514, 'Amapa', 30, 'amapa', 'brazil'),
       (515, 'Amazonas', 30, 'amazonas', 'brazil'),
       (516, 'Bahia', 30, 'bahia', 'brazil'),
       (517, 'Ceara', 30, 'ceara', 'brazil'),
       (518, 'Distrito Federal', 30, 'distrito-federal', 'brazil'),
       (519, 'Espirito Santo', 30, 'espirito-santo', 'brazil'),
       (520, 'Estado de Sao Paulo', 30, 'estado-de-sao-paulo', 'brazil'),
       (521, 'Goias', 30, 'goias', 'brazil'),
       (522, 'Maranhao', 30, 'maranhao', 'brazil'),
       (523, 'Mato Grosso', 30, 'mato-grosso', 'brazil'),
       (524, 'Mato Grosso do Sul', 30, 'mato-grosso-do-sul', 'brazil'),
       (525, 'Minas Gerais', 30, 'minas-gerais', 'brazil'),
       (526, 'Para', 30, 'para', 'brazil'),
       (527, 'Paraiba', 30, 'paraiba', 'brazil'),
       (528, 'Parana', 30, 'parana', 'brazil'),
       (529, 'Pernambuco', 30, 'pernambuco', 'brazil'),
       (530, 'Piaui', 30, 'piaui', 'brazil'),
       (531, 'Rio Grande do Norte', 30, 'rio-grande-do-norte', 'brazil'),
       (532, 'Rio Grande do Sul', 30, 'rio-grande-do-sul', 'brazil'),
       (533, 'Rio de Janeiro', 30, 'rio-de-janeiro', 'brazil'),
       (534, 'Rondonia', 30, 'rondonia', 'brazil'),
       (535, 'Roraima', 30, 'roraima', 'brazil'),
       (536, 'Santa Catarina', 30, 'santa-catarina', 'brazil'),
       (537, 'Sao Paulo', 30, 'sao-paulo', 'brazil'),
       (538, 'Sergipe', 30, 'sergipe', 'brazil'),
       (539, 'Tocantins', 30, 'tocantins', 'brazil'),
       (540, 'British Indian Ocean Territory', 31, 'british-indian-ocean-territory', 'british-indian-ocean-territory'),
       (541, 'Belait', 32, 'belait', 'brunei'),
       (542, 'Brunei-Muara', 32, 'brunei-muara', 'brunei'),
       (543, 'Temburong', 32, 'temburong', 'brunei'),
       (544, 'Tutong', 32, 'tutong', 'brunei'),
       (545, 'Blagoevgrad', 33, 'blagoevgrad', 'bulgaria'),
       (546, 'Burgas', 33, 'burgas', 'bulgaria'),
       (547, 'Dobrich', 33, 'dobrich', 'bulgaria'),
       (548, 'Gabrovo', 33, 'gabrovo', 'bulgaria'),
       (549, 'Haskovo', 33, 'haskovo', 'bulgaria'),
       (550, 'Jambol', 33, 'jambol', 'bulgaria'),
       (551, 'Kardzhali', 33, 'kardzhali', 'bulgaria'),
       (552, 'Kjustendil', 33, 'kjustendil', 'bulgaria'),
       (553, 'Lovech', 33, 'lovech', 'bulgaria'),
       (554, 'Montana', 33, 'montana', 'bulgaria'),
       (555, 'Oblast Sofiya-Grad', 33, 'oblast-sofiya-grad', 'bulgaria'),
       (556, 'Pazardzhik', 33, 'pazardzhik', 'bulgaria'),
       (557, 'Pernik', 33, 'pernik', 'bulgaria'),
       (558, 'Pleven', 33, 'pleven', 'bulgaria'),
       (559, 'Plovdiv', 33, 'plovdiv', 'bulgaria'),
       (560, 'Razgrad', 33, 'razgrad', 'bulgaria'),
       (561, 'Ruse', 33, 'ruse', 'bulgaria'),
       (562, 'Shumen', 33, 'shumen', 'bulgaria'),
       (563, 'Silistra', 33, 'silistra', 'bulgaria'),
       (564, 'Sliven', 33, 'sliven', 'bulgaria'),
       (565, 'Smoljan', 33, 'smoljan', 'bulgaria'),
       (566, 'Sofija grad', 33, 'sofija-grad', 'bulgaria'),
       (567, 'Sofijska oblast', 33, 'sofijska-oblast', 'bulgaria'),
       (568, 'Stara Zagora', 33, 'stara-zagora', 'bulgaria'),
       (569, 'Targovishte', 33, 'targovishte', 'bulgaria'),
       (570, 'Varna', 33, 'varna', 'bulgaria'),
       (571, 'Veliko Tarnovo', 33, 'veliko-tarnovo', 'bulgaria'),
       (572, 'Vidin', 33, 'vidin', 'bulgaria'),
       (573, 'Vraca', 33, 'vraca', 'bulgaria'),
       (574, 'Yablaniza', 33, 'yablaniza', 'bulgaria'),
       (575, 'Bale', 34, 'bale', 'burkina-faso'),
       (576, 'Bam', 34, 'bam', 'burkina-faso'),
       (577, 'Bazega', 34, 'bazega', 'burkina-faso'),
       (578, 'Bougouriba', 34, 'bougouriba', 'burkina-faso'),
       (579, 'Boulgou', 34, 'boulgou', 'burkina-faso'),
       (580, 'Boulkiemde', 34, 'boulkiemde', 'burkina-faso'),
       (581, 'Comoe', 34, 'comoe', 'burkina-faso'),
       (582, 'Ganzourgou', 34, 'ganzourgou', 'burkina-faso'),
       (583, 'Gnagna', 34, 'gnagna', 'burkina-faso'),
       (584, 'Gourma', 34, 'gourma', 'burkina-faso'),
       (585, 'Houet', 34, 'houet', 'burkina-faso'),
       (586, 'Ioba', 34, 'ioba', 'burkina-faso'),
       (587, 'Kadiogo', 34, 'kadiogo', 'burkina-faso'),
       (588, 'Kenedougou', 34, 'kenedougou', 'burkina-faso'),
       (589, 'Komandjari', 34, 'komandjari', 'burkina-faso'),
       (590, 'Kompienga', 34, 'kompienga', 'burkina-faso'),
       (591, 'Kossi', 34, 'kossi', 'burkina-faso'),
       (592, 'Kouritenga', 34, 'kouritenga', 'burkina-faso'),
       (593, 'Kourweogo', 34, 'kourweogo', 'burkina-faso'),
       (594, 'Leraba', 34, 'leraba', 'burkina-faso'),
       (595, 'Mouhoun', 34, 'mouhoun', 'burkina-faso'),
       (596, 'Nahouri', 34, 'nahouri', 'burkina-faso'),
       (597, 'Namentenga', 34, 'namentenga', 'burkina-faso'),
       (598, 'Noumbiel', 34, 'noumbiel', 'burkina-faso'),
       (599, 'Oubritenga', 34, 'oubritenga', 'burkina-faso'),
       (600, 'Oudalan', 34, 'oudalan', 'burkina-faso'),
       (601, 'Passore', 34, 'passore', 'burkina-faso'),
       (602, 'Poni', 34, 'poni', 'burkina-faso'),
       (603, 'Sanguie', 34, 'sanguie', 'burkina-faso'),
       (604, 'Sanmatenga', 34, 'sanmatenga', 'burkina-faso'),
       (605, 'Seno', 34, 'seno', 'burkina-faso'),
       (606, 'Sissili', 34, 'sissili', 'burkina-faso'),
       (607, 'Soum', 34, 'soum', 'burkina-faso'),
       (608, 'Sourou', 34, 'sourou', 'burkina-faso'),
       (609, 'Tapoa', 34, 'tapoa', 'burkina-faso'),
       (610, 'Tuy', 34, 'tuy', 'burkina-faso'),
       (611, 'Yatenga', 34, 'yatenga', 'burkina-faso'),
       (612, 'Zondoma', 34, 'zondoma', 'burkina-faso'),
       (613, 'Zoundweogo', 34, 'zoundweogo', 'burkina-faso'),
       (614, 'Bubanza', 35, 'bubanza', 'burundi'),
       (615, 'Bujumbura', 35, 'bujumbura', 'burundi'),
       (616, 'Bururi', 35, 'bururi', 'burundi'),
       (617, 'Cankuzo', 35, 'cankuzo', 'burundi'),
       (618, 'Cibitoke', 35, 'cibitoke', 'burundi'),
       (619, 'Gitega', 35, 'gitega', 'burundi'),
       (620, 'Karuzi', 35, 'karuzi', 'burundi'),
       (621, 'Kayanza', 35, 'kayanza', 'burundi'),
       (622, 'Kirundo', 35, 'kirundo', 'burundi'),
       (623, 'Makamba', 35, 'makamba', 'burundi'),
       (624, 'Muramvya', 35, 'muramvya', 'burundi'),
       (625, 'Muyinga', 35, 'muyinga', 'burundi'),
       (626, 'Ngozi', 35, 'ngozi', 'burundi'),
       (627, 'Rutana', 35, 'rutana', 'burundi'),
       (628, 'Ruyigi', 35, 'ruyigi', 'burundi'),
       (629, 'Banteay Mean Chey', 36, 'banteay-mean-chey', 'cambodia'),
       (630, 'Bat Dambang', 36, 'bat-dambang', 'cambodia'),
       (631, 'Kampong Cham', 36, 'kampong-cham', 'cambodia'),
       (632, 'Kampong Chhnang', 36, 'kampong-chhnang', 'cambodia'),
       (633, 'Kampong Spoeu', 36, 'kampong-spoeu', 'cambodia'),
       (634, 'Kampong Thum', 36, 'kampong-thum', 'cambodia'),
       (635, 'Kampot', 36, 'kampot', 'cambodia'),
       (636, 'Kandal', 36, 'kandal', 'cambodia'),
       (637, 'Kaoh Kong', 36, 'kaoh-kong', 'cambodia'),
       (638, 'Kracheh', 36, 'kracheh', 'cambodia'),
       (639, 'Krong Kaeb', 36, 'krong-kaeb', 'cambodia'),
       (640, 'Krong Pailin', 36, 'krong-pailin', 'cambodia'),
       (641, 'Krong Preah Sihanouk', 36, 'krong-preah-sihanouk', 'cambodia'),
       (642, 'Mondol Kiri', 36, 'mondol-kiri', 'cambodia'),
       (643, 'Otdar Mean Chey', 36, 'otdar-mean-chey', 'cambodia'),
       (644, 'Phnum Penh', 36, 'phnum-penh', 'cambodia'),
       (645, 'Pousat', 36, 'pousat', 'cambodia'),
       (646, 'Preah Vihear', 36, 'preah-vihear', 'cambodia'),
       (647, 'Prey Veaeng', 36, 'prey-veaeng', 'cambodia'),
       (648, 'Rotanak Kiri', 36, 'rotanak-kiri', 'cambodia'),
       (649, 'Siem Reab', 36, 'siem-reab', 'cambodia'),
       (650, 'Stueng Traeng', 36, 'stueng-traeng', 'cambodia'),
       (651, 'Svay Rieng', 36, 'svay-rieng', 'cambodia'),
       (652, 'Takaev', 36, 'takaev', 'cambodia'),
       (653, 'Adamaoua', 37, 'adamaoua', 'cameroon'),
       (654, 'Centre', 37, 'centre', 'cameroon'),
       (655, 'Est', 37, 'est', 'cameroon'),
       (656, 'Littoral', 37, 'littoral', 'cameroon'),
       (657, 'Nord', 37, 'nord', 'cameroon'),
       (658, 'Nord Extreme', 37, 'nord-extreme', 'cameroon'),
       (659, 'Nordouest', 37, 'nordouest', 'cameroon'),
       (660, 'Ouest', 37, 'ouest', 'cameroon'),
       (661, 'Sud', 37, 'sud', 'cameroon'),
       (662, 'Sudouest', 37, 'sudouest', 'cameroon'),
       (663, 'Alberta', 38, 'alberta', 'canada'),
       (664, 'British Columbia', 38, 'british-columbia', 'canada'),
       (665, 'Manitoba', 38, 'manitoba', 'canada'),
       (666, 'New Brunswick', 38, 'new-brunswick', 'canada'),
       (667, 'Newfoundland and Labrador', 38, 'newfoundland-and-labrador', 'canada'),
       (668, 'Northwest Territories', 38, 'northwest-territories', 'canada'),
       (669, 'Nova Scotia', 38, 'nova-scotia', 'canada'),
       (670, 'Nunavut', 38, 'nunavut', 'canada'),
       (671, 'Ontario', 38, 'ontario', 'canada'),
       (672, 'Prince Edward Island', 38, 'prince-edward-island', 'canada'),
       (673, 'Quebec', 38, 'quebec', 'canada'),
       (674, 'Saskatchewan', 38, 'saskatchewan', 'canada'),
       (675, 'Yukon', 38, 'yukon', 'canada'),
       (676, 'Boavista', 39, 'boavista', 'cape-verde'),
       (677, 'Brava', 39, 'brava', 'cape-verde'),
       (678, 'Fogo', 39, 'fogo', 'cape-verde'),
       (679, 'Maio', 39, 'maio', 'cape-verde'),
       (680, 'Sal', 39, 'sal', 'cape-verde'),
       (681, 'Santo Antao', 39, 'santo-antao', 'cape-verde'),
       (682, 'Sao Nicolau', 39, 'sao-nicolau', 'cape-verde'),
       (683, 'Sao Tiago', 39, 'sao-tiago', 'cape-verde'),
       (684, 'Sao Vicente', 39, 'sao-vicente', 'cape-verde'),
       (685, 'Grand Cayman', 40, 'grand-cayman', 'cayman-islands'),
       (686, 'Bamingui-Bangoran', 41, 'bamingui-bangoran', 'central-african-republic'),
       (687, 'Bangui', 41, 'bangui', 'central-african-republic'),
       (688, 'Basse-Kotto', 41, 'basse-kotto', 'central-african-republic'),
       (689, 'Haut-Mbomou', 41, 'haut-mbomou', 'central-african-republic'),
       (690, 'Haute-Kotto', 41, 'haute-kotto', 'central-african-republic'),
       (691, 'Kemo', 41, 'kemo', 'central-african-republic'),
       (692, 'Lobaye', 41, 'lobaye', 'central-african-republic'),
       (693, 'Mambere-Kadei', 41, 'mambere-kadei', 'central-african-republic'),
       (694, 'Mbomou', 41, 'mbomou', 'central-african-republic'),
       (695, 'Nana-Gribizi', 41, 'nana-gribizi', 'central-african-republic'),
       (696, 'Nana-Mambere', 41, 'nana-mambere', 'central-african-republic'),
       (697, 'Ombella Mpoko', 41, 'ombella-mpoko', 'central-african-republic'),
       (698, 'Ouaka', 41, 'ouaka', 'central-african-republic'),
       (699, 'Ouham', 41, 'ouham', 'central-african-republic'),
       (700, 'Ouham-Pende', 41, 'ouham-pende', 'central-african-republic'),
       (701, 'Sangha-Mbaere', 41, 'sangha-mbaere', 'central-african-republic'),
       (702, 'Vakaga', 41, 'vakaga', 'central-african-republic'),
       (703, 'Batha', 42, 'batha', 'chad'),
       (704, 'Biltine', 42, 'biltine', 'chad'),
       (705, 'Bourkou-Ennedi-Tibesti', 42, 'bourkou-ennedi-tibesti', 'chad'),
       (706, 'Chari-Baguirmi', 42, 'chari-baguirmi', 'chad'),
       (707, 'Guera', 42, 'guera', 'chad'),
       (708, 'Kanem', 42, 'kanem', 'chad'),
       (709, 'Lac', 42, 'lac', 'chad'),
       (710, 'Logone Occidental', 42, 'logone-occidental', 'chad'),
       (711, 'Logone Oriental', 42, 'logone-oriental', 'chad'),
       (712, 'Mayo-Kebbi', 42, 'mayo-kebbi', 'chad'),
       (713, 'Moyen-Chari', 42, 'moyen-chari', 'chad'),
       (714, 'Ouaddai', 42, 'ouaddai', 'chad'),
       (715, 'Salamat', 42, 'salamat', 'chad'),
       (716, 'Tandjile', 42, 'tandjile', 'chad'),
       (717, 'Aisen', 43, 'aisen', 'chile'),
       (718, 'Antofagasta', 43, 'antofagasta', 'chile'),
       (719, 'Araucania', 43, 'araucania', 'chile'),
       (720, 'Atacama', 43, 'atacama', 'chile'),
       (721, 'Bio Bio', 43, 'bio-bio', 'chile'),
       (722, 'Coquimbo', 43, 'coquimbo', 'chile'),
       (723, 'Libertador General Bernardo O\'', 43, 'libertador-general-bernardo-o', 'chile'),
       (724, 'Los Lagos', 43, 'los-lagos', 'chile'),
       (725, 'Magellanes', 43, 'magellanes', 'chile'),
       (726, 'Maule', 43, 'maule', 'chile'),
       (727, 'Metropolitana', 43, 'metropolitana', 'chile'),
       (728, 'Metropolitana de Santiago', 43, 'metropolitana-de-santiago', 'chile'),
       (729, 'Tarapaca', 43, 'tarapaca', 'chile'),
       (730, 'Valparaiso', 43, 'valparaiso', 'chile'),
       (731, 'Anhui', 44, 'anhui', 'china'),
       (732, 'Anhui Province', 44, 'anhui-province', 'china'),
       (733, 'Anhui Sheng', 44, 'anhui-sheng', 'china'),
       (734, 'Aomen', 44, 'aomen', 'china'),
       (735, 'Beijing', 44, 'beijing', 'china'),
       (736, 'Beijing Shi', 44, 'beijing-shi', 'china'),
       (737, 'Chongqing', 44, 'chongqing', 'china'),
       (738, 'Fujian', 44, 'fujian', 'china'),
       (739, 'Fujian Sheng', 44, 'fujian-sheng', 'china'),
       (740, 'Gansu', 44, 'gansu', 'china'),
       (741, 'Guangdong', 44, 'guangdong', 'china'),
       (742, 'Guangdong Sheng', 44, 'guangdong-sheng', 'china'),
       (743, 'Guangxi', 44, 'guangxi', 'china'),
       (744, 'Guizhou', 44, 'guizhou', 'china'),
       (745, 'Hainan', 44, 'hainan', 'china'),
       (746, 'Hebei', 44, 'hebei', 'china'),
       (747, 'Heilongjiang', 44, 'heilongjiang', 'china'),
       (748, 'Henan', 44, 'henan', 'china'),
       (749, 'Hubei', 44, 'hubei', 'china'),
       (750, 'Hunan', 44, 'hunan', 'china'),
       (751, 'Jiangsu', 44, 'jiangsu', 'china'),
       (752, 'Jiangsu Sheng', 44, 'jiangsu-sheng', 'china'),
       (753, 'Jiangxi', 44, 'jiangxi', 'china'),
       (754, 'Jilin', 44, 'jilin', 'china'),
       (755, 'Liaoning', 44, 'liaoning', 'china'),
       (756, 'Liaoning Sheng', 44, 'liaoning-sheng', 'china'),
       (757, 'Nei Monggol', 44, 'nei-monggol', 'china'),
       (758, 'Ningxia Hui', 44, 'ningxia-hui', 'china'),
       (759, 'Qinghai', 44, 'qinghai', 'china'),
       (760, 'Shaanxi', 44, 'shaanxi', 'china'),
       (761, 'Shandong', 44, 'shandong', 'china'),
       (762, 'Shandong Sheng', 44, 'shandong-sheng', 'china'),
       (763, 'Shanghai', 44, 'shanghai', 'china'),
       (764, 'Shanxi', 44, 'shanxi', 'china'),
       (765, 'Sichuan', 44, 'sichuan', 'china'),
       (766, 'Tianjin', 44, 'tianjin', 'china'),
       (767, 'Xianggang', 44, 'xianggang', 'china'),
       (768, 'Xinjiang', 44, 'xinjiang', 'china'),
       (769, 'Xizang', 44, 'xizang', 'china'),
       (770, 'Yunnan', 44, 'yunnan', 'china'),
       (771, 'Zhejiang', 44, 'zhejiang', 'china'),
       (772, 'Zhejiang Sheng', 44, 'zhejiang-sheng', 'china'),
       (773, 'Christmas Island', 45, 'christmas-island', 'christmas-island'),
       (774, 'Cocos (Keeling) Islands', 46, 'cocos-keeling-islands', 'cocos-keeling-islands'),
       (775, 'Amazonas', 47, 'amazonas', 'colombia'),
       (776, 'Antioquia', 47, 'antioquia', 'colombia'),
       (777, 'Arauca', 47, 'arauca', 'colombia'),
       (778, 'Atlantico', 47, 'atlantico', 'colombia'),
       (779, 'Bogota', 47, 'bogota', 'colombia'),
       (780, 'Bolivar', 47, 'bolivar', 'colombia'),
       (781, 'Boyaca', 47, 'boyaca', 'colombia'),
       (782, 'Caldas', 47, 'caldas', 'colombia'),
       (783, 'Caqueta', 47, 'caqueta', 'colombia'),
       (784, 'Casanare', 47, 'casanare', 'colombia'),
       (785, 'Cauca', 47, 'cauca', 'colombia'),
       (786, 'Cesar', 47, 'cesar', 'colombia'),
       (787, 'Choco', 47, 'choco', 'colombia'),
       (788, 'Cordoba', 47, 'cordoba', 'colombia'),
       (789, 'Cundinamarca', 47, 'cundinamarca', 'colombia'),
       (790, 'Guainia', 47, 'guainia', 'colombia'),
       (791, 'Guaviare', 47, 'guaviare', 'colombia'),
       (792, 'Huila', 47, 'huila', 'colombia'),
       (793, 'La Guajira', 47, 'la-guajira', 'colombia'),
       (794, 'Magdalena', 47, 'magdalena', 'colombia'),
       (795, 'Meta', 47, 'meta', 'colombia'),
       (796, 'Narino', 47, 'narino', 'colombia'),
       (797, 'Norte de Santander', 47, 'norte-de-santander', 'colombia'),
       (798, 'Putumayo', 47, 'putumayo', 'colombia'),
       (799, 'Quindio', 47, 'quindio', 'colombia'),
       (800, 'Risaralda', 47, 'risaralda', 'colombia'),
       (801, 'San Andres y Providencia', 47, 'san-andres-y-providencia', 'colombia'),
       (802, 'Santander', 47, 'santander', 'colombia'),
       (803, 'Sucre', 47, 'sucre', 'colombia'),
       (804, 'Tolima', 47, 'tolima', 'colombia'),
       (805, 'Valle del Cauca', 47, 'valle-del-cauca', 'colombia'),
       (806, 'Vaupes', 47, 'vaupes', 'colombia'),
       (807, 'Vichada', 47, 'vichada', 'colombia'),
       (808, 'Mwali', 48, 'mwali', 'comoros'),
       (809, 'Njazidja', 48, 'njazidja', 'comoros'),
       (810, 'Nzwani', 48, 'nzwani', 'comoros'),
       (811, 'Bouenza', 49, 'bouenza', 'congo'),
       (812, 'Brazzaville', 49, 'brazzaville', 'congo'),
       (813, 'Cuvette', 49, 'cuvette', 'congo'),
       (814, 'Kouilou', 49, 'kouilou', 'congo'),
       (815, 'Lekoumou', 49, 'lekoumou', 'congo'),
       (816, 'Likouala', 49, 'likouala', 'congo'),
       (817, 'Niari', 49, 'niari', 'congo'),
       (818, 'Plateaux', 49, 'plateaux', 'congo'),
       (819, 'Pool', 49, 'pool', 'congo'),
       (820, 'Sangha', 49, 'sangha', 'congo'),
       (821, 'Bandundu', 50, 'bandundu', 'congo-the-democratic-republic-of-the'),
       (822, 'Bas-Congo', 50, 'bas-congo', 'congo-the-democratic-republic-of-the'),
       (823, 'Equateur', 50, 'equateur', 'congo-the-democratic-republic-of-the'),
       (824, 'Haut-Congo', 50, 'haut-congo', 'congo-the-democratic-republic-of-the'),
       (825, 'Kasai-Occidental', 50, 'kasai-occidental', 'congo-the-democratic-republic-of-the'),
       (826, 'Kasai-Oriental', 50, 'kasai-oriental', 'congo-the-democratic-republic-of-the'),
       (827, 'Katanga', 50, 'katanga', 'congo-the-democratic-republic-of-the'),
       (828, 'Kinshasa', 50, 'kinshasa', 'congo-the-democratic-republic-of-the'),
       (829, 'Maniema', 50, 'maniema', 'congo-the-democratic-republic-of-the'),
       (830, 'Nord-Kivu', 50, 'nord-kivu', 'congo-the-democratic-republic-of-the'),
       (831, 'Sud-Kivu', 50, 'sud-kivu', 'congo-the-democratic-republic-of-the'),
       (832, 'Aitutaki', 51, 'aitutaki', 'cook-islands'),
       (833, 'Atiu', 51, 'atiu', 'cook-islands'),
       (834, 'Mangaia', 51, 'mangaia', 'cook-islands'),
       (835, 'Manihiki', 51, 'manihiki', 'cook-islands'),
       (836, 'Mauke', 51, 'mauke', 'cook-islands'),
       (837, 'Mitiaro', 51, 'mitiaro', 'cook-islands'),
       (838, 'Nassau', 51, 'nassau', 'cook-islands'),
       (839, 'Pukapuka', 51, 'pukapuka', 'cook-islands'),
       (840, 'Rakahanga', 51, 'rakahanga', 'cook-islands'),
       (841, 'Rarotonga', 51, 'rarotonga', 'cook-islands'),
       (842, 'Tongareva', 51, 'tongareva', 'cook-islands'),
       (843, 'Alajuela', 52, 'alajuela', 'costa-rica'),
       (844, 'Cartago', 52, 'cartago', 'costa-rica'),
       (845, 'Guanacaste', 52, 'guanacaste', 'costa-rica'),
       (846, 'Heredia', 52, 'heredia', 'costa-rica'),
       (847, 'Limon', 52, 'limon', 'costa-rica'),
       (848, 'Puntarenas', 52, 'puntarenas', 'costa-rica'),
       (849, 'San Jose', 52, 'san-jose', 'costa-rica'),
       (850, 'Abidjan', 53, 'abidjan', 'cote-divoire-ivory-coast'),
       (851, 'Agneby', 53, 'agneby', 'cote-divoire-ivory-coast'),
       (852, 'Bafing', 53, 'bafing', 'cote-divoire-ivory-coast'),
       (853, 'Denguele', 53, 'denguele', 'cote-divoire-ivory-coast'),
       (854, 'Dix-huit Montagnes', 53, 'dix-huit-montagnes', 'cote-divoire-ivory-coast'),
       (855, 'Fromager', 53, 'fromager', 'cote-divoire-ivory-coast'),
       (856, 'Haut-Sassandra', 53, 'haut-sassandra', 'cote-divoire-ivory-coast'),
       (857, 'Lacs', 53, 'lacs', 'cote-divoire-ivory-coast'),
       (858, 'Lagunes', 53, 'lagunes', 'cote-divoire-ivory-coast'),
       (859, 'Marahoue', 53, 'marahoue', 'cote-divoire-ivory-coast'),
       (860, 'Moyen-Cavally', 53, 'moyen-cavally', 'cote-divoire-ivory-coast'),
       (861, 'Moyen-Comoe', 53, 'moyen-comoe', 'cote-divoire-ivory-coast'),
       (862, 'N\'zi-Comoe', 53, 'nzi-comoe', 'cote-divoire-ivory-coast'),
       (863, 'Sassandra', 53, 'sassandra', 'cote-divoire-ivory-coast'),
       (864, 'Savanes', 53, 'savanes', 'cote-divoire-ivory-coast'),
       (865, 'Sud-Bandama', 53, 'sud-bandama', 'cote-divoire-ivory-coast'),
       (866, 'Sud-Comoe', 53, 'sud-comoe', 'cote-divoire-ivory-coast'),
       (867, 'Vallee du Bandama', 53, 'vallee-du-bandama', 'cote-divoire-ivory-coast'),
       (868, 'Worodougou', 53, 'worodougou', 'cote-divoire-ivory-coast'),
       (869, 'Zanzan', 53, 'zanzan', 'cote-divoire-ivory-coast'),
       (870, 'Bjelovar-Bilogora', 54, 'bjelovar-bilogora', 'croatia-hrvatska'),
       (871, 'Dubrovnik-Neretva', 54, 'dubrovnik-neretva', 'croatia-hrvatska'),
       (872, 'Grad Zagreb', 54, 'grad-zagreb', 'croatia-hrvatska'),
       (873, 'Istra', 54, 'istra', 'croatia-hrvatska'),
       (874, 'Karlovac', 54, 'karlovac', 'croatia-hrvatska'),
       (875, 'Koprivnica-Krizhevci', 54, 'koprivnica-krizhevci', 'croatia-hrvatska'),
       (876, 'Krapina-Zagorje', 54, 'krapina-zagorje', 'croatia-hrvatska'),
       (877, 'Lika-Senj', 54, 'lika-senj', 'croatia-hrvatska'),
       (878, 'Medhimurje', 54, 'medhimurje', 'croatia-hrvatska'),
       (879, 'Medimurska Zupanija', 54, 'medimurska-zupanija', 'croatia-hrvatska'),
       (880, 'Osijek-Baranja', 54, 'osijek-baranja', 'croatia-hrvatska'),
       (881, 'Osjecko-Baranjska Zupanija', 54, 'osjecko-baranjska-zupanija', 'croatia-hrvatska'),
       (882, 'Pozhega-Slavonija', 54, 'pozhega-slavonija', 'croatia-hrvatska'),
       (883, 'Primorje-Gorski Kotar', 54, 'primorje-gorski-kotar', 'croatia-hrvatska'),
       (884, 'Shibenik-Knin', 54, 'shibenik-knin', 'croatia-hrvatska'),
       (885, 'Sisak-Moslavina', 54, 'sisak-moslavina', 'croatia-hrvatska'),
       (886, 'Slavonski Brod-Posavina', 54, 'slavonski-brod-posavina', 'croatia-hrvatska'),
       (887, 'Split-Dalmacija', 54, 'split-dalmacija', 'croatia-hrvatska'),
       (888, 'Varazhdin', 54, 'varazhdin', 'croatia-hrvatska'),
       (889, 'Virovitica-Podravina', 54, 'virovitica-podravina', 'croatia-hrvatska'),
       (890, 'Vukovar-Srijem', 54, 'vukovar-srijem', 'croatia-hrvatska'),
       (891, 'Zadar', 54, 'zadar', 'croatia-hrvatska'),
       (892, 'Zagreb', 54, 'zagreb', 'croatia-hrvatska'),
       (893, 'Camaguey', 55, 'camaguey', 'cuba'),
       (894, 'Ciego de Avila', 55, 'ciego-de-avila', 'cuba'),
       (895, 'Cienfuegos', 55, 'cienfuegos', 'cuba'),
       (896, 'Ciudad de la Habana', 55, 'ciudad-de-la-habana', 'cuba'),
       (897, 'Granma', 55, 'granma', 'cuba'),
       (898, 'Guantanamo', 55, 'guantanamo', 'cuba'),
       (899, 'Habana', 55, 'habana', 'cuba'),
       (900, 'Holguin', 55, 'holguin', 'cuba'),
       (901, 'Isla de la Juventud', 55, 'isla-de-la-juventud', 'cuba'),
       (902, 'La Habana', 55, 'la-habana', 'cuba'),
       (903, 'Las Tunas', 55, 'las-tunas', 'cuba'),
       (904, 'Matanzas', 55, 'matanzas', 'cuba'),
       (905, 'Pinar del Rio', 55, 'pinar-del-rio', 'cuba'),
       (906, 'Sancti Spiritus', 55, 'sancti-spiritus', 'cuba'),
       (907, 'Santiago de Cuba', 55, 'santiago-de-cuba', 'cuba'),
       (908, 'Villa Clara', 55, 'villa-clara', 'cuba'),
       (909, 'Government controlled area', 56, 'government-controlled-area', 'cyprus'),
       (910, 'Limassol', 56, 'limassol', 'cyprus'),
       (911, 'Nicosia District', 56, 'nicosia-district', 'cyprus'),
       (912, 'Paphos', 56, 'paphos', 'cyprus'),
       (913, 'Turkish controlled area', 56, 'turkish-controlled-area', 'cyprus'),
       (914, 'Central Bohemian', 57, 'central-bohemian', 'czech-republic'),
       (915, 'Frycovice', 57, 'frycovice', 'czech-republic'),
       (916, 'Jihocesky Kraj', 57, 'jihocesky-kraj', 'czech-republic'),
       (917, 'Jihochesky', 57, 'jihochesky', 'czech-republic'),
       (918, 'Jihomoravsky', 57, 'jihomoravsky', 'czech-republic'),
       (919, 'Karlovarsky', 57, 'karlovarsky', 'czech-republic'),
       (920, 'Klecany', 57, 'klecany', 'czech-republic'),
       (921, 'Kralovehradecky', 57, 'kralovehradecky', 'czech-republic'),
       (922, 'Liberecky', 57, 'liberecky', 'czech-republic'),
       (923, 'Lipov', 57, 'lipov', 'czech-republic'),
       (924, 'Moravskoslezsky', 57, 'moravskoslezsky', 'czech-republic'),
       (925, 'Olomoucky', 57, 'olomoucky', 'czech-republic'),
       (926, 'Olomoucky Kraj', 57, 'olomoucky-kraj', 'czech-republic'),
       (927, 'Pardubicky', 57, 'pardubicky', 'czech-republic'),
       (928, 'Plzensky', 57, 'plzensky', 'czech-republic'),
       (929, 'Praha', 57, 'praha', 'czech-republic'),
       (930, 'Rajhrad', 57, 'rajhrad', 'czech-republic'),
       (931, 'Smirice', 57, 'smirice', 'czech-republic'),
       (932, 'South Moravian', 57, 'south-moravian', 'czech-republic'),
       (933, 'Straz nad Nisou', 57, 'straz-nad-nisou', 'czech-republic'),
       (934, 'Stredochesky', 57, 'stredochesky', 'czech-republic'),
       (935, 'Unicov', 57, 'unicov', 'czech-republic'),
       (936, 'Ustecky', 57, 'ustecky', 'czech-republic'),
       (937, 'Valletta', 57, 'valletta', 'czech-republic'),
       (938, 'Velesin', 57, 'velesin', 'czech-republic'),
       (939, 'Vysochina', 57, 'vysochina', 'czech-republic'),
       (940, 'Zlinsky', 57, 'zlinsky', 'czech-republic'),
       (941, 'Arhus', 58, 'arhus', 'denmark'),
       (942, 'Bornholm', 58, 'bornholm', 'denmark'),
       (943, 'Frederiksborg', 58, 'frederiksborg', 'denmark'),
       (944, 'Fyn', 58, 'fyn', 'denmark'),
       (945, 'Hovedstaden', 58, 'hovedstaden', 'denmark'),
       (946, 'Kobenhavn', 58, 'kobenhavn', 'denmark'),
       (947, 'Kobenhavns Amt', 58, 'kobenhavns-amt', 'denmark'),
       (948, 'Kobenhavns Kommune', 58, 'kobenhavns-kommune', 'denmark'),
       (949, 'Nordjylland', 58, 'nordjylland', 'denmark'),
       (950, 'Ribe', 58, 'ribe', 'denmark'),
       (951, 'Ringkobing', 58, 'ringkobing', 'denmark'),
       (952, 'Roervig', 58, 'roervig', 'denmark'),
       (953, 'Roskilde', 58, 'roskilde', 'denmark'),
       (954, 'Roslev', 58, 'roslev', 'denmark'),
       (955, 'Sjaelland', 58, 'sjaelland', 'denmark'),
       (956, 'Soeborg', 58, 'soeborg', 'denmark'),
       (957, 'Sonderjylland', 58, 'sonderjylland', 'denmark'),
       (958, 'Storstrom', 58, 'storstrom', 'denmark'),
       (959, 'Syddanmark', 58, 'syddanmark', 'denmark'),
       (960, 'Toelloese', 58, 'toelloese', 'denmark'),
       (961, 'Vejle', 58, 'vejle', 'denmark'),
       (962, 'Vestsjalland', 58, 'vestsjalland', 'denmark'),
       (963, 'Viborg', 58, 'viborg', 'denmark'),
       (964, '\'Ali Sabih', 59, 'ali-sabih', 'djibouti'),
       (965, 'Dikhil', 59, 'dikhil', 'djibouti'),
       (966, 'Jibuti', 59, 'jibuti', 'djibouti'),
       (967, 'Tajurah', 59, 'tajurah', 'djibouti'),
       (968, 'Ubuk', 59, 'ubuk', 'djibouti'),
       (969, 'Saint Andrew', 60, 'saint-andrew', 'dominica'),
       (970, 'Saint David', 60, 'saint-david', 'dominica'),
       (971, 'Saint George', 60, 'saint-george', 'dominica'),
       (972, 'Saint John', 60, 'saint-john', 'dominica'),
       (973, 'Saint Joseph', 60, 'saint-joseph', 'dominica'),
       (974, 'Saint Luke', 60, 'saint-luke', 'dominica'),
       (975, 'Saint Mark', 60, 'saint-mark', 'dominica'),
       (976, 'Saint Patrick', 60, 'saint-patrick', 'dominica'),
       (977, 'Saint Paul', 60, 'saint-paul', 'dominica'),
       (978, 'Saint Peter', 60, 'saint-peter', 'dominica'),
       (979, 'Azua', 61, 'azua', 'dominican-republic'),
       (980, 'Bahoruco', 61, 'bahoruco', 'dominican-republic'),
       (981, 'Barahona', 61, 'barahona', 'dominican-republic'),
       (982, 'Dajabon', 61, 'dajabon', 'dominican-republic'),
       (983, 'Distrito Nacional', 61, 'distrito-nacional', 'dominican-republic'),
       (984, 'Duarte', 61, 'duarte', 'dominican-republic'),
       (985, 'El Seybo', 61, 'el-seybo', 'dominican-republic'),
       (986, 'Elias Pina', 61, 'elias-pina', 'dominican-republic'),
       (987, 'Espaillat', 61, 'espaillat', 'dominican-republic'),
       (988, 'Hato Mayor', 61, 'hato-mayor', 'dominican-republic'),
       (989, 'Independencia', 61, 'independencia', 'dominican-republic'),
       (990, 'La Altagracia', 61, 'la-altagracia', 'dominican-republic'),
       (991, 'La Romana', 61, 'la-romana', 'dominican-republic'),
       (992, 'La Vega', 61, 'la-vega', 'dominican-republic'),
       (993, 'Maria Trinidad Sanchez', 61, 'maria-trinidad-sanchez', 'dominican-republic'),
       (994, 'Monsenor Nouel', 61, 'monsenor-nouel', 'dominican-republic'),
       (995, 'Monte Cristi', 61, 'monte-cristi', 'dominican-republic'),
       (996, 'Monte Plata', 61, 'monte-plata', 'dominican-republic'),
       (997, 'Pedernales', 61, 'pedernales', 'dominican-republic'),
       (998, 'Peravia', 61, 'peravia', 'dominican-republic'),
       (999, 'Puerto Plata', 61, 'puerto-plata', 'dominican-republic'),
       (1000, 'Salcedo', 61, 'salcedo', 'dominican-republic'),
       (1001, 'Samana', 61, 'samana', 'dominican-republic'),
       (1002, 'San Cristobal', 61, 'san-cristobal', 'dominican-republic'),
       (1003, 'San Juan', 61, 'san-juan', 'dominican-republic'),
       (1004, 'San Pedro de Macoris', 61, 'san-pedro-de-macoris', 'dominican-republic'),
       (1005, 'Sanchez Ramirez', 61, 'sanchez-ramirez', 'dominican-republic'),
       (1006, 'Santiago', 61, 'santiago', 'dominican-republic'),
       (1007, 'Santiago Rodriguez', 61, 'santiago-rodriguez', 'dominican-republic'),
       (1008, 'Valverde', 61, 'valverde', 'dominican-republic'),
       (1009, 'Aileu', 62, 'aileu', 'east-timor'),
       (1010, 'Ainaro', 62, 'ainaro', 'east-timor'),
       (1011, 'Ambeno', 62, 'ambeno', 'east-timor'),
       (1012, 'Baucau', 62, 'baucau', 'east-timor'),
       (1013, 'Bobonaro', 62, 'bobonaro', 'east-timor'),
       (1014, 'Cova Lima', 62, 'cova-lima', 'east-timor'),
       (1015, 'Dili', 62, 'dili', 'east-timor'),
       (1016, 'Ermera', 62, 'ermera', 'east-timor'),
       (1017, 'Lautem', 62, 'lautem', 'east-timor'),
       (1018, 'Liquica', 62, 'liquica', 'east-timor'),
       (1019, 'Manatuto', 62, 'manatuto', 'east-timor'),
       (1020, 'Manufahi', 62, 'manufahi', 'east-timor'),
       (1021, 'Viqueque', 62, 'viqueque', 'east-timor'),
       (1022, 'Azuay', 63, 'azuay', 'ecuador'),
       (1023, 'Bolivar', 63, 'bolivar', 'ecuador'),
       (1024, 'Canar', 63, 'canar', 'ecuador'),
       (1025, 'Carchi', 63, 'carchi', 'ecuador'),
       (1026, 'Chimborazo', 63, 'chimborazo', 'ecuador'),
       (1027, 'Cotopaxi', 63, 'cotopaxi', 'ecuador'),
       (1028, 'El Oro', 63, 'el-oro', 'ecuador'),
       (1029, 'Esmeraldas', 63, 'esmeraldas', 'ecuador'),
       (1030, 'Galapagos', 63, 'galapagos', 'ecuador'),
       (1031, 'Guayas', 63, 'guayas', 'ecuador'),
       (1032, 'Imbabura', 63, 'imbabura', 'ecuador'),
       (1033, 'Loja', 63, 'loja', 'ecuador'),
       (1034, 'Los Rios', 63, 'los-rios', 'ecuador'),
       (1035, 'Manabi', 63, 'manabi', 'ecuador'),
       (1036, 'Morona Santiago', 63, 'morona-santiago', 'ecuador'),
       (1037, 'Napo', 63, 'napo', 'ecuador'),
       (1038, 'Orellana', 63, 'orellana', 'ecuador'),
       (1039, 'Pastaza', 63, 'pastaza', 'ecuador'),
       (1040, 'Pichincha', 63, 'pichincha', 'ecuador'),
       (1041, 'Sucumbios', 63, 'sucumbios', 'ecuador'),
       (1042, 'Tungurahua', 63, 'tungurahua', 'ecuador'),
       (1043, 'Zamora Chinchipe', 63, 'zamora-chinchipe', 'ecuador'),
       (1044, 'Aswan', 64, 'aswan', 'egypt'),
       (1045, 'Asyut', 64, 'asyut', 'egypt'),
       (1046, 'Bani Suwayf', 64, 'bani-suwayf', 'egypt'),
       (1047, 'Bur Sa\'id', 64, 'bur-said', 'egypt'),
       (1048, 'Cairo', 64, 'cairo', 'egypt'),
       (1049, 'Dumyat', 64, 'dumyat', 'egypt'),
       (1050, 'Kafr-ash-Shaykh', 64, 'kafr-ash-shaykh', 'egypt'),
       (1051, 'Matruh', 64, 'matruh', 'egypt'),
       (1052, 'Muhafazat ad Daqahliyah', 64, 'muhafazat-ad-daqahliyah', 'egypt'),
       (1053, 'Muhafazat al Fayyum', 64, 'muhafazat-al-fayyum', 'egypt'),
       (1054, 'Muhafazat al Gharbiyah', 64, 'muhafazat-al-gharbiyah', 'egypt'),
       (1055, 'Muhafazat al Iskandariyah', 64, 'muhafazat-al-iskandariyah', 'egypt'),
       (1056, 'Muhafazat al Qahirah', 64, 'muhafazat-al-qahirah', 'egypt'),
       (1057, 'Qina', 64, 'qina', 'egypt'),
       (1058, 'Sawhaj', 64, 'sawhaj', 'egypt'),
       (1059, 'Sina al-Janubiyah', 64, 'sina-al-janubiyah', 'egypt'),
       (1060, 'Sina ash-Shamaliyah', 64, 'sina-ash-shamaliyah', 'egypt'),
       (1061, 'ad-Daqahliyah', 64, 'ad-daqahliyah', 'egypt'),
       (1062, 'al-Bahr-al-Ahmar', 64, 'al-bahr-al-ahmar', 'egypt'),
       (1063, 'al-Buhayrah', 64, 'al-buhayrah', 'egypt'),
       (1064, 'al-Fayyum', 64, 'al-fayyum', 'egypt'),
       (1065, 'al-Gharbiyah', 64, 'al-gharbiyah', 'egypt'),
       (1066, 'al-Iskandariyah', 64, 'al-iskandariyah', 'egypt'),
       (1067, 'al-Ismailiyah', 64, 'al-ismailiyah', 'egypt'),
       (1068, 'al-Jizah', 64, 'al-jizah', 'egypt'),
       (1069, 'al-Minufiyah', 64, 'al-minufiyah', 'egypt'),
       (1070, 'al-Minya', 64, 'al-minya', 'egypt'),
       (1071, 'al-Qahira', 64, 'al-qahira', 'egypt'),
       (1072, 'al-Qalyubiyah', 64, 'al-qalyubiyah', 'egypt'),
       (1073, 'al-Uqsur', 64, 'al-uqsur', 'egypt'),
       (1074, 'al-Wadi al-Jadid', 64, 'al-wadi-al-jadid', 'egypt'),
       (1075, 'as-Suways', 64, 'as-suways', 'egypt'),
       (1076, 'ash-Sharqiyah', 64, 'ash-sharqiyah', 'egypt'),
       (1077, 'Ahuachapan', 65, 'ahuachapan', 'el-salvador'),
       (1078, 'Cabanas', 65, 'cabanas', 'el-salvador'),
       (1079, 'Chalatenango', 65, 'chalatenango', 'el-salvador'),
       (1080, 'Cuscatlan', 65, 'cuscatlan', 'el-salvador'),
       (1081, 'La Libertad', 65, 'la-libertad', 'el-salvador'),
       (1082, 'La Paz', 65, 'la-paz', 'el-salvador'),
       (1083, 'La Union', 65, 'la-union', 'el-salvador'),
       (1084, 'Morazan', 65, 'morazan', 'el-salvador'),
       (1085, 'San Miguel', 65, 'san-miguel', 'el-salvador'),
       (1086, 'San Salvador', 65, 'san-salvador', 'el-salvador'),
       (1087, 'San Vicente', 65, 'san-vicente', 'el-salvador'),
       (1088, 'Santa Ana', 65, 'santa-ana', 'el-salvador'),
       (1089, 'Sonsonate', 65, 'sonsonate', 'el-salvador'),
       (1090, 'Usulutan', 65, 'usulutan', 'el-salvador'),
       (1091, 'Annobon', 66, 'annobon', 'equatorial-guinea'),
       (1092, 'Bioko Norte', 66, 'bioko-norte', 'equatorial-guinea'),
       (1093, 'Bioko Sur', 66, 'bioko-sur', 'equatorial-guinea'),
       (1094, 'Centro Sur', 66, 'centro-sur', 'equatorial-guinea'),
       (1095, 'Kie-Ntem', 66, 'kie-ntem', 'equatorial-guinea'),
       (1096, 'Litoral', 66, 'litoral', 'equatorial-guinea'),
       (1097, 'Wele-Nzas', 66, 'wele-nzas', 'equatorial-guinea'),
       (1098, 'Anseba', 67, 'anseba', 'eritrea'),
       (1099, 'Debub', 67, 'debub', 'eritrea'),
       (1100, 'Debub-Keih-Bahri', 67, 'debub-keih-bahri', 'eritrea'),
       (1101, 'Gash-Barka', 67, 'gash-barka', 'eritrea'),
       (1102, 'Maekel', 67, 'maekel', 'eritrea'),
       (1103, 'Semien-Keih-Bahri', 67, 'semien-keih-bahri', 'eritrea'),
       (1104, 'Harju', 68, 'harju', 'estonia'),
       (1105, 'Hiiu', 68, 'hiiu', 'estonia'),
       (1106, 'Ida-Viru', 68, 'ida-viru', 'estonia'),
       (1107, 'Jarva', 68, 'jarva', 'estonia'),
       (1108, 'Jogeva', 68, 'jogeva', 'estonia'),
       (1109, 'Laane', 68, 'laane', 'estonia'),
       (1110, 'Laane-Viru', 68, 'laane-viru', 'estonia'),
       (1111, 'Parnu', 68, 'parnu', 'estonia'),
       (1112, 'Polva', 68, 'polva', 'estonia'),
       (1113, 'Rapla', 68, 'rapla', 'estonia'),
       (1114, 'Saare', 68, 'saare', 'estonia'),
       (1115, 'Tartu', 68, 'tartu', 'estonia'),
       (1116, 'Valga', 68, 'valga', 'estonia'),
       (1117, 'Viljandi', 68, 'viljandi', 'estonia'),
       (1118, 'Voru', 68, 'voru', 'estonia'),
       (1119, 'Addis Abeba', 69, 'addis-abeba', 'ethiopia'),
       (1120, 'Afar', 69, 'afar', 'ethiopia'),
       (1121, 'Amhara', 69, 'amhara', 'ethiopia'),
       (1122, 'Benishangul', 69, 'benishangul', 'ethiopia'),
       (1123, 'Diredawa', 69, 'diredawa', 'ethiopia'),
       (1124, 'Gambella', 69, 'gambella', 'ethiopia'),
       (1125, 'Harar', 69, 'harar', 'ethiopia'),
       (1126, 'Jigjiga', 69, 'jigjiga', 'ethiopia'),
       (1127, 'Mekele', 69, 'mekele', 'ethiopia'),
       (1128, 'Oromia', 69, 'oromia', 'ethiopia'),
       (1129, 'Somali', 69, 'somali', 'ethiopia'),
       (1130, 'Southern', 69, 'southern', 'ethiopia'),
       (1131, 'Tigray', 69, 'tigray', 'ethiopia'),
       (1132, 'Christmas Island', 70, 'christmas-island', 'external-territories-of-australia'),
       (1133, 'Cocos Islands', 70, 'cocos-islands', 'external-territories-of-australia'),
       (1134, 'Coral Sea Islands', 70, 'coral-sea-islands', 'external-territories-of-australia'),
       (1135, 'Falkland Islands', 71, 'falkland-islands', 'falkland-islands'),
       (1136, 'South Georgia', 71, 'south-georgia', 'falkland-islands'),
       (1137, 'Klaksvik', 72, 'klaksvik', 'faroe-islands'),
       (1138, 'Nor ara Eysturoy', 72, 'nor-ara-eysturoy', 'faroe-islands'),
       (1139, 'Nor oy', 72, 'nor-oy', 'faroe-islands'),
       (1140, 'Sandoy', 72, 'sandoy', 'faroe-islands'),
       (1141, 'Streymoy', 72, 'streymoy', 'faroe-islands'),
       (1142, 'Su uroy', 72, 'su-uroy', 'faroe-islands'),
       (1143, 'Sy ra Eysturoy', 72, 'sy-ra-eysturoy', 'faroe-islands'),
       (1144, 'Torshavn', 72, 'torshavn', 'faroe-islands'),
       (1145, 'Vaga', 72, 'vaga', 'faroe-islands'),
       (1146, 'Central', 73, 'central', 'fiji-islands'),
       (1147, 'Eastern', 73, 'eastern', 'fiji-islands'),
       (1148, 'Northern', 73, 'northern', 'fiji-islands'),
       (1149, 'South Pacific', 73, 'south-pacific', 'fiji-islands'),
       (1150, 'Western', 73, 'western', 'fiji-islands'),
       (1151, 'Ahvenanmaa', 74, 'ahvenanmaa', 'finland'),
       (1152, 'Etela-Karjala', 74, 'etela-karjala', 'finland'),
       (1153, 'Etela-Pohjanmaa', 74, 'etela-pohjanmaa', 'finland'),
       (1154, 'Etela-Savo', 74, 'etela-savo', 'finland'),
       (1155, 'Etela-Suomen Laani', 74, 'etela-suomen-laani', 'finland'),
       (1156, 'Ita-Suomen Laani', 74, 'ita-suomen-laani', 'finland'),
       (1157, 'Ita-Uusimaa', 74, 'ita-uusimaa', 'finland'),
       (1158, 'Kainuu', 74, 'kainuu', 'finland'),
       (1159, 'Kanta-Hame', 74, 'kanta-hame', 'finland'),
       (1160, 'Keski-Pohjanmaa', 74, 'keski-pohjanmaa', 'finland'),
       (1161, 'Keski-Suomi', 74, 'keski-suomi', 'finland'),
       (1162, 'Kymenlaakso', 74, 'kymenlaakso', 'finland'),
       (1163, 'Lansi-Suomen Laani', 74, 'lansi-suomen-laani', 'finland'),
       (1164, 'Lappi', 74, 'lappi', 'finland'),
       (1165, 'Northern Savonia', 74, 'northern-savonia', 'finland'),
       (1166, 'Ostrobothnia', 74, 'ostrobothnia', 'finland'),
       (1167, 'Oulun Laani', 74, 'oulun-laani', 'finland'),
       (1168, 'Paijat-Hame', 74, 'paijat-hame', 'finland'),
       (1169, 'Pirkanmaa', 74, 'pirkanmaa', 'finland'),
       (1170, 'Pohjanmaa', 74, 'pohjanmaa', 'finland'),
       (1171, 'Pohjois-Karjala', 74, 'pohjois-karjala', 'finland'),
       (1172, 'Pohjois-Pohjanmaa', 74, 'pohjois-pohjanmaa', 'finland'),
       (1173, 'Pohjois-Savo', 74, 'pohjois-savo', 'finland'),
       (1174, 'Saarijarvi', 74, 'saarijarvi', 'finland'),
       (1175, 'Satakunta', 74, 'satakunta', 'finland'),
       (1176, 'Southern Savonia', 74, 'southern-savonia', 'finland'),
       (1177, 'Tavastia Proper', 74, 'tavastia-proper', 'finland'),
       (1178, 'Uleaborgs Lan', 74, 'uleaborgs-lan', 'finland'),
       (1179, 'Uusimaa', 74, 'uusimaa', 'finland'),
       (1180, 'Varsinais-Suomi', 74, 'varsinais-suomi', 'finland'),
       (1181, 'Ain', 75, 'ain', 'france'),
       (1182, 'Aisne', 75, 'aisne', 'france'),
       (1183, 'Albi Le Sequestre', 75, 'albi-le-sequestre', 'france'),
       (1184, 'Allier', 75, 'allier', 'france'),
       (1185, 'Alpes-Cote dAzur', 75, 'alpes-cote-dazur', 'france'),
       (1186, 'Alpes-Maritimes', 75, 'alpes-maritimes', 'france'),
       (1187, 'Alpes-de-Haute-Provence', 75, 'alpes-de-haute-provence', 'france'),
       (1188, 'Alsace', 75, 'alsace', 'france'),
       (1189, 'Aquitaine', 75, 'aquitaine', 'france'),
       (1190, 'Ardeche', 75, 'ardeche', 'france'),
       (1191, 'Ardennes', 75, 'ardennes', 'france'),
       (1192, 'Ariege', 75, 'ariege', 'france'),
       (1193, 'Aube', 75, 'aube', 'france'),
       (1194, 'Aude', 75, 'aude', 'france'),
       (1195, 'Auvergne', 75, 'auvergne', 'france'),
       (1196, 'Aveyron', 75, 'aveyron', 'france'),
       (1197, 'Bas-Rhin', 75, 'bas-rhin', 'france'),
       (1198, 'Basse-Normandie', 75, 'basse-normandie', 'france'),
       (1199, 'Bouches-du-Rhone', 75, 'bouches-du-rhone', 'france'),
       (1200, 'Bourgogne', 75, 'bourgogne', 'france'),
       (1201, 'Bretagne', 75, 'bretagne', 'france'),
       (1202, 'Brittany', 75, 'brittany', 'france'),
       (1203, 'Burgundy', 75, 'burgundy', 'france'),
       (1204, 'Calvados', 75, 'calvados', 'france'),
       (1205, 'Cantal', 75, 'cantal', 'france'),
       (1206, 'Cedex', 75, 'cedex', 'france'),
       (1207, 'Centre', 75, 'centre', 'france'),
       (1208, 'Charente', 75, 'charente', 'france'),
       (1209, 'Charente-Maritime', 75, 'charente-maritime', 'france'),
       (1210, 'Cher', 75, 'cher', 'france'),
       (1211, 'Correze', 75, 'correze', 'france'),
       (1212, 'Corse-du-Sud', 75, 'corse-du-sud', 'france'),
       (1213, 'Cote-d\'Or', 75, 'cote-dor', 'france'),
       (1214, 'Cotes-d\'Armor', 75, 'cotes-darmor', 'france'),
       (1215, 'Creuse', 75, 'creuse', 'france'),
       (1216, 'Crolles', 75, 'crolles', 'france'),
       (1217, 'Deux-Sevres', 75, 'deux-sevres', 'france'),
       (1218, 'Dordogne', 75, 'dordogne', 'france'),
       (1219, 'Doubs', 75, 'doubs', 'france'),
       (1220, 'Drome', 75, 'drome', 'france'),
       (1221, 'Essonne', 75, 'essonne', 'france'),
       (1222, 'Eure', 75, 'eure', 'france'),
       (1223, 'Eure-et-Loir', 75, 'eure-et-loir', 'france'),
       (1224, 'Feucherolles', 75, 'feucherolles', 'france'),
       (1225, 'Finistere', 75, 'finistere', 'france'),
       (1226, 'Franche-Comte', 75, 'franche-comte', 'france'),
       (1227, 'Gard', 75, 'gard', 'france'),
       (1228, 'Gers', 75, 'gers', 'france'),
       (1229, 'Gironde', 75, 'gironde', 'france'),
       (1230, 'Haut-Rhin', 75, 'haut-rhin', 'france'),
       (1231, 'Haute-Corse', 75, 'haute-corse', 'france'),
       (1232, 'Haute-Garonne', 75, 'haute-garonne', 'france'),
       (1233, 'Haute-Loire', 75, 'haute-loire', 'france'),
       (1234, 'Haute-Marne', 75, 'haute-marne', 'france'),
       (1235, 'Haute-Saone', 75, 'haute-saone', 'france'),
       (1236, 'Haute-Savoie', 75, 'haute-savoie', 'france'),
       (1237, 'Haute-Vienne', 75, 'haute-vienne', 'france'),
       (1238, 'Hautes-Alpes', 75, 'hautes-alpes', 'france'),
       (1239, 'Hautes-Pyrenees', 75, 'hautes-pyrenees', 'france'),
       (1240, 'Hauts-de-Seine', 75, 'hauts-de-seine', 'france'),
       (1241, 'Herault', 75, 'herault', 'france'),
       (1242, 'Ile-de-France', 75, 'ile-de-france', 'france'),
       (1243, 'Ille-et-Vilaine', 75, 'ille-et-vilaine', 'france'),
       (1244, 'Indre', 75, 'indre', 'france'),
       (1245, 'Indre-et-Loire', 75, 'indre-et-loire', 'france'),
       (1246, 'Isere', 75, 'isere', 'france'),
       (1247, 'Jura', 75, 'jura', 'france'),
       (1248, 'Klagenfurt', 75, 'klagenfurt', 'france'),
       (1249, 'Landes', 75, 'landes', 'france'),
       (1250, 'Languedoc-Roussillon', 75, 'languedoc-roussillon', 'france'),
       (1251, 'Larcay', 75, 'larcay', 'france'),
       (1252, 'Le Castellet', 75, 'le-castellet', 'france'),
       (1253, 'Le Creusot', 75, 'le-creusot', 'france'),
       (1254, 'Limousin', 75, 'limousin', 'france'),
       (1255, 'Loir-et-Cher', 75, 'loir-et-cher', 'france'),
       (1256, 'Loire', 75, 'loire', 'france'),
       (1257, 'Loire-Atlantique', 75, 'loire-atlantique', 'france'),
       (1258, 'Loiret', 75, 'loiret', 'france'),
       (1259, 'Lorraine', 75, 'lorraine', 'france'),
       (1260, 'Lot', 75, 'lot', 'france'),
       (1261, 'Lot-et-Garonne', 75, 'lot-et-garonne', 'france'),
       (1262, 'Lower Normandy', 75, 'lower-normandy', 'france'),
       (1263, 'Lozere', 75, 'lozere', 'france'),
       (1264, 'Maine-et-Loire', 75, 'maine-et-loire', 'france'),
       (1265, 'Manche', 75, 'manche', 'france'),
       (1266, 'Marne', 75, 'marne', 'france'),
       (1267, 'Mayenne', 75, 'mayenne', 'france'),
       (1268, 'Meurthe-et-Moselle', 75, 'meurthe-et-moselle', 'france'),
       (1269, 'Meuse', 75, 'meuse', 'france'),
       (1270, 'Midi-Pyrenees', 75, 'midi-pyrenees', 'france'),
       (1271, 'Morbihan', 75, 'morbihan', 'france'),
       (1272, 'Moselle', 75, 'moselle', 'france'),
       (1273, 'Nievre', 75, 'nievre', 'france'),
       (1274, 'Nord', 75, 'nord', 'france'),
       (1275, 'Nord-Pas-de-Calais', 75, 'nord-pas-de-calais', 'france'),
       (1276, 'Oise', 75, 'oise', 'france'),
       (1277, 'Orne', 75, 'orne', 'france'),
       (1278, 'Paris', 75, 'paris', 'france'),
       (1279, 'Pas-de-Calais', 75, 'pas-de-calais', 'france'),
       (1280, 'Pays de la Loire', 75, 'pays-de-la-loire', 'france'),
       (1281, 'Pays-de-la-Loire', 75, 'pays-de-la-loire', 'france'),
       (1282, 'Picardy', 75, 'picardy', 'france'),
       (1283, 'Puy-de-Dome', 75, 'puy-de-dome', 'france'),
       (1284, 'Pyrenees-Atlantiques', 75, 'pyrenees-atlantiques', 'france'),
       (1285, 'Pyrenees-Orientales', 75, 'pyrenees-orientales', 'france'),
       (1286, 'Quelmes', 75, 'quelmes', 'france'),
       (1287, 'Rhone', 75, 'rhone', 'france'),
       (1288, 'Rhone-Alpes', 75, 'rhone-alpes', 'france'),
       (1289, 'Saint Ouen', 75, 'saint-ouen', 'france'),
       (1290, 'Saint Viatre', 75, 'saint-viatre', 'france'),
       (1291, 'Saone-et-Loire', 75, 'saone-et-loire', 'france'),
       (1292, 'Sarthe', 75, 'sarthe', 'france'),
       (1293, 'Savoie', 75, 'savoie', 'france'),
       (1294, 'Seine-Maritime', 75, 'seine-maritime', 'france'),
       (1295, 'Seine-Saint-Denis', 75, 'seine-saint-denis', 'france'),
       (1296, 'Seine-et-Marne', 75, 'seine-et-marne', 'france'),
       (1297, 'Somme', 75, 'somme', 'france'),
       (1298, 'Sophia Antipolis', 75, 'sophia-antipolis', 'france'),
       (1299, 'Souvans', 75, 'souvans', 'france'),
       (1300, 'Tarn', 75, 'tarn', 'france'),
       (1301, 'Tarn-et-Garonne', 75, 'tarn-et-garonne', 'france'),
       (1302, 'Territoire de Belfort', 75, 'territoire-de-belfort', 'france'),
       (1303, 'Treignac', 75, 'treignac', 'france'),
       (1304, 'Upper Normandy', 75, 'upper-normandy', 'france'),
       (1305, 'Val-d\'Oise', 75, 'val-doise', 'france'),
       (1306, 'Val-de-Marne', 75, 'val-de-marne', 'france'),
       (1307, 'Var', 75, 'var', 'france'),
       (1308, 'Vaucluse', 75, 'vaucluse', 'france'),
       (1309, 'Vellise', 75, 'vellise', 'france'),
       (1310, 'Vendee', 75, 'vendee', 'france'),
       (1311, 'Vienne', 75, 'vienne', 'france'),
       (1312, 'Vosges', 75, 'vosges', 'france'),
       (1313, 'Yonne', 75, 'yonne', 'france'),
       (1314, 'Yvelines', 75, 'yvelines', 'france'),
       (1315, 'Cayenne', 76, 'cayenne', 'french-guiana'),
       (1316, 'Saint-Laurent-du-Maroni', 76, 'saint-laurent-du-maroni', 'french-guiana'),
       (1317, 'Iles du Vent', 77, 'iles-du-vent', 'french-polynesia'),
       (1318, 'Iles sous le Vent', 77, 'iles-sous-le-vent', 'french-polynesia'),
       (1319, 'Marquesas', 77, 'marquesas', 'french-polynesia'),
       (1320, 'Tuamotu', 77, 'tuamotu', 'french-polynesia'),
       (1321, 'Tubuai', 77, 'tubuai', 'french-polynesia'),
       (1322, 'Amsterdam', 78, 'amsterdam', 'french-southern-territories'),
       (1323, 'Crozet Islands', 78, 'crozet-islands', 'french-southern-territories'),
       (1324, 'Kerguelen', 78, 'kerguelen', 'french-southern-territories'),
       (1325, 'Estuaire', 79, 'estuaire', 'gabon'),
       (1326, 'Haut-Ogooue', 79, 'haut-ogooue', 'gabon'),
       (1327, 'Moyen-Ogooue', 79, 'moyen-ogooue', 'gabon'),
       (1328, 'Ngounie', 79, 'ngounie', 'gabon'),
       (1329, 'Nyanga', 79, 'nyanga', 'gabon'),
       (1330, 'Ogooue-Ivindo', 79, 'ogooue-ivindo', 'gabon'),
       (1331, 'Ogooue-Lolo', 79, 'ogooue-lolo', 'gabon'),
       (1332, 'Ogooue-Maritime', 79, 'ogooue-maritime', 'gabon'),
       (1333, 'Woleu-Ntem', 79, 'woleu-ntem', 'gabon'),
       (1334, 'Banjul', 80, 'banjul', 'gambia-the'),
       (1335, 'Basse', 80, 'basse', 'gambia-the'),
       (1336, 'Brikama', 80, 'brikama', 'gambia-the'),
       (1337, 'Janjanbureh', 80, 'janjanbureh', 'gambia-the'),
       (1338, 'Kanifing', 80, 'kanifing', 'gambia-the'),
       (1339, 'Kerewan', 80, 'kerewan', 'gambia-the'),
       (1340, 'Kuntaur', 80, 'kuntaur', 'gambia-the'),
       (1341, 'Mansakonko', 80, 'mansakonko', 'gambia-the'),
       (1342, 'Abhasia', 81, 'abhasia', 'georgia'),
       (1343, 'Ajaria', 81, 'ajaria', 'georgia'),
       (1344, 'Guria', 81, 'guria', 'georgia'),
       (1345, 'Imereti', 81, 'imereti', 'georgia'),
       (1346, 'Kaheti', 81, 'kaheti', 'georgia'),
       (1347, 'Kvemo Kartli', 81, 'kvemo-kartli', 'georgia'),
       (1348, 'Mcheta-Mtianeti', 81, 'mcheta-mtianeti', 'georgia'),
       (1349, 'Racha', 81, 'racha', 'georgia'),
       (1350, 'Samagrelo-Zemo Svaneti', 81, 'samagrelo-zemo-svaneti', 'georgia'),
       (1351, 'Samche-Zhavaheti', 81, 'samche-zhavaheti', 'georgia'),
       (1352, 'Shida Kartli', 81, 'shida-kartli', 'georgia'),
       (1353, 'Tbilisi', 81, 'tbilisi', 'georgia'),
       (1354, 'Auvergne', 82, 'auvergne', 'germany'),
       (1355, 'Baden-Wurttemberg', 82, 'baden-wurttemberg', 'germany'),
       (1356, 'Bavaria', 82, 'bavaria', 'germany'),
       (1357, 'Bayern', 82, 'bayern', 'germany'),
       (1358, 'Beilstein Wurtt', 82, 'beilstein-wurtt', 'germany'),
       (1359, 'Berlin', 82, 'berlin', 'germany'),
       (1360, 'Brandenburg', 82, 'brandenburg', 'germany'),
       (1361, 'Bremen', 82, 'bremen', 'germany'),
       (1362, 'Dreisbach', 82, 'dreisbach', 'germany'),
       (1363, 'Freistaat Bayern', 82, 'freistaat-bayern', 'germany'),
       (1364, 'Hamburg', 82, 'hamburg', 'germany'),
       (1365, 'Hannover', 82, 'hannover', 'germany'),
       (1366, 'Heroldstatt', 82, 'heroldstatt', 'germany'),
       (1367, 'Hessen', 82, 'hessen', 'germany'),
       (1368, 'Kortenberg', 82, 'kortenberg', 'germany'),
       (1369, 'Laasdorf', 82, 'laasdorf', 'germany'),
       (1370, 'Land Baden-Wurttemberg', 82, 'land-baden-wurttemberg', 'germany'),
       (1371, 'Land Bayern', 82, 'land-bayern', 'germany'),
       (1372, 'Land Brandenburg', 82, 'land-brandenburg', 'germany'),
       (1373, 'Land Hessen', 82, 'land-hessen', 'germany'),
       (1374, 'Land Mecklenburg-Vorpommern', 82, 'land-mecklenburg-vorpommern', 'germany'),
       (1375, 'Land Nordrhein-Westfalen', 82, 'land-nordrhein-westfalen', 'germany'),
       (1376, 'Land Rheinland-Pfalz', 82, 'land-rheinland-pfalz', 'germany'),
       (1377, 'Land Sachsen', 82, 'land-sachsen', 'germany'),
       (1378, 'Land Sachsen-Anhalt', 82, 'land-sachsen-anhalt', 'germany'),
       (1379, 'Land Thuringen', 82, 'land-thuringen', 'germany'),
       (1380, 'Lower Saxony', 82, 'lower-saxony', 'germany'),
       (1381, 'Mecklenburg-Vorpommern', 82, 'mecklenburg-vorpommern', 'germany'),
       (1382, 'Mulfingen', 82, 'mulfingen', 'germany'),
       (1383, 'Munich', 82, 'munich', 'germany'),
       (1384, 'Neubeuern', 82, 'neubeuern', 'germany'),
       (1385, 'Niedersachsen', 82, 'niedersachsen', 'germany'),
       (1386, 'Noord-Holland', 82, 'noord-holland', 'germany'),
       (1387, 'Nordrhein-Westfalen', 82, 'nordrhein-westfalen', 'germany'),
       (1388, 'North Rhine-Westphalia', 82, 'north-rhine-westphalia', 'germany'),
       (1389, 'Osterode', 82, 'osterode', 'germany'),
       (1390, 'Rheinland-Pfalz', 82, 'rheinland-pfalz', 'germany'),
       (1391, 'Rhineland-Palatinate', 82, 'rhineland-palatinate', 'germany'),
       (1392, 'Saarland', 82, 'saarland', 'germany'),
       (1393, 'Sachsen', 82, 'sachsen', 'germany'),
       (1394, 'Sachsen-Anhalt', 82, 'sachsen-anhalt', 'germany'),
       (1395, 'Saxony', 82, 'saxony', 'germany'),
       (1396, 'Schleswig-Holstein', 82, 'schleswig-holstein', 'germany'),
       (1397, 'Thuringia', 82, 'thuringia', 'germany'),
       (1398, 'Webling', 82, 'webling', 'germany'),
       (1399, 'Weinstrabe', 82, 'weinstrabe', 'germany'),
       (1400, 'schlobborn', 82, 'schlobborn', 'germany'),
       (1401, 'Ashanti', 83, 'ashanti', 'ghana'),
       (1402, 'Brong-Ahafo', 83, 'brong-ahafo', 'ghana'),
       (1403, 'Central', 83, 'central', 'ghana'),
       (1404, 'Eastern', 83, 'eastern', 'ghana'),
       (1405, 'Greater Accra', 83, 'greater-accra', 'ghana'),
       (1406, 'Northern', 83, 'northern', 'ghana'),
       (1407, 'Upper East', 83, 'upper-east', 'ghana'),
       (1408, 'Upper West', 83, 'upper-west', 'ghana'),
       (1409, 'Volta', 83, 'volta', 'ghana'),
       (1410, 'Western', 83, 'western', 'ghana'),
       (1411, 'Gibraltar', 84, 'gibraltar', 'gibraltar'),
       (1412, 'Acharnes', 85, 'acharnes', 'greece'),
       (1413, 'Ahaia', 85, 'ahaia', 'greece'),
       (1414, 'Aitolia kai Akarnania', 85, 'aitolia-kai-akarnania', 'greece'),
       (1415, 'Argolis', 85, 'argolis', 'greece'),
       (1416, 'Arkadia', 85, 'arkadia', 'greece'),
       (1417, 'Arta', 85, 'arta', 'greece'),
       (1418, 'Attica', 85, 'attica', 'greece'),
       (1419, 'Attiki', 85, 'attiki', 'greece'),
       (1420, 'Ayion Oros', 85, 'ayion-oros', 'greece'),
       (1421, 'Crete', 85, 'crete', 'greece'),
       (1422, 'Dodekanisos', 85, 'dodekanisos', 'greece'),
       (1423, 'Drama', 85, 'drama', 'greece'),
       (1424, 'Evia', 85, 'evia', 'greece'),
       (1425, 'Evritania', 85, 'evritania', 'greece'),
       (1426, 'Evros', 85, 'evros', 'greece'),
       (1427, 'Evvoia', 85, 'evvoia', 'greece'),
       (1428, 'Florina', 85, 'florina', 'greece'),
       (1429, 'Fokis', 85, 'fokis', 'greece'),
       (1430, 'Fthiotis', 85, 'fthiotis', 'greece'),
       (1431, 'Grevena', 85, 'grevena', 'greece'),
       (1432, 'Halandri', 85, 'halandri', 'greece'),
       (1433, 'Halkidiki', 85, 'halkidiki', 'greece'),
       (1434, 'Hania', 85, 'hania', 'greece'),
       (1435, 'Heraklion', 85, 'heraklion', 'greece'),
       (1436, 'Hios', 85, 'hios', 'greece'),
       (1437, 'Ilia', 85, 'ilia', 'greece'),
       (1438, 'Imathia', 85, 'imathia', 'greece'),
       (1439, 'Ioannina', 85, 'ioannina', 'greece'),
       (1440, 'Iraklion', 85, 'iraklion', 'greece'),
       (1441, 'Karditsa', 85, 'karditsa', 'greece'),
       (1442, 'Kastoria', 85, 'kastoria', 'greece'),
       (1443, 'Kavala', 85, 'kavala', 'greece'),
       (1444, 'Kefallinia', 85, 'kefallinia', 'greece'),
       (1445, 'Kerkira', 85, 'kerkira', 'greece'),
       (1446, 'Kiklades', 85, 'kiklades', 'greece'),
       (1447, 'Kilkis', 85, 'kilkis', 'greece'),
       (1448, 'Korinthia', 85, 'korinthia', 'greece'),
       (1449, 'Kozani', 85, 'kozani', 'greece'),
       (1450, 'Lakonia', 85, 'lakonia', 'greece'),
       (1451, 'Larisa', 85, 'larisa', 'greece'),
       (1452, 'Lasithi', 85, 'lasithi', 'greece'),
       (1453, 'Lesvos', 85, 'lesvos', 'greece'),
       (1454, 'Levkas', 85, 'levkas', 'greece'),
       (1455, 'Magnisia', 85, 'magnisia', 'greece'),
       (1456, 'Messinia', 85, 'messinia', 'greece'),
       (1457, 'Nomos Attikis', 85, 'nomos-attikis', 'greece'),
       (1458, 'Nomos Zakynthou', 85, 'nomos-zakynthou', 'greece'),
       (1459, 'Pella', 85, 'pella', 'greece'),
       (1460, 'Pieria', 85, 'pieria', 'greece'),
       (1461, 'Piraios', 85, 'piraios', 'greece'),
       (1462, 'Preveza', 85, 'preveza', 'greece'),
       (1463, 'Rethimni', 85, 'rethimni', 'greece'),
       (1464, 'Rodopi', 85, 'rodopi', 'greece'),
       (1465, 'Samos', 85, 'samos', 'greece'),
       (1466, 'Serrai', 85, 'serrai', 'greece'),
       (1467, 'Thesprotia', 85, 'thesprotia', 'greece'),
       (1468, 'Thessaloniki', 85, 'thessaloniki', 'greece'),
       (1469, 'Trikala', 85, 'trikala', 'greece'),
       (1470, 'Voiotia', 85, 'voiotia', 'greece'),
       (1471, 'West Greece', 85, 'west-greece', 'greece'),
       (1472, 'Xanthi', 85, 'xanthi', 'greece'),
       (1473, 'Zakinthos', 85, 'zakinthos', 'greece'),
       (1474, 'Aasiaat', 86, 'aasiaat', 'greenland'),
       (1475, 'Ammassalik', 86, 'ammassalik', 'greenland'),
       (1476, 'Illoqqortoormiut', 86, 'illoqqortoormiut', 'greenland'),
       (1477, 'Ilulissat', 86, 'ilulissat', 'greenland'),
       (1478, 'Ivittuut', 86, 'ivittuut', 'greenland'),
       (1479, 'Kangaatsiaq', 86, 'kangaatsiaq', 'greenland'),
       (1480, 'Maniitsoq', 86, 'maniitsoq', 'greenland'),
       (1481, 'Nanortalik', 86, 'nanortalik', 'greenland'),
       (1482, 'Narsaq', 86, 'narsaq', 'greenland'),
       (1483, 'Nuuk', 86, 'nuuk', 'greenland'),
       (1484, 'Paamiut', 86, 'paamiut', 'greenland'),
       (1485, 'Qaanaaq', 86, 'qaanaaq', 'greenland'),
       (1486, 'Qaqortoq', 86, 'qaqortoq', 'greenland'),
       (1487, 'Qasigiannguit', 86, 'qasigiannguit', 'greenland'),
       (1488, 'Qeqertarsuaq', 86, 'qeqertarsuaq', 'greenland'),
       (1489, 'Sisimiut', 86, 'sisimiut', 'greenland'),
       (1490, 'Udenfor kommunal inddeling', 86, 'udenfor-kommunal-inddeling', 'greenland'),
       (1491, 'Upernavik', 86, 'upernavik', 'greenland'),
       (1492, 'Uummannaq', 86, 'uummannaq', 'greenland'),
       (1493, 'Carriacou-Petite Martinique', 87, 'carriacou-petite-martinique', 'grenada'),
       (1494, 'Saint Andrew', 87, 'saint-andrew', 'grenada'),
       (1495, 'Saint Davids', 87, 'saint-davids', 'grenada'),
       (1496, 'Saint George\'s', 87, 'saint-georges', 'grenada'),
       (1497, 'Saint John', 87, 'saint-john', 'grenada'),
       (1498, 'Saint Mark', 87, 'saint-mark', 'grenada'),
       (1499, 'Saint Patrick', 87, 'saint-patrick', 'grenada'),
       (1500, 'Basse-Terre', 88, 'basse-terre', 'guadeloupe'),
       (1501, 'Grande-Terre', 88, 'grande-terre', 'guadeloupe'),
       (1502, 'Iles des Saintes', 88, 'iles-des-saintes', 'guadeloupe'),
       (1503, 'La Desirade', 88, 'la-desirade', 'guadeloupe'),
       (1504, 'Marie-Galante', 88, 'marie-galante', 'guadeloupe'),
       (1505, 'Saint Barthelemy', 88, 'saint-barthelemy', 'guadeloupe'),
       (1506, 'Saint Martin', 88, 'saint-martin', 'guadeloupe'),
       (1507, 'Agana Heights', 89, 'agana-heights', 'guam'),
       (1508, 'Agat', 89, 'agat', 'guam'),
       (1509, 'Barrigada', 89, 'barrigada', 'guam'),
       (1510, 'Chalan-Pago-Ordot', 89, 'chalan-pago-ordot', 'guam'),
       (1511, 'Dededo', 89, 'dededo', 'guam'),
       (1512, 'Hagatna', 89, 'hagatna', 'guam'),
       (1513, 'Inarajan', 89, 'inarajan', 'guam'),
       (1514, 'Mangilao', 89, 'mangilao', 'guam'),
       (1515, 'Merizo', 89, 'merizo', 'guam'),
       (1516, 'Mongmong-Toto-Maite', 89, 'mongmong-toto-maite', 'guam'),
       (1517, 'Santa Rita', 89, 'santa-rita', 'guam'),
       (1518, 'Sinajana', 89, 'sinajana', 'guam'),
       (1519, 'Talofofo', 89, 'talofofo', 'guam'),
       (1520, 'Tamuning', 89, 'tamuning', 'guam'),
       (1521, 'Yigo', 89, 'yigo', 'guam'),
       (1522, 'Yona', 89, 'yona', 'guam'),
       (1523, 'Alta Verapaz', 90, 'alta-verapaz', 'guatemala'),
       (1524, 'Baja Verapaz', 90, 'baja-verapaz', 'guatemala'),
       (1525, 'Chimaltenango', 90, 'chimaltenango', 'guatemala'),
       (1526, 'Chiquimula', 90, 'chiquimula', 'guatemala'),
       (1527, 'El Progreso', 90, 'el-progreso', 'guatemala'),
       (1528, 'Escuintla', 90, 'escuintla', 'guatemala'),
       (1529, 'Guatemala', 90, 'guatemala', 'guatemala'),
       (1530, 'Huehuetenango', 90, 'huehuetenango', 'guatemala'),
       (1531, 'Izabal', 90, 'izabal', 'guatemala'),
       (1532, 'Jalapa', 90, 'jalapa', 'guatemala'),
       (1533, 'Jutiapa', 90, 'jutiapa', 'guatemala'),
       (1534, 'Peten', 90, 'peten', 'guatemala'),
       (1535, 'Quezaltenango', 90, 'quezaltenango', 'guatemala'),
       (1536, 'Quiche', 90, 'quiche', 'guatemala'),
       (1537, 'Retalhuleu', 90, 'retalhuleu', 'guatemala'),
       (1538, 'Sacatepequez', 90, 'sacatepequez', 'guatemala'),
       (1539, 'San Marcos', 90, 'san-marcos', 'guatemala'),
       (1540, 'Santa Rosa', 90, 'santa-rosa', 'guatemala'),
       (1541, 'Solola', 90, 'solola', 'guatemala'),
       (1542, 'Suchitepequez', 90, 'suchitepequez', 'guatemala'),
       (1543, 'Totonicapan', 90, 'totonicapan', 'guatemala'),
       (1544, 'Zacapa', 90, 'zacapa', 'guatemala'),
       (1545, 'Alderney', 91, 'alderney', 'guernsey-and-alderney'),
       (1546, 'Castel', 91, 'castel', 'guernsey-and-alderney'),
       (1547, 'Forest', 91, 'forest', 'guernsey-and-alderney'),
       (1548, 'Saint Andrew', 91, 'saint-andrew', 'guernsey-and-alderney'),
       (1549, 'Saint Martin', 91, 'saint-martin', 'guernsey-and-alderney'),
       (1550, 'Saint Peter Port', 91, 'saint-peter-port', 'guernsey-and-alderney'),
       (1551, 'Saint Pierre du Bois', 91, 'saint-pierre-du-bois', 'guernsey-and-alderney'),
       (1552, 'Saint Sampson', 91, 'saint-sampson', 'guernsey-and-alderney'),
       (1553, 'Saint Saviour', 91, 'saint-saviour', 'guernsey-and-alderney'),
       (1554, 'Sark', 91, 'sark', 'guernsey-and-alderney'),
       (1555, 'Torteval', 91, 'torteval', 'guernsey-and-alderney'),
       (1556, 'Vale', 91, 'vale', 'guernsey-and-alderney'),
       (1557, 'Beyla', 92, 'beyla', 'guinea'),
       (1558, 'Boffa', 92, 'boffa', 'guinea'),
       (1559, 'Boke', 92, 'boke', 'guinea'),
       (1560, 'Conakry', 92, 'conakry', 'guinea'),
       (1561, 'Coyah', 92, 'coyah', 'guinea'),
       (1562, 'Dabola', 92, 'dabola', 'guinea'),
       (1563, 'Dalaba', 92, 'dalaba', 'guinea'),
       (1564, 'Dinguiraye', 92, 'dinguiraye', 'guinea'),
       (1565, 'Faranah', 92, 'faranah', 'guinea'),
       (1566, 'Forecariah', 92, 'forecariah', 'guinea'),
       (1567, 'Fria', 92, 'fria', 'guinea'),
       (1568, 'Gaoual', 92, 'gaoual', 'guinea'),
       (1569, 'Gueckedou', 92, 'gueckedou', 'guinea'),
       (1570, 'Kankan', 92, 'kankan', 'guinea'),
       (1571, 'Kerouane', 92, 'kerouane', 'guinea'),
       (1572, 'Kindia', 92, 'kindia', 'guinea'),
       (1573, 'Kissidougou', 92, 'kissidougou', 'guinea'),
       (1574, 'Koubia', 92, 'koubia', 'guinea'),
       (1575, 'Koundara', 92, 'koundara', 'guinea'),
       (1576, 'Kouroussa', 92, 'kouroussa', 'guinea'),
       (1577, 'Labe', 92, 'labe', 'guinea'),
       (1578, 'Lola', 92, 'lola', 'guinea'),
       (1579, 'Macenta', 92, 'macenta', 'guinea'),
       (1580, 'Mali', 92, 'mali', 'guinea'),
       (1581, 'Mamou', 92, 'mamou', 'guinea'),
       (1582, 'Mandiana', 92, 'mandiana', 'guinea'),
       (1583, 'Nzerekore', 92, 'nzerekore', 'guinea'),
       (1584, 'Pita', 92, 'pita', 'guinea'),
       (1585, 'Siguiri', 92, 'siguiri', 'guinea'),
       (1586, 'Telimele', 92, 'telimele', 'guinea'),
       (1587, 'Tougue', 92, 'tougue', 'guinea'),
       (1588, 'Yomou', 92, 'yomou', 'guinea'),
       (1589, 'Bafata', 93, 'bafata', 'guinea-bissau'),
       (1590, 'Bissau', 93, 'bissau', 'guinea-bissau'),
       (1591, 'Bolama', 93, 'bolama', 'guinea-bissau'),
       (1592, 'Cacheu', 93, 'cacheu', 'guinea-bissau'),
       (1593, 'Gabu', 93, 'gabu', 'guinea-bissau'),
       (1594, 'Oio', 93, 'oio', 'guinea-bissau'),
       (1595, 'Quinara', 93, 'quinara', 'guinea-bissau'),
       (1596, 'Tombali', 93, 'tombali', 'guinea-bissau'),
       (1597, 'Barima-Waini', 94, 'barima-waini', 'guyana'),
       (1598, 'Cuyuni-Mazaruni', 94, 'cuyuni-mazaruni', 'guyana'),
       (1599, 'Demerara-Mahaica', 94, 'demerara-mahaica', 'guyana'),
       (1600, 'East Berbice-Corentyne', 94, 'east-berbice-corentyne', 'guyana'),
       (1601, 'Essequibo Islands-West Demerar', 94, 'essequibo-islands-west-demerar', 'guyana'),
       (1602, 'Mahaica-Berbice', 94, 'mahaica-berbice', 'guyana'),
       (1603, 'Pomeroon-Supenaam', 94, 'pomeroon-supenaam', 'guyana'),
       (1604, 'Potaro-Siparuni', 94, 'potaro-siparuni', 'guyana'),
       (1605, 'Upper Demerara-Berbice', 94, 'upper-demerara-berbice', 'guyana'),
       (1606, 'Upper Takutu-Upper Essequibo', 94, 'upper-takutu-upper-essequibo', 'guyana'),
       (1607, 'Artibonite', 95, 'artibonite', 'haiti'),
       (1608, 'Centre', 95, 'centre', 'haiti'),
       (1609, 'Grand\'Anse', 95, 'grandanse', 'haiti'),
       (1610, 'Nord', 95, 'nord', 'haiti'),
       (1611, 'Nord-Est', 95, 'nord-est', 'haiti'),
       (1612, 'Nord-Ouest', 95, 'nord-ouest', 'haiti'),
       (1613, 'Ouest', 95, 'ouest', 'haiti'),
       (1614, 'Sud', 95, 'sud', 'haiti'),
       (1615, 'Sud-Est', 95, 'sud-est', 'haiti'),
       (1616, 'Heard and McDonald Islands', 96, 'heard-and-mcdonald-islands', 'heard-and-mcdonald-islands'),
       (1617, 'Atlantida', 97, 'atlantida', 'honduras'),
       (1618, 'Choluteca', 97, 'choluteca', 'honduras'),
       (1619, 'Colon', 97, 'colon', 'honduras'),
       (1620, 'Comayagua', 97, 'comayagua', 'honduras'),
       (1621, 'Copan', 97, 'copan', 'honduras'),
       (1622, 'Cortes', 97, 'cortes', 'honduras'),
       (1623, 'Distrito Central', 97, 'distrito-central', 'honduras'),
       (1624, 'El Paraiso', 97, 'el-paraiso', 'honduras'),
       (1625, 'Francisco Morazan', 97, 'francisco-morazan', 'honduras'),
       (1626, 'Gracias a Dios', 97, 'gracias-a-dios', 'honduras'),
       (1627, 'Intibuca', 97, 'intibuca', 'honduras'),
       (1628, 'Islas de la Bahia', 97, 'islas-de-la-bahia', 'honduras'),
       (1629, 'La Paz', 97, 'la-paz', 'honduras'),
       (1630, 'Lempira', 97, 'lempira', 'honduras'),
       (1631, 'Ocotepeque', 97, 'ocotepeque', 'honduras'),
       (1632, 'Olancho', 97, 'olancho', 'honduras'),
       (1633, 'Santa Barbara', 97, 'santa-barbara', 'honduras'),
       (1634, 'Valle', 97, 'valle', 'honduras'),
       (1635, 'Yoro', 97, 'yoro', 'honduras'),
       (1636, 'Hong Kong', 98, 'hong-kong', 'hong-kong-sar'),
       (1637, 'Bacs-Kiskun', 99, 'bacs-kiskun', 'hungary'),
       (1638, 'Baranya', 99, 'baranya', 'hungary'),
       (1639, 'Bekes', 99, 'bekes', 'hungary'),
       (1640, 'Borsod-Abauj-Zemplen', 99, 'borsod-abauj-zemplen', 'hungary'),
       (1641, 'Budapest', 99, 'budapest', 'hungary'),
       (1642, 'Csongrad', 99, 'csongrad', 'hungary'),
       (1643, 'Fejer', 99, 'fejer', 'hungary'),
       (1644, 'Gyor-Moson-Sopron', 99, 'gyor-moson-sopron', 'hungary'),
       (1645, 'Hajdu-Bihar', 99, 'hajdu-bihar', 'hungary'),
       (1646, 'Heves', 99, 'heves', 'hungary'),
       (1647, 'Jasz-Nagykun-Szolnok', 99, 'jasz-nagykun-szolnok', 'hungary'),
       (1648, 'Komarom-Esztergom', 99, 'komarom-esztergom', 'hungary'),
       (1649, 'Nograd', 99, 'nograd', 'hungary'),
       (1650, 'Pest', 99, 'pest', 'hungary'),
       (1651, 'Somogy', 99, 'somogy', 'hungary'),
       (1652, 'Szabolcs-Szatmar-Bereg', 99, 'szabolcs-szatmar-bereg', 'hungary'),
       (1653, 'Tolna', 99, 'tolna', 'hungary'),
       (1654, 'Vas', 99, 'vas', 'hungary'),
       (1655, 'Veszprem', 99, 'veszprem', 'hungary'),
       (1656, 'Zala', 99, 'zala', 'hungary'),
       (1657, 'Austurland', 100, 'austurland', 'iceland'),
       (1658, 'Gullbringusysla', 100, 'gullbringusysla', 'iceland'),
       (1659, 'Hofu borgarsva i', 100, 'hofu-borgarsva-i', 'iceland'),
       (1660, 'Nor urland eystra', 100, 'nor-urland-eystra', 'iceland'),
       (1661, 'Nor urland vestra', 100, 'nor-urland-vestra', 'iceland'),
       (1662, 'Su urland', 100, 'su-urland', 'iceland'),
       (1663, 'Su urnes', 100, 'su-urnes', 'iceland'),
       (1664, 'Vestfir ir', 100, 'vestfir-ir', 'iceland'),
       (1665, 'Vesturland', 100, 'vesturland', 'iceland'),
       (1666, 'Aceh', 102, 'aceh', 'indonesia'),
       (1667, 'Bali', 102, 'bali', 'indonesia'),
       (1668, 'Bangka-Belitung', 102, 'bangka-belitung', 'indonesia'),
       (1669, 'Banten', 102, 'banten', 'indonesia'),
       (1670, 'Bengkulu', 102, 'bengkulu', 'indonesia'),
       (1671, 'Gandaria', 102, 'gandaria', 'indonesia'),
       (1672, 'Gorontalo', 102, 'gorontalo', 'indonesia'),
       (1673, 'Jakarta', 102, 'jakarta', 'indonesia'),
       (1674, 'Jambi', 102, 'jambi', 'indonesia'),
       (1675, 'Jawa Barat', 102, 'jawa-barat', 'indonesia'),
       (1676, 'Jawa Tengah', 102, 'jawa-tengah', 'indonesia'),
       (1677, 'Jawa Timur', 102, 'jawa-timur', 'indonesia'),
       (1678, 'Kalimantan Barat', 102, 'kalimantan-barat', 'indonesia'),
       (1679, 'Kalimantan Selatan', 102, 'kalimantan-selatan', 'indonesia'),
       (1680, 'Kalimantan Tengah', 102, 'kalimantan-tengah', 'indonesia'),
       (1681, 'Kalimantan Timur', 102, 'kalimantan-timur', 'indonesia'),
       (1682, 'Kendal', 102, 'kendal', 'indonesia'),
       (1683, 'Lampung', 102, 'lampung', 'indonesia'),
       (1684, 'Maluku', 102, 'maluku', 'indonesia'),
       (1685, 'Maluku Utara', 102, 'maluku-utara', 'indonesia'),
       (1686, 'Nusa Tenggara Barat', 102, 'nusa-tenggara-barat', 'indonesia'),
       (1687, 'Nusa Tenggara Timur', 102, 'nusa-tenggara-timur', 'indonesia'),
       (1688, 'Papua', 102, 'papua', 'indonesia'),
       (1689, 'Riau', 102, 'riau', 'indonesia'),
       (1690, 'Riau Kepulauan', 102, 'riau-kepulauan', 'indonesia'),
       (1691, 'Solo', 102, 'solo', 'indonesia'),
       (1692, 'Sulawesi Selatan', 102, 'sulawesi-selatan', 'indonesia'),
       (1693, 'Sulawesi Tengah', 102, 'sulawesi-tengah', 'indonesia'),
       (1694, 'Sulawesi Tenggara', 102, 'sulawesi-tenggara', 'indonesia'),
       (1695, 'Sulawesi Utara', 102, 'sulawesi-utara', 'indonesia'),
       (1696, 'Sumatera Barat', 102, 'sumatera-barat', 'indonesia'),
       (1697, 'Sumatera Selatan', 102, 'sumatera-selatan', 'indonesia'),
       (1698, 'Sumatera Utara', 102, 'sumatera-utara', 'indonesia'),
       (1699, 'Yogyakarta', 102, 'yogyakarta', 'indonesia'),
       (1700, 'Ardabil', 103, 'ardabil', 'iran'),
       (1701, 'Azarbayjan-e Bakhtari', 103, 'azarbayjan-e-bakhtari', 'iran'),
       (1702, 'Azarbayjan-e Khavari', 103, 'azarbayjan-e-khavari', 'iran'),
       (1703, 'Bushehr', 103, 'bushehr', 'iran'),
       (1704, 'Chahar Mahal-e Bakhtiari', 103, 'chahar-mahal-e-bakhtiari', 'iran'),
       (1705, 'Esfahan', 103, 'esfahan', 'iran'),
       (1706, 'Fars', 103, 'fars', 'iran'),
       (1707, 'Gilan', 103, 'gilan', 'iran'),
       (1708, 'Golestan', 103, 'golestan', 'iran'),
       (1709, 'Hamadan', 103, 'hamadan', 'iran'),
       (1710, 'Hormozgan', 103, 'hormozgan', 'iran'),
       (1711, 'Ilam', 103, 'ilam', 'iran'),
       (1712, 'Kerman', 103, 'kerman', 'iran'),
       (1713, 'Kermanshah', 103, 'kermanshah', 'iran'),
       (1714, 'Khorasan', 103, 'khorasan', 'iran'),
       (1715, 'Khuzestan', 103, 'khuzestan', 'iran'),
       (1716, 'Kohgiluyeh-e Boyerahmad', 103, 'kohgiluyeh-e-boyerahmad', 'iran'),
       (1717, 'Kordestan', 103, 'kordestan', 'iran'),
       (1718, 'Lorestan', 103, 'lorestan', 'iran'),
       (1719, 'Markazi', 103, 'markazi', 'iran'),
       (1720, 'Mazandaran', 103, 'mazandaran', 'iran'),
       (1721, 'Ostan-e Esfahan', 103, 'ostan-e-esfahan', 'iran'),
       (1722, 'Qazvin', 103, 'qazvin', 'iran'),
       (1723, 'Qom', 103, 'qom', 'iran'),
       (1724, 'Semnan', 103, 'semnan', 'iran'),
       (1725, 'Sistan-e Baluchestan', 103, 'sistan-e-baluchestan', 'iran'),
       (1726, 'Tehran', 103, 'tehran', 'iran'),
       (1727, 'Yazd', 103, 'yazd', 'iran'),
       (1728, 'Zanjan', 103, 'zanjan', 'iran'),
       (1729, 'Babil', 104, 'babil', 'iraq'),
       (1730, 'Baghdad', 104, 'baghdad', 'iraq'),
       (1731, 'Dahuk', 104, 'dahuk', 'iraq'),
       (1732, 'Dhi Qar', 104, 'dhi-qar', 'iraq'),
       (1733, 'Diyala', 104, 'diyala', 'iraq'),
       (1734, 'Erbil', 104, 'erbil', 'iraq'),
       (1735, 'Irbil', 104, 'irbil', 'iraq'),
       (1736, 'Karbala', 104, 'karbala', 'iraq'),
       (1737, 'Kurdistan', 104, 'kurdistan', 'iraq'),
       (1738, 'Maysan', 104, 'maysan', 'iraq'),
       (1739, 'Ninawa', 104, 'ninawa', 'iraq'),
       (1740, 'Salah-ad-Din', 104, 'salah-ad-din', 'iraq'),
       (1741, 'Wasit', 104, 'wasit', 'iraq'),
       (1742, 'al-Anbar', 104, 'al-anbar', 'iraq'),
       (1743, 'al-Basrah', 104, 'al-basrah', 'iraq'),
       (1744, 'al-Muthanna', 104, 'al-muthanna', 'iraq'),
       (1745, 'al-Qadisiyah', 104, 'al-qadisiyah', 'iraq'),
       (1746, 'an-Najaf', 104, 'an-najaf', 'iraq'),
       (1747, 'as-Sulaymaniyah', 104, 'as-sulaymaniyah', 'iraq'),
       (1748, 'at-Ta\'mim', 104, 'at-tamim', 'iraq'),
       (1749, 'Armagh', 105, 'armagh', 'ireland'),
       (1750, 'Carlow', 105, 'carlow', 'ireland'),
       (1751, 'Cavan', 105, 'cavan', 'ireland'),
       (1752, 'Clare', 105, 'clare', 'ireland'),
       (1753, 'Cork', 105, 'cork', 'ireland'),
       (1754, 'Donegal', 105, 'donegal', 'ireland'),
       (1755, 'Dublin', 105, 'dublin', 'ireland'),
       (1756, 'Galway', 105, 'galway', 'ireland'),
       (1757, 'Kerry', 105, 'kerry', 'ireland'),
       (1758, 'Kildare', 105, 'kildare', 'ireland'),
       (1759, 'Kilkenny', 105, 'kilkenny', 'ireland'),
       (1760, 'Laois', 105, 'laois', 'ireland'),
       (1761, 'Leinster', 105, 'leinster', 'ireland'),
       (1762, 'Leitrim', 105, 'leitrim', 'ireland'),
       (1763, 'Limerick', 105, 'limerick', 'ireland'),
       (1764, 'Loch Garman', 105, 'loch-garman', 'ireland'),
       (1765, 'Longford', 105, 'longford', 'ireland'),
       (1766, 'Louth', 105, 'louth', 'ireland'),
       (1767, 'Mayo', 105, 'mayo', 'ireland'),
       (1768, 'Meath', 105, 'meath', 'ireland'),
       (1769, 'Monaghan', 105, 'monaghan', 'ireland'),
       (1770, 'Offaly', 105, 'offaly', 'ireland'),
       (1771, 'Roscommon', 105, 'roscommon', 'ireland'),
       (1772, 'Sligo', 105, 'sligo', 'ireland'),
       (1773, 'Tipperary North Riding', 105, 'tipperary-north-riding', 'ireland'),
       (1774, 'Tipperary South Riding', 105, 'tipperary-south-riding', 'ireland'),
       (1775, 'Ulster', 105, 'ulster', 'ireland'),
       (1776, 'Waterford', 105, 'waterford', 'ireland'),
       (1777, 'Westmeath', 105, 'westmeath', 'ireland'),
       (1778, 'Wexford', 105, 'wexford', 'ireland'),
       (1779, 'Wicklow', 105, 'wicklow', 'ireland'),
       (1780, 'Beit Hanania', 106, 'beit-hanania', 'israel'),
       (1781, 'Ben Gurion Airport', 106, 'ben-gurion-airport', 'israel'),
       (1782, 'Bethlehem', 106, 'bethlehem', 'israel'),
       (1783, 'Caesarea', 106, 'caesarea', 'israel'),
       (1784, 'Centre', 106, 'centre', 'israel'),
       (1785, 'Gaza', 106, 'gaza', 'israel'),
       (1786, 'Hadaron', 106, 'hadaron', 'israel'),
       (1787, 'Haifa District', 106, 'haifa-district', 'israel'),
       (1788, 'Hamerkaz', 106, 'hamerkaz', 'israel'),
       (1789, 'Hazafon', 106, 'hazafon', 'israel'),
       (1790, 'Hebron', 106, 'hebron', 'israel'),
       (1791, 'Jaffa', 106, 'jaffa', 'israel'),
       (1792, 'Jerusalem', 106, 'jerusalem', 'israel'),
       (1793, 'Khefa', 106, 'khefa', 'israel'),
       (1794, 'Kiryat Yam', 106, 'kiryat-yam', 'israel'),
       (1795, 'Lower Galilee', 106, 'lower-galilee', 'israel'),
       (1796, 'Qalqilya', 106, 'qalqilya', 'israel'),
       (1797, 'Talme Elazar', 106, 'talme-elazar', 'israel'),
       (1798, 'Tel Aviv', 106, 'tel-aviv', 'israel'),
       (1799, 'Tsafon', 106, 'tsafon', 'israel'),
       (1800, 'Umm El Fahem', 106, 'umm-el-fahem', 'israel'),
       (1801, 'Yerushalayim', 106, 'yerushalayim', 'israel'),
       (1802, 'Abruzzi', 107, 'abruzzi', 'italy'),
       (1803, 'Abruzzo', 107, 'abruzzo', 'italy'),
       (1804, 'Agrigento', 107, 'agrigento', 'italy'),
       (1805, 'Alessandria', 107, 'alessandria', 'italy'),
       (1806, 'Ancona', 107, 'ancona', 'italy'),
       (1807, 'Arezzo', 107, 'arezzo', 'italy'),
       (1808, 'Ascoli Piceno', 107, 'ascoli-piceno', 'italy'),
       (1809, 'Asti', 107, 'asti', 'italy'),
       (1810, 'Avellino', 107, 'avellino', 'italy'),
       (1811, 'Bari', 107, 'bari', 'italy'),
       (1812, 'Basilicata', 107, 'basilicata', 'italy'),
       (1813, 'Belluno', 107, 'belluno', 'italy'),
       (1814, 'Benevento', 107, 'benevento', 'italy'),
       (1815, 'Bergamo', 107, 'bergamo', 'italy'),
       (1816, 'Biella', 107, 'biella', 'italy'),
       (1817, 'Bologna', 107, 'bologna', 'italy'),
       (1818, 'Bolzano', 107, 'bolzano', 'italy'),
       (1819, 'Brescia', 107, 'brescia', 'italy'),
       (1820, 'Brindisi', 107, 'brindisi', 'italy'),
       (1821, 'Calabria', 107, 'calabria', 'italy'),
       (1822, 'Campania', 107, 'campania', 'italy'),
       (1823, 'Cartoceto', 107, 'cartoceto', 'italy'),
       (1824, 'Caserta', 107, 'caserta', 'italy'),
       (1825, 'Catania', 107, 'catania', 'italy'),
       (1826, 'Chieti', 107, 'chieti', 'italy'),
       (1827, 'Como', 107, 'como', 'italy'),
       (1828, 'Cosenza', 107, 'cosenza', 'italy'),
       (1829, 'Cremona', 107, 'cremona', 'italy'),
       (1830, 'Cuneo', 107, 'cuneo', 'italy'),
       (1831, 'Emilia-Romagna', 107, 'emilia-romagna', 'italy'),
       (1832, 'Ferrara', 107, 'ferrara', 'italy'),
       (1833, 'Firenze', 107, 'firenze', 'italy'),
       (1834, 'Florence', 107, 'florence', 'italy'),
       (1835, 'Forli-Cesena ', 107, 'forli-cesena', 'italy'),
       (1836, 'Friuli-Venezia Giulia', 107, 'friuli-venezia-giulia', 'italy'),
       (1837, 'Frosinone', 107, 'frosinone', 'italy'),
       (1838, 'Genoa', 107, 'genoa', 'italy'),
       (1839, 'Gorizia', 107, 'gorizia', 'italy'),
       (1840, 'L\'Aquila', 107, 'laquila', 'italy'),
       (1841, 'Lazio', 107, 'lazio', 'italy'),
       (1842, 'Lecce', 107, 'lecce', 'italy'),
       (1843, 'Lecco', 107, 'lecco', 'italy'),
       (1844, 'Lecco Province', 107, 'lecco-province', 'italy'),
       (1845, 'Liguria', 107, 'liguria', 'italy'),
       (1846, 'Lodi', 107, 'lodi', 'italy'),
       (1847, 'Lombardia', 107, 'lombardia', 'italy'),
       (1848, 'Lombardy', 107, 'lombardy', 'italy'),
       (1849, 'Macerata', 107, 'macerata', 'italy'),
       (1850, 'Mantova', 107, 'mantova', 'italy'),
       (1851, 'Marche', 107, 'marche', 'italy'),
       (1852, 'Messina', 107, 'messina', 'italy'),
       (1853, 'Milan', 107, 'milan', 'italy'),
       (1854, 'Modena', 107, 'modena', 'italy'),
       (1855, 'Molise', 107, 'molise', 'italy'),
       (1856, 'Molteno', 107, 'molteno', 'italy'),
       (1857, 'Montenegro', 107, 'montenegro', 'italy'),
       (1858, 'Monza and Brianza', 107, 'monza-and-brianza', 'italy'),
       (1859, 'Naples', 107, 'naples', 'italy'),
       (1860, 'Novara', 107, 'novara', 'italy'),
       (1861, 'Padova', 107, 'padova', 'italy'),
       (1862, 'Parma', 107, 'parma', 'italy'),
       (1863, 'Pavia', 107, 'pavia', 'italy'),
       (1864, 'Perugia', 107, 'perugia', 'italy'),
       (1865, 'Pesaro-Urbino', 107, 'pesaro-urbino', 'italy'),
       (1866, 'Piacenza', 107, 'piacenza', 'italy'),
       (1867, 'Piedmont', 107, 'piedmont', 'italy'),
       (1868, 'Piemonte', 107, 'piemonte', 'italy'),
       (1869, 'Pisa', 107, 'pisa', 'italy'),
       (1870, 'Pordenone', 107, 'pordenone', 'italy'),
       (1871, 'Potenza', 107, 'potenza', 'italy'),
       (1872, 'Puglia', 107, 'puglia', 'italy'),
       (1873, 'Reggio Emilia', 107, 'reggio-emilia', 'italy'),
       (1874, 'Rimini', 107, 'rimini', 'italy'),
       (1875, 'Roma', 107, 'roma', 'italy'),
       (1876, 'Salerno', 107, 'salerno', 'italy'),
       (1877, 'Sardegna', 107, 'sardegna', 'italy'),
       (1878, 'Sassari', 107, 'sassari', 'italy'),
       (1879, 'Savona', 107, 'savona', 'italy'),
       (1880, 'Sicilia', 107, 'sicilia', 'italy'),
       (1881, 'Siena', 107, 'siena', 'italy'),
       (1882, 'Sondrio', 107, 'sondrio', 'italy'),
       (1883, 'South Tyrol', 107, 'south-tyrol', 'italy'),
       (1884, 'Taranto', 107, 'taranto', 'italy'),
       (1885, 'Teramo', 107, 'teramo', 'italy'),
       (1886, 'Torino', 107, 'torino', 'italy'),
       (1887, 'Toscana', 107, 'toscana', 'italy'),
       (1888, 'Trapani', 107, 'trapani', 'italy'),
       (1889, 'Trentino-Alto Adige', 107, 'trentino-alto-adige', 'italy'),
       (1890, 'Trento', 107, 'trento', 'italy'),
       (1891, 'Treviso', 107, 'treviso', 'italy'),
       (1892, 'Udine', 107, 'udine', 'italy'),
       (1893, 'Umbria', 107, 'umbria', 'italy'),
       (1894, 'Valle d\'Aosta', 107, 'valle-daosta', 'italy'),
       (1895, 'Varese', 107, 'varese', 'italy'),
       (1896, 'Veneto', 107, 'veneto', 'italy'),
       (1897, 'Venezia', 107, 'venezia', 'italy'),
       (1898, 'Verbano-Cusio-Ossola', 107, 'verbano-cusio-ossola', 'italy'),
       (1899, 'Vercelli', 107, 'vercelli', 'italy'),
       (1900, 'Verona', 107, 'verona', 'italy'),
       (1901, 'Vicenza', 107, 'vicenza', 'italy'),
       (1902, 'Viterbo', 107, 'viterbo', 'italy'),
       (1903, 'Buxoro Viloyati', 108, 'buxoro-viloyati', 'jamaica'),
       (1904, 'Clarendon', 108, 'clarendon', 'jamaica'),
       (1905, 'Hanover', 108, 'hanover', 'jamaica'),
       (1906, 'Kingston', 108, 'kingston', 'jamaica'),
       (1907, 'Manchester', 108, 'manchester', 'jamaica'),
       (1908, 'Portland', 108, 'portland', 'jamaica'),
       (1909, 'Saint Andrews', 108, 'saint-andrews', 'jamaica'),
       (1910, 'Saint Ann', 108, 'saint-ann', 'jamaica'),
       (1911, 'Saint Catherine', 108, 'saint-catherine', 'jamaica'),
       (1912, 'Saint Elizabeth', 108, 'saint-elizabeth', 'jamaica'),
       (1913, 'Saint James', 108, 'saint-james', 'jamaica'),
       (1914, 'Saint Mary', 108, 'saint-mary', 'jamaica'),
       (1915, 'Saint Thomas', 108, 'saint-thomas', 'jamaica'),
       (1916, 'Trelawney', 108, 'trelawney', 'jamaica'),
       (1917, 'Westmoreland', 108, 'westmoreland', 'jamaica'),
       (1918, 'Aichi', 109, 'aichi', 'japan'),
       (1919, 'Akita', 109, 'akita', 'japan'),
       (1920, 'Aomori', 109, 'aomori', 'japan'),
       (1921, 'Chiba', 109, 'chiba', 'japan'),
       (1922, 'Ehime', 109, 'ehime', 'japan'),
       (1923, 'Fukui', 109, 'fukui', 'japan'),
       (1924, 'Fukuoka', 109, 'fukuoka', 'japan'),
       (1925, 'Fukushima', 109, 'fukushima', 'japan'),
       (1926, 'Gifu', 109, 'gifu', 'japan'),
       (1927, 'Gumma', 109, 'gumma', 'japan'),
       (1928, 'Hiroshima', 109, 'hiroshima', 'japan'),
       (1929, 'Hokkaido', 109, 'hokkaido', 'japan'),
       (1930, 'Hyogo', 109, 'hyogo', 'japan'),
       (1931, 'Ibaraki', 109, 'ibaraki', 'japan'),
       (1932, 'Ishikawa', 109, 'ishikawa', 'japan'),
       (1933, 'Iwate', 109, 'iwate', 'japan'),
       (1934, 'Kagawa', 109, 'kagawa', 'japan'),
       (1935, 'Kagoshima', 109, 'kagoshima', 'japan'),
       (1936, 'Kanagawa', 109, 'kanagawa', 'japan'),
       (1937, 'Kanto', 109, 'kanto', 'japan'),
       (1938, 'Kochi', 109, 'kochi', 'japan'),
       (1939, 'Kumamoto', 109, 'kumamoto', 'japan'),
       (1940, 'Kyoto', 109, 'kyoto', 'japan'),
       (1941, 'Mie', 109, 'mie', 'japan'),
       (1942, 'Miyagi', 109, 'miyagi', 'japan'),
       (1943, 'Miyazaki', 109, 'miyazaki', 'japan'),
       (1944, 'Nagano', 109, 'nagano', 'japan'),
       (1945, 'Nagasaki', 109, 'nagasaki', 'japan'),
       (1946, 'Nara', 109, 'nara', 'japan'),
       (1947, 'Niigata', 109, 'niigata', 'japan'),
       (1948, 'Oita', 109, 'oita', 'japan'),
       (1949, 'Okayama', 109, 'okayama', 'japan'),
       (1950, 'Okinawa', 109, 'okinawa', 'japan'),
       (1951, 'Osaka', 109, 'osaka', 'japan'),
       (1952, 'Saga', 109, 'saga', 'japan'),
       (1953, 'Saitama', 109, 'saitama', 'japan'),
       (1954, 'Shiga', 109, 'shiga', 'japan'),
       (1955, 'Shimane', 109, 'shimane', 'japan'),
       (1956, 'Shizuoka', 109, 'shizuoka', 'japan'),
       (1957, 'Tochigi', 109, 'tochigi', 'japan'),
       (1958, 'Tokushima', 109, 'tokushima', 'japan'),
       (1959, 'Tokyo', 109, 'tokyo', 'japan'),
       (1960, 'Tottori', 109, 'tottori', 'japan'),
       (1961, 'Toyama', 109, 'toyama', 'japan'),
       (1962, 'Wakayama', 109, 'wakayama', 'japan'),
       (1963, 'Yamagata', 109, 'yamagata', 'japan'),
       (1964, 'Yamaguchi', 109, 'yamaguchi', 'japan'),
       (1965, 'Yamanashi', 109, 'yamanashi', 'japan'),
       (1966, 'Grouville', 110, 'grouville', 'jersey'),
       (1967, 'Saint Brelade', 110, 'saint-brelade', 'jersey'),
       (1968, 'Saint Clement', 110, 'saint-clement', 'jersey'),
       (1969, 'Saint Helier', 110, 'saint-helier', 'jersey'),
       (1970, 'Saint John', 110, 'saint-john', 'jersey'),
       (1971, 'Saint Lawrence', 110, 'saint-lawrence', 'jersey'),
       (1972, 'Saint Martin', 110, 'saint-martin', 'jersey'),
       (1973, 'Saint Mary', 110, 'saint-mary', 'jersey'),
       (1974, 'Saint Peter', 110, 'saint-peter', 'jersey'),
       (1975, 'Saint Saviour', 110, 'saint-saviour', 'jersey'),
       (1976, 'Trinity', 110, 'trinity', 'jersey'),
       (1977, '\'Ajlun', 111, 'ajlun', 'jordan'),
       (1978, 'Amman', 111, 'amman', 'jordan'),
       (1979, 'Irbid', 111, 'irbid', 'jordan'),
       (1980, 'Jarash', 111, 'jarash', 'jordan'),
       (1981, 'Ma\'an', 111, 'maan', 'jordan'),
       (1982, 'Madaba', 111, 'madaba', 'jordan'),
       (1983, 'al-\'Aqabah', 111, 'al-aqabah', 'jordan'),
       (1984, 'al-Balqa\'', 111, 'al-balqa', 'jordan'),
       (1985, 'al-Karak', 111, 'al-karak', 'jordan'),
       (1986, 'al-Mafraq', 111, 'al-mafraq', 'jordan'),
       (1987, 'at-Tafilah', 111, 'at-tafilah', 'jordan'),
       (1988, 'az-Zarqa\'', 111, 'az-zarqa', 'jordan'),
       (1989, 'Akmecet', 112, 'akmecet', 'kazakhstan'),
       (1990, 'Akmola', 112, 'akmola', 'kazakhstan'),
       (1991, 'Aktobe', 112, 'aktobe', 'kazakhstan'),
       (1992, 'Almati', 112, 'almati', 'kazakhstan'),
       (1993, 'Atirau', 112, 'atirau', 'kazakhstan'),
       (1994, 'Batis Kazakstan', 112, 'batis-kazakstan', 'kazakhstan'),
       (1995, 'Burlinsky Region', 112, 'burlinsky-region', 'kazakhstan'),
       (1996, 'Karagandi', 112, 'karagandi', 'kazakhstan'),
       (1997, 'Kostanay', 112, 'kostanay', 'kazakhstan'),
       (1998, 'Mankistau', 112, 'mankistau', 'kazakhstan'),
       (1999, 'Ontustik Kazakstan', 112, 'ontustik-kazakstan', 'kazakhstan'),
       (2000, 'Pavlodar', 112, 'pavlodar', 'kazakhstan'),
       (2001, 'Sigis Kazakstan', 112, 'sigis-kazakstan', 'kazakhstan'),
       (2002, 'Soltustik Kazakstan', 112, 'soltustik-kazakstan', 'kazakhstan'),
       (2003, 'Taraz', 112, 'taraz', 'kazakhstan'),
       (2004, 'Central', 113, 'central', 'kenya'),
       (2005, 'Coast', 113, 'coast', 'kenya'),
       (2006, 'Eastern', 113, 'eastern', 'kenya'),
       (2007, 'Nairobi', 113, 'nairobi', 'kenya'),
       (2008, 'North Eastern', 113, 'north-eastern', 'kenya'),
       (2009, 'Nyanza', 113, 'nyanza', 'kenya'),
       (2010, 'Rift Valley', 113, 'rift-valley', 'kenya'),
       (2011, 'Western', 113, 'western', 'kenya'),
       (2012, 'Abaiang', 114, 'abaiang', 'kiribati'),
       (2013, 'Abemana', 114, 'abemana', 'kiribati'),
       (2014, 'Aranuka', 114, 'aranuka', 'kiribati'),
       (2015, 'Arorae', 114, 'arorae', 'kiribati'),
       (2016, 'Banaba', 114, 'banaba', 'kiribati'),
       (2017, 'Beru', 114, 'beru', 'kiribati'),
       (2018, 'Butaritari', 114, 'butaritari', 'kiribati'),
       (2019, 'Kiritimati', 114, 'kiritimati', 'kiribati'),
       (2020, 'Kuria', 114, 'kuria', 'kiribati'),
       (2021, 'Maiana', 114, 'maiana', 'kiribati'),
       (2022, 'Makin', 114, 'makin', 'kiribati'),
       (2023, 'Marakei', 114, 'marakei', 'kiribati'),
       (2024, 'Nikunau', 114, 'nikunau', 'kiribati'),
       (2025, 'Nonouti', 114, 'nonouti', 'kiribati'),
       (2026, 'Onotoa', 114, 'onotoa', 'kiribati'),
       (2027, 'Phoenix Islands', 114, 'phoenix-islands', 'kiribati'),
       (2028, 'Tabiteuea North', 114, 'tabiteuea-north', 'kiribati'),
       (2029, 'Tabiteuea South', 114, 'tabiteuea-south', 'kiribati'),
       (2030, 'Tabuaeran', 114, 'tabuaeran', 'kiribati'),
       (2031, 'Tamana', 114, 'tamana', 'kiribati'),
       (2032, 'Tarawa North', 114, 'tarawa-north', 'kiribati'),
       (2033, 'Tarawa South', 114, 'tarawa-south', 'kiribati'),
       (2034, 'Teraina', 114, 'teraina', 'kiribati'),
       (2035, 'Chagangdo', 115, 'chagangdo', 'korea-north'),
       (2036, 'Hamgyeongbukto', 115, 'hamgyeongbukto', 'korea-north'),
       (2037, 'Hamgyeongnamdo', 115, 'hamgyeongnamdo', 'korea-north'),
       (2038, 'Hwanghaebukto', 115, 'hwanghaebukto', 'korea-north'),
       (2039, 'Hwanghaenamdo', 115, 'hwanghaenamdo', 'korea-north'),
       (2040, 'Kaeseong', 115, 'kaeseong', 'korea-north'),
       (2041, 'Kangweon', 115, 'kangweon', 'korea-north'),
       (2042, 'Nampo', 115, 'nampo', 'korea-north'),
       (2043, 'Pyeonganbukto', 115, 'pyeonganbukto', 'korea-north'),
       (2044, 'Pyeongannamdo', 115, 'pyeongannamdo', 'korea-north'),
       (2045, 'Pyeongyang', 115, 'pyeongyang', 'korea-north'),
       (2046, 'Yanggang', 115, 'yanggang', 'korea-north'),
       (2047, 'Busan', 116, 'busan', 'korea-south'),
       (2048, 'Cheju', 116, 'cheju', 'korea-south'),
       (2049, 'Chollabuk', 116, 'chollabuk', 'korea-south'),
       (2050, 'Chollanam', 116, 'chollanam', 'korea-south'),
       (2051, 'Chungbuk', 116, 'chungbuk', 'korea-south'),
       (2052, 'Chungcheongbuk', 116, 'chungcheongbuk', 'korea-south'),
       (2053, 'Chungcheongnam', 116, 'chungcheongnam', 'korea-south'),
       (2054, 'Chungnam', 116, 'chungnam', 'korea-south'),
       (2055, 'Daegu', 116, 'daegu', 'korea-south'),
       (2056, 'Gangwon-do', 116, 'gangwon-do', 'korea-south'),
       (2057, 'Goyang-si', 116, 'goyang-si', 'korea-south'),
       (2058, 'Gyeonggi-do', 116, 'gyeonggi-do', 'korea-south'),
       (2059, 'Gyeongsang ', 116, 'gyeongsang', 'korea-south'),
       (2060, 'Gyeongsangnam-do', 116, 'gyeongsangnam-do', 'korea-south'),
       (2061, 'Incheon', 116, 'incheon', 'korea-south'),
       (2062, 'Jeju-Si', 116, 'jeju-si', 'korea-south'),
       (2063, 'Jeonbuk', 116, 'jeonbuk', 'korea-south'),
       (2064, 'Kangweon', 116, 'kangweon', 'korea-south'),
       (2065, 'Kwangju', 116, 'kwangju', 'korea-south'),
       (2066, 'Kyeonggi', 116, 'kyeonggi', 'korea-south'),
       (2067, 'Kyeongsangbuk', 116, 'kyeongsangbuk', 'korea-south'),
       (2068, 'Kyeongsangnam', 116, 'kyeongsangnam', 'korea-south'),
       (2069, 'Kyonggi-do', 116, 'kyonggi-do', 'korea-south'),
       (2070, 'Kyungbuk-Do', 116, 'kyungbuk-do', 'korea-south'),
       (2071, 'Kyunggi-Do', 116, 'kyunggi-do', 'korea-south'),
       (2072, 'Kyunggi-do', 116, 'kyunggi-do', 'korea-south'),
       (2073, 'Pusan', 116, 'pusan', 'korea-south'),
       (2074, 'Seoul', 116, 'seoul', 'korea-south'),
       (2075, 'Sudogwon', 116, 'sudogwon', 'korea-south'),
       (2076, 'Taegu', 116, 'taegu', 'korea-south'),
       (2077, 'Taejeon', 116, 'taejeon', 'korea-south'),
       (2078, 'Taejon-gwangyoksi', 116, 'taejon-gwangyoksi', 'korea-south'),
       (2079, 'Ulsan', 116, 'ulsan', 'korea-south'),
       (2080, 'Wonju', 116, 'wonju', 'korea-south'),
       (2081, 'gwangyoksi', 116, 'gwangyoksi', 'korea-south'),
       (2082, 'Al Asimah', 117, 'al-asimah', 'kuwait'),
       (2083, 'Hawalli', 117, 'hawalli', 'kuwait'),
       (2084, 'Mishref', 117, 'mishref', 'kuwait'),
       (2085, 'Qadesiya', 117, 'qadesiya', 'kuwait'),
       (2086, 'Safat', 117, 'safat', 'kuwait'),
       (2087, 'Salmiya', 117, 'salmiya', 'kuwait'),
       (2088, 'al-Ahmadi', 117, 'al-ahmadi', 'kuwait'),
       (2089, 'al-Farwaniyah', 117, 'al-farwaniyah', 'kuwait'),
       (2090, 'al-Jahra', 117, 'al-jahra', 'kuwait'),
       (2091, 'al-Kuwayt', 117, 'al-kuwayt', 'kuwait'),
       (2092, 'Batken', 118, 'batken', 'kyrgyzstan'),
       (2093, 'Bishkek', 118, 'bishkek', 'kyrgyzstan'),
       (2094, 'Chui', 118, 'chui', 'kyrgyzstan'),
       (2095, 'Issyk-Kul', 118, 'issyk-kul', 'kyrgyzstan'),
       (2096, 'Jalal-Abad', 118, 'jalal-abad', 'kyrgyzstan'),
       (2097, 'Naryn', 118, 'naryn', 'kyrgyzstan'),
       (2098, 'Osh', 118, 'osh', 'kyrgyzstan'),
       (2099, 'Talas', 118, 'talas', 'kyrgyzstan'),
       (2100, 'Attopu', 119, 'attopu', 'laos'),
       (2101, 'Bokeo', 119, 'bokeo', 'laos'),
       (2102, 'Bolikhamsay', 119, 'bolikhamsay', 'laos'),
       (2103, 'Champasak', 119, 'champasak', 'laos'),
       (2104, 'Houaphanh', 119, 'houaphanh', 'laos'),
       (2105, 'Khammouane', 119, 'khammouane', 'laos'),
       (2106, 'Luang Nam Tha', 119, 'luang-nam-tha', 'laos'),
       (2107, 'Luang Prabang', 119, 'luang-prabang', 'laos'),
       (2108, 'Oudomxay', 119, 'oudomxay', 'laos'),
       (2109, 'Phongsaly', 119, 'phongsaly', 'laos'),
       (2110, 'Saravan', 119, 'saravan', 'laos'),
       (2111, 'Savannakhet', 119, 'savannakhet', 'laos'),
       (2112, 'Sekong', 119, 'sekong', 'laos'),
       (2113, 'Viangchan Prefecture', 119, 'viangchan-prefecture', 'laos'),
       (2114, 'Viangchan Province', 119, 'viangchan-province', 'laos'),
       (2115, 'Xaignabury', 119, 'xaignabury', 'laos'),
       (2116, 'Xiang Khuang', 119, 'xiang-khuang', 'laos'),
       (2117, 'Aizkraukles', 120, 'aizkraukles', 'latvia'),
       (2118, 'Aluksnes', 120, 'aluksnes', 'latvia'),
       (2119, 'Balvu', 120, 'balvu', 'latvia'),
       (2120, 'Bauskas', 120, 'bauskas', 'latvia'),
       (2121, 'Cesu', 120, 'cesu', 'latvia'),
       (2122, 'Daugavpils', 120, 'daugavpils', 'latvia'),
       (2123, 'Daugavpils City', 120, 'daugavpils-city', 'latvia'),
       (2124, 'Dobeles', 120, 'dobeles', 'latvia'),
       (2125, 'Gulbenes', 120, 'gulbenes', 'latvia'),
       (2126, 'Jekabspils', 120, 'jekabspils', 'latvia'),
       (2127, 'Jelgava', 120, 'jelgava', 'latvia'),
       (2128, 'Jelgavas', 120, 'jelgavas', 'latvia'),
       (2129, 'Jurmala City', 120, 'jurmala-city', 'latvia'),
       (2130, 'Kraslavas', 120, 'kraslavas', 'latvia'),
       (2131, 'Kuldigas', 120, 'kuldigas', 'latvia'),
       (2132, 'Liepaja', 120, 'liepaja', 'latvia'),
       (2133, 'Liepajas', 120, 'liepajas', 'latvia'),
       (2134, 'Limbazhu', 120, 'limbazhu', 'latvia'),
       (2135, 'Ludzas', 120, 'ludzas', 'latvia'),
       (2136, 'Madonas', 120, 'madonas', 'latvia'),
       (2137, 'Ogres', 120, 'ogres', 'latvia'),
       (2138, 'Preilu', 120, 'preilu', 'latvia'),
       (2139, 'Rezekne', 120, 'rezekne', 'latvia'),
       (2140, 'Rezeknes', 120, 'rezeknes', 'latvia'),
       (2141, 'Riga', 120, 'riga', 'latvia'),
       (2142, 'Rigas', 120, 'rigas', 'latvia'),
       (2143, 'Saldus', 120, 'saldus', 'latvia'),
       (2144, 'Talsu', 120, 'talsu', 'latvia'),
       (2145, 'Tukuma', 120, 'tukuma', 'latvia'),
       (2146, 'Valkas', 120, 'valkas', 'latvia'),
       (2147, 'Valmieras', 120, 'valmieras', 'latvia'),
       (2148, 'Ventspils', 120, 'ventspils', 'latvia'),
       (2149, 'Ventspils City', 120, 'ventspils-city', 'latvia'),
       (2150, 'Beirut', 121, 'beirut', 'lebanon'),
       (2151, 'Jabal Lubnan', 121, 'jabal-lubnan', 'lebanon'),
       (2152, 'Mohafazat Liban-Nord', 121, 'mohafazat-liban-nord', 'lebanon'),
       (2153, 'Mohafazat Mont-Liban', 121, 'mohafazat-mont-liban', 'lebanon'),
       (2154, 'Sidon', 121, 'sidon', 'lebanon'),
       (2155, 'al-Biqa', 121, 'al-biqa', 'lebanon'),
       (2156, 'al-Janub', 121, 'al-janub', 'lebanon'),
       (2157, 'an-Nabatiyah', 121, 'an-nabatiyah', 'lebanon'),
       (2158, 'ash-Shamal', 121, 'ash-shamal', 'lebanon'),
       (2159, 'Berea', 122, 'berea', 'lesotho'),
       (2160, 'Butha-Buthe', 122, 'butha-buthe', 'lesotho'),
       (2161, 'Leribe', 122, 'leribe', 'lesotho'),
       (2162, 'Mafeteng', 122, 'mafeteng', 'lesotho'),
       (2163, 'Maseru', 122, 'maseru', 'lesotho'),
       (2164, 'Mohale\'s Hoek', 122, 'mohales-hoek', 'lesotho'),
       (2165, 'Mokhotlong', 122, 'mokhotlong', 'lesotho'),
       (2166, 'Qacha\'s Nek', 122, 'qachas-nek', 'lesotho'),
       (2167, 'Quthing', 122, 'quthing', 'lesotho'),
       (2168, 'Thaba-Tseka', 122, 'thaba-tseka', 'lesotho'),
       (2169, 'Bomi', 123, 'bomi', 'liberia'),
       (2170, 'Bong', 123, 'bong', 'liberia'),
       (2171, 'Grand Bassa', 123, 'grand-bassa', 'liberia'),
       (2172, 'Grand Cape Mount', 123, 'grand-cape-mount', 'liberia'),
       (2173, 'Grand Gedeh', 123, 'grand-gedeh', 'liberia'),
       (2174, 'Loffa', 123, 'loffa', 'liberia'),
       (2175, 'Margibi', 123, 'margibi', 'liberia'),
       (2176, 'Maryland and Grand Kru', 123, 'maryland-and-grand-kru', 'liberia'),
       (2177, 'Montserrado', 123, 'montserrado', 'liberia'),
       (2178, 'Nimba', 123, 'nimba', 'liberia'),
       (2179, 'Rivercess', 123, 'rivercess', 'liberia'),
       (2180, 'Sinoe', 123, 'sinoe', 'liberia'),
       (2181, 'Ajdabiya', 124, 'ajdabiya', 'libya'),
       (2183, 'Banghazi', 124, 'banghazi', 'libya'),
       (2184, 'Darnah', 124, 'darnah', 'libya'),
       (2185, 'Ghadamis', 124, 'ghadamis', 'libya'),
       (2186, 'Gharyan', 124, 'gharyan', 'libya'),
       (2187, 'Misratah', 124, 'misratah', 'libya'),
       (2188, 'Murzuq', 124, 'murzuq', 'libya'),
       (2189, 'Sabha', 124, 'sabha', 'libya'),
       (2190, 'Sawfajjin', 124, 'sawfajjin', 'libya'),
       (2191, 'Surt', 124, 'surt', 'libya'),
       (2192, 'Tarabulus', 124, 'tarabulus', 'libya'),
       (2193, 'Tarhunah', 124, 'tarhunah', 'libya'),
       (2194, 'Tripolitania', 124, 'tripolitania', 'libya'),
       (2195, 'Tubruq', 124, 'tubruq', 'libya'),
       (2196, 'Yafran', 124, 'yafran', 'libya'),
       (2197, 'Zlitan', 124, 'zlitan', 'libya'),
       (2198, 'al-\'Aziziyah', 124, 'al-aziziyah', 'libya'),
       (2199, 'al-Fatih', 124, 'al-fatih', 'libya'),
       (2200, 'al-Jabal al Akhdar', 124, 'al-jabal-al-akhdar', 'libya'),
       (2201, 'al-Jufrah', 124, 'al-jufrah', 'libya'),
       (2202, 'al-Khums', 124, 'al-khums', 'libya'),
       (2203, 'al-Kufrah', 124, 'al-kufrah', 'libya'),
       (2204, 'an-Nuqat al-Khams', 124, 'an-nuqat-al-khams', 'libya'),
       (2205, 'ash-Shati\'', 124, 'ash-shati', 'libya'),
       (2206, 'az-Zawiyah', 124, 'az-zawiyah', 'libya'),
       (2207, 'Balzers', 125, 'balzers', 'liechtenstein'),
       (2208, 'Eschen', 125, 'eschen', 'liechtenstein'),
       (2209, 'Gamprin', 125, 'gamprin', 'liechtenstein'),
       (2210, 'Mauren', 125, 'mauren', 'liechtenstein'),
       (2211, 'Planken', 125, 'planken', 'liechtenstein'),
       (2212, 'Ruggell', 125, 'ruggell', 'liechtenstein'),
       (2213, 'Schaan', 125, 'schaan', 'liechtenstein'),
       (2214, 'Schellenberg', 125, 'schellenberg', 'liechtenstein'),
       (2215, 'Triesen', 125, 'triesen', 'liechtenstein'),
       (2216, 'Triesenberg', 125, 'triesenberg', 'liechtenstein'),
       (2217, 'Vaduz', 125, 'vaduz', 'liechtenstein'),
       (2218, 'Alytaus', 126, 'alytaus', 'lithuania'),
       (2219, 'Anyksciai', 126, 'anyksciai', 'lithuania'),
       (2220, 'Kauno', 126, 'kauno', 'lithuania'),
       (2221, 'Klaipedos', 126, 'klaipedos', 'lithuania'),
       (2222, 'Marijampoles', 126, 'marijampoles', 'lithuania'),
       (2223, 'Panevezhio', 126, 'panevezhio', 'lithuania'),
       (2224, 'Panevezys', 126, 'panevezys', 'lithuania'),
       (2225, 'Shiauliu', 126, 'shiauliu', 'lithuania'),
       (2226, 'Taurages', 126, 'taurages', 'lithuania'),
       (2227, 'Telshiu', 126, 'telshiu', 'lithuania'),
       (2228, 'Telsiai', 126, 'telsiai', 'lithuania'),
       (2229, 'Utenos', 126, 'utenos', 'lithuania'),
       (2230, 'Vilniaus', 126, 'vilniaus', 'lithuania'),
       (2231, 'Capellen', 127, 'capellen', 'luxembourg'),
       (2232, 'Clervaux', 127, 'clervaux', 'luxembourg'),
       (2233, 'Diekirch', 127, 'diekirch', 'luxembourg'),
       (2234, 'Echternach', 127, 'echternach', 'luxembourg'),
       (2235, 'Esch-sur-Alzette', 127, 'esch-sur-alzette', 'luxembourg'),
       (2236, 'Grevenmacher', 127, 'grevenmacher', 'luxembourg'),
       (2237, 'Luxembourg', 127, 'luxembourg', 'luxembourg'),
       (2238, 'Mersch', 127, 'mersch', 'luxembourg'),
       (2239, 'Redange', 127, 'redange', 'luxembourg'),
       (2240, 'Remich', 127, 'remich', 'luxembourg'),
       (2241, 'Vianden', 127, 'vianden', 'luxembourg'),
       (2242, 'Wiltz', 127, 'wiltz', 'luxembourg'),
       (2243, 'Macau', 128, 'macau', 'macau-sar'),
       (2244, 'Berovo', 129, 'berovo', 'macedonia'),
       (2245, 'Bitola', 129, 'bitola', 'macedonia'),
       (2246, 'Brod', 129, 'brod', 'macedonia'),
       (2247, 'Debar', 129, 'debar', 'macedonia'),
       (2248, 'Delchevo', 129, 'delchevo', 'macedonia'),
       (2249, 'Demir Hisar', 129, 'demir-hisar', 'macedonia'),
       (2250, 'Gevgelija', 129, 'gevgelija', 'macedonia'),
       (2251, 'Gostivar', 129, 'gostivar', 'macedonia'),
       (2252, 'Kavadarci', 129, 'kavadarci', 'macedonia'),
       (2253, 'Kichevo', 129, 'kichevo', 'macedonia'),
       (2254, 'Kochani', 129, 'kochani', 'macedonia'),
       (2255, 'Kratovo', 129, 'kratovo', 'macedonia'),
       (2256, 'Kriva Palanka', 129, 'kriva-palanka', 'macedonia'),
       (2257, 'Krushevo', 129, 'krushevo', 'macedonia'),
       (2258, 'Kumanovo', 129, 'kumanovo', 'macedonia'),
       (2259, 'Negotino', 129, 'negotino', 'macedonia'),
       (2260, 'Ohrid', 129, 'ohrid', 'macedonia'),
       (2261, 'Prilep', 129, 'prilep', 'macedonia'),
       (2262, 'Probishtip', 129, 'probishtip', 'macedonia'),
       (2263, 'Radovish', 129, 'radovish', 'macedonia'),
       (2264, 'Resen', 129, 'resen', 'macedonia'),
       (2265, 'Shtip', 129, 'shtip', 'macedonia'),
       (2266, 'Skopje', 129, 'skopje', 'macedonia'),
       (2267, 'Struga', 129, 'struga', 'macedonia'),
       (2268, 'Strumica', 129, 'strumica', 'macedonia'),
       (2269, 'Sveti Nikole', 129, 'sveti-nikole', 'macedonia'),
       (2270, 'Tetovo', 129, 'tetovo', 'macedonia'),
       (2271, 'Valandovo', 129, 'valandovo', 'macedonia'),
       (2272, 'Veles', 129, 'veles', 'macedonia'),
       (2273, 'Vinica', 129, 'vinica', 'macedonia'),
       (2274, 'Antananarivo', 130, 'antananarivo', 'madagascar'),
       (2275, 'Antsiranana', 130, 'antsiranana', 'madagascar'),
       (2276, 'Fianarantsoa', 130, 'fianarantsoa', 'madagascar'),
       (2277, 'Mahajanga', 130, 'mahajanga', 'madagascar'),
       (2278, 'Toamasina', 130, 'toamasina', 'madagascar'),
       (2279, 'Toliary', 130, 'toliary', 'madagascar'),
       (2280, 'Balaka', 131, 'balaka', 'malawi'),
       (2281, 'Blantyre City', 131, 'blantyre-city', 'malawi'),
       (2282, 'Chikwawa', 131, 'chikwawa', 'malawi'),
       (2283, 'Chiradzulu', 131, 'chiradzulu', 'malawi'),
       (2284, 'Chitipa', 131, 'chitipa', 'malawi'),
       (2285, 'Dedza', 131, 'dedza', 'malawi'),
       (2286, 'Dowa', 131, 'dowa', 'malawi'),
       (2287, 'Karonga', 131, 'karonga', 'malawi'),
       (2288, 'Kasungu', 131, 'kasungu', 'malawi'),
       (2289, 'Lilongwe City', 131, 'lilongwe-city', 'malawi'),
       (2290, 'Machinga', 131, 'machinga', 'malawi'),
       (2291, 'Mangochi', 131, 'mangochi', 'malawi'),
       (2292, 'Mchinji', 131, 'mchinji', 'malawi'),
       (2293, 'Mulanje', 131, 'mulanje', 'malawi'),
       (2294, 'Mwanza', 131, 'mwanza', 'malawi'),
       (2295, 'Mzimba', 131, 'mzimba', 'malawi'),
       (2296, 'Mzuzu City', 131, 'mzuzu-city', 'malawi'),
       (2297, 'Nkhata Bay', 131, 'nkhata-bay', 'malawi'),
       (2298, 'Nkhotakota', 131, 'nkhotakota', 'malawi'),
       (2299, 'Nsanje', 131, 'nsanje', 'malawi'),
       (2300, 'Ntcheu', 131, 'ntcheu', 'malawi'),
       (2301, 'Ntchisi', 131, 'ntchisi', 'malawi'),
       (2302, 'Phalombe', 131, 'phalombe', 'malawi'),
       (2303, 'Rumphi', 131, 'rumphi', 'malawi'),
       (2304, 'Salima', 131, 'salima', 'malawi'),
       (2305, 'Thyolo', 131, 'thyolo', 'malawi'),
       (2306, 'Zomba Municipality', 131, 'zomba-municipality', 'malawi'),
       (2307, 'Johor', 132, 'johor', 'malaysia'),
       (2308, 'Kedah', 132, 'kedah', 'malaysia'),
       (2309, 'Kelantan', 132, 'kelantan', 'malaysia'),
       (2310, 'Kuala Lumpur', 132, 'kuala-lumpur', 'malaysia'),
       (2311, 'Labuan', 132, 'labuan', 'malaysia'),
       (2312, 'Melaka', 132, 'melaka', 'malaysia'),
       (2313, 'Negeri Johor', 132, 'negeri-johor', 'malaysia'),
       (2314, 'Negeri Sembilan', 132, 'negeri-sembilan', 'malaysia'),
       (2315, 'Pahang', 132, 'pahang', 'malaysia'),
       (2316, 'Penang', 132, 'penang', 'malaysia'),
       (2317, 'Perak', 132, 'perak', 'malaysia'),
       (2318, 'Perlis', 132, 'perlis', 'malaysia'),
       (2319, 'Pulau Pinang', 132, 'pulau-pinang', 'malaysia'),
       (2320, 'Sabah', 132, 'sabah', 'malaysia'),
       (2321, 'Sarawak', 132, 'sarawak', 'malaysia'),
       (2322, 'Selangor', 132, 'selangor', 'malaysia'),
       (2323, 'Sembilan', 132, 'sembilan', 'malaysia'),
       (2324, 'Terengganu', 132, 'terengganu', 'malaysia'),
       (2325, 'Alif Alif', 133, 'alif-alif', 'maldives'),
       (2326, 'Alif Dhaal', 133, 'alif-dhaal', 'maldives'),
       (2327, 'Baa', 133, 'baa', 'maldives'),
       (2328, 'Dhaal', 133, 'dhaal', 'maldives'),
       (2329, 'Faaf', 133, 'faaf', 'maldives'),
       (2330, 'Gaaf Alif', 133, 'gaaf-alif', 'maldives'),
       (2331, 'Gaaf Dhaal', 133, 'gaaf-dhaal', 'maldives'),
       (2332, 'Ghaviyani', 133, 'ghaviyani', 'maldives'),
       (2333, 'Haa Alif', 133, 'haa-alif', 'maldives'),
       (2334, 'Haa Dhaal', 133, 'haa-dhaal', 'maldives'),
       (2335, 'Kaaf', 133, 'kaaf', 'maldives'),
       (2336, 'Laam', 133, 'laam', 'maldives'),
       (2337, 'Lhaviyani', 133, 'lhaviyani', 'maldives'),
       (2338, 'Male', 133, 'male', 'maldives'),
       (2339, 'Miim', 133, 'miim', 'maldives'),
       (2340, 'Nuun', 133, 'nuun', 'maldives'),
       (2341, 'Raa', 133, 'raa', 'maldives'),
       (2342, 'Shaviyani', 133, 'shaviyani', 'maldives'),
       (2343, 'Siin', 133, 'siin', 'maldives'),
       (2344, 'Thaa', 133, 'thaa', 'maldives'),
       (2345, 'Vaav', 133, 'vaav', 'maldives'),
       (2346, 'Bamako', 134, 'bamako', 'mali'),
       (2347, 'Gao', 134, 'gao', 'mali'),
       (2348, 'Kayes', 134, 'kayes', 'mali'),
       (2349, 'Kidal', 134, 'kidal', 'mali'),
       (2350, 'Koulikoro', 134, 'koulikoro', 'mali'),
       (2351, 'Mopti', 134, 'mopti', 'mali'),
       (2352, 'Segou', 134, 'segou', 'mali'),
       (2353, 'Sikasso', 134, 'sikasso', 'mali'),
       (2354, 'Tombouctou', 134, 'tombouctou', 'mali'),
       (2355, 'Gozo and Comino', 135, 'gozo-and-comino', 'malta'),
       (2356, 'Inner Harbour', 135, 'inner-harbour', 'malta'),
       (2357, 'Northern', 135, 'northern', 'malta'),
       (2358, 'Outer Harbour', 135, 'outer-harbour', 'malta'),
       (2359, 'South Eastern', 135, 'south-eastern', 'malta'),
       (2360, 'Valletta', 135, 'valletta', 'malta'),
       (2361, 'Western', 135, 'western', 'malta'),
       (2362, 'Castletown', 136, 'castletown', 'man-isle-of'),
       (2363, 'Douglas', 136, 'douglas', 'man-isle-of'),
       (2364, 'Laxey', 136, 'laxey', 'man-isle-of'),
       (2365, 'Onchan', 136, 'onchan', 'man-isle-of'),
       (2366, 'Peel', 136, 'peel', 'man-isle-of'),
       (2367, 'Port Erin', 136, 'port-erin', 'man-isle-of'),
       (2368, 'Port Saint Mary', 136, 'port-saint-mary', 'man-isle-of'),
       (2369, 'Ramsey', 136, 'ramsey', 'man-isle-of'),
       (2370, 'Ailinlaplap', 137, 'ailinlaplap', 'marshall-islands'),
       (2371, 'Ailuk', 137, 'ailuk', 'marshall-islands'),
       (2372, 'Arno', 137, 'arno', 'marshall-islands'),
       (2373, 'Aur', 137, 'aur', 'marshall-islands'),
       (2374, 'Bikini', 137, 'bikini', 'marshall-islands'),
       (2375, 'Ebon', 137, 'ebon', 'marshall-islands'),
       (2376, 'Enewetak', 137, 'enewetak', 'marshall-islands'),
       (2377, 'Jabat', 137, 'jabat', 'marshall-islands'),
       (2378, 'Jaluit', 137, 'jaluit', 'marshall-islands'),
       (2379, 'Kili', 137, 'kili', 'marshall-islands'),
       (2380, 'Kwajalein', 137, 'kwajalein', 'marshall-islands'),
       (2381, 'Lae', 137, 'lae', 'marshall-islands'),
       (2382, 'Lib', 137, 'lib', 'marshall-islands'),
       (2383, 'Likiep', 137, 'likiep', 'marshall-islands'),
       (2384, 'Majuro', 137, 'majuro', 'marshall-islands'),
       (2385, 'Maloelap', 137, 'maloelap', 'marshall-islands'),
       (2386, 'Mejit', 137, 'mejit', 'marshall-islands'),
       (2387, 'Mili', 137, 'mili', 'marshall-islands'),
       (2388, 'Namorik', 137, 'namorik', 'marshall-islands'),
       (2389, 'Namu', 137, 'namu', 'marshall-islands'),
       (2390, 'Rongelap', 137, 'rongelap', 'marshall-islands'),
       (2391, 'Ujae', 137, 'ujae', 'marshall-islands'),
       (2392, 'Utrik', 137, 'utrik', 'marshall-islands'),
       (2393, 'Wotho', 137, 'wotho', 'marshall-islands'),
       (2394, 'Wotje', 137, 'wotje', 'marshall-islands'),
       (2395, 'Fort-de-France', 138, 'fort-de-france', 'martinique'),
       (2396, 'La Trinite', 138, 'la-trinite', 'martinique'),
       (2397, 'Le Marin', 138, 'le-marin', 'martinique'),
       (2398, 'Saint-Pierre', 138, 'saint-pierre', 'martinique'),
       (2399, 'Adrar', 139, 'adrar', 'mauritania'),
       (2400, 'Assaba', 139, 'assaba', 'mauritania'),
       (2401, 'Brakna', 139, 'brakna', 'mauritania'),
       (2402, 'Dhakhlat Nawadibu', 139, 'dhakhlat-nawadibu', 'mauritania'),
       (2403, 'Hudh-al-Gharbi', 139, 'hudh-al-gharbi', 'mauritania'),
       (2404, 'Hudh-ash-Sharqi', 139, 'hudh-ash-sharqi', 'mauritania'),
       (2405, 'Inshiri', 139, 'inshiri', 'mauritania'),
       (2406, 'Nawakshut', 139, 'nawakshut', 'mauritania'),
       (2407, 'Qidimagha', 139, 'qidimagha', 'mauritania'),
       (2408, 'Qurqul', 139, 'qurqul', 'mauritania'),
       (2409, 'Taqant', 139, 'taqant', 'mauritania'),
       (2410, 'Tiris Zammur', 139, 'tiris-zammur', 'mauritania'),
       (2411, 'Trarza', 139, 'trarza', 'mauritania'),
       (2412, 'Black River', 140, 'black-river', 'mauritius'),
       (2413, 'Eau Coulee', 140, 'eau-coulee', 'mauritius'),
       (2414, 'Flacq', 140, 'flacq', 'mauritius'),
       (2415, 'Floreal', 140, 'floreal', 'mauritius'),
       (2416, 'Grand Port', 140, 'grand-port', 'mauritius'),
       (2417, 'Moka', 140, 'moka', 'mauritius'),
       (2418, 'Pamplempousses', 140, 'pamplempousses', 'mauritius'),
       (2419, 'Plaines Wilhelm', 140, 'plaines-wilhelm', 'mauritius'),
       (2420, 'Port Louis', 140, 'port-louis', 'mauritius'),
       (2421, 'Riviere du Rempart', 140, 'riviere-du-rempart', 'mauritius'),
       (2422, 'Rodrigues', 140, 'rodrigues', 'mauritius'),
       (2423, 'Rose Hill', 140, 'rose-hill', 'mauritius'),
       (2424, 'Savanne', 140, 'savanne', 'mauritius'),
       (2425, 'Mayotte', 141, 'mayotte', 'mayotte'),
       (2426, 'Pamanzi', 141, 'pamanzi', 'mayotte'),
       (2427, 'Aguascalientes', 142, 'aguascalientes', 'mexico'),
       (2428, 'Baja California', 142, 'baja-california', 'mexico'),
       (2429, 'Baja California Sur', 142, 'baja-california-sur', 'mexico'),
       (2430, 'Campeche', 142, 'campeche', 'mexico'),
       (2431, 'Chiapas', 142, 'chiapas', 'mexico'),
       (2432, 'Chihuahua', 142, 'chihuahua', 'mexico'),
       (2433, 'Coahuila', 142, 'coahuila', 'mexico'),
       (2434, 'Colima', 142, 'colima', 'mexico'),
       (2435, 'Distrito Federal', 142, 'distrito-federal', 'mexico'),
       (2436, 'Durango', 142, 'durango', 'mexico'),
       (2437, 'Estado de Mexico', 142, 'estado-de-mexico', 'mexico'),
       (2438, 'Guanajuato', 142, 'guanajuato', 'mexico'),
       (2439, 'Guerrero', 142, 'guerrero', 'mexico'),
       (2440, 'Hidalgo', 142, 'hidalgo', 'mexico'),
       (2441, 'Jalisco', 142, 'jalisco', 'mexico'),
       (2442, 'Mexico', 142, 'mexico', 'mexico'),
       (2443, 'Michoacan', 142, 'michoacan', 'mexico'),
       (2444, 'Morelos', 142, 'morelos', 'mexico'),
       (2445, 'Nayarit', 142, 'nayarit', 'mexico'),
       (2446, 'Nuevo Leon', 142, 'nuevo-leon', 'mexico'),
       (2447, 'Oaxaca', 142, 'oaxaca', 'mexico'),
       (2448, 'Puebla', 142, 'puebla', 'mexico'),
       (2449, 'Queretaro', 142, 'queretaro', 'mexico'),
       (2450, 'Quintana Roo', 142, 'quintana-roo', 'mexico'),
       (2451, 'San Luis Potosi', 142, 'san-luis-potosi', 'mexico'),
       (2452, 'Sinaloa', 142, 'sinaloa', 'mexico'),
       (2453, 'Sonora', 142, 'sonora', 'mexico'),
       (2454, 'Tabasco', 142, 'tabasco', 'mexico'),
       (2455, 'Tamaulipas', 142, 'tamaulipas', 'mexico'),
       (2456, 'Tlaxcala', 142, 'tlaxcala', 'mexico'),
       (2457, 'Veracruz', 142, 'veracruz', 'mexico'),
       (2458, 'Yucatan', 142, 'yucatan', 'mexico'),
       (2459, 'Zacatecas', 142, 'zacatecas', 'mexico'),
       (2460, 'Chuuk', 143, 'chuuk', 'micronesia'),
       (2461, 'Kusaie', 143, 'kusaie', 'micronesia'),
       (2462, 'Pohnpei', 143, 'pohnpei', 'micronesia'),
       (2463, 'Yap', 143, 'yap', 'micronesia'),
       (2464, 'Balti', 144, 'balti', 'moldova'),
       (2465, 'Cahul', 144, 'cahul', 'moldova'),
       (2466, 'Chisinau', 144, 'chisinau', 'moldova'),
       (2467, 'Chisinau Oras', 144, 'chisinau-oras', 'moldova'),
       (2468, 'Edinet', 144, 'edinet', 'moldova'),
       (2469, 'Gagauzia', 144, 'gagauzia', 'moldova'),
       (2470, 'Lapusna', 144, 'lapusna', 'moldova'),
       (2471, 'Orhei', 144, 'orhei', 'moldova'),
       (2472, 'Soroca', 144, 'soroca', 'moldova'),
       (2473, 'Taraclia', 144, 'taraclia', 'moldova'),
       (2474, 'Tighina', 144, 'tighina', 'moldova'),
       (2475, 'Transnistria', 144, 'transnistria', 'moldova'),
       (2476, 'Ungheni', 144, 'ungheni', 'moldova'),
       (2477, 'Fontvieille', 145, 'fontvieille', 'monaco'),
       (2478, 'La Condamine', 145, 'la-condamine', 'monaco'),
       (2479, 'Monaco-Ville', 145, 'monaco-ville', 'monaco'),
       (2480, 'Monte Carlo', 145, 'monte-carlo', 'monaco'),
       (2481, 'Arhangaj', 146, 'arhangaj', 'mongolia'),
       (2482, 'Bajan-Olgij', 146, 'bajan-olgij', 'mongolia'),
       (2483, 'Bajanhongor', 146, 'bajanhongor', 'mongolia'),
       (2484, 'Bulgan', 146, 'bulgan', 'mongolia'),
       (2485, 'Darhan-Uul', 146, 'darhan-uul', 'mongolia'),
       (2486, 'Dornod', 146, 'dornod', 'mongolia'),
       (2487, 'Dornogovi', 146, 'dornogovi', 'mongolia'),
       (2488, 'Dundgovi', 146, 'dundgovi', 'mongolia'),
       (2489, 'Govi-Altaj', 146, 'govi-altaj', 'mongolia'),
       (2490, 'Govisumber', 146, 'govisumber', 'mongolia'),
       (2491, 'Hentij', 146, 'hentij', 'mongolia'),
       (2492, 'Hovd', 146, 'hovd', 'mongolia'),
       (2493, 'Hovsgol', 146, 'hovsgol', 'mongolia'),
       (2494, 'Omnogovi', 146, 'omnogovi', 'mongolia'),
       (2495, 'Orhon', 146, 'orhon', 'mongolia'),
       (2496, 'Ovorhangaj', 146, 'ovorhangaj', 'mongolia'),
       (2497, 'Selenge', 146, 'selenge', 'mongolia'),
       (2498, 'Suhbaatar', 146, 'suhbaatar', 'mongolia'),
       (2499, 'Tov', 146, 'tov', 'mongolia'),
       (2500, 'Ulaanbaatar', 146, 'ulaanbaatar', 'mongolia'),
       (2501, 'Uvs', 146, 'uvs', 'mongolia'),
       (2502, 'Zavhan', 146, 'zavhan', 'mongolia'),
       (2503, 'Montserrat', 147, 'montserrat', 'montserrat'),
       (2504, 'Agadir', 148, 'agadir', 'morocco'),
       (2505, 'Casablanca', 148, 'casablanca', 'morocco'),
       (2506, 'Chaouia-Ouardigha', 148, 'chaouia-ouardigha', 'morocco'),
       (2507, 'Doukkala-Abda', 148, 'doukkala-abda', 'morocco'),
       (2508, 'Fes-Boulemane', 148, 'fes-boulemane', 'morocco'),
       (2509, 'Gharb-Chrarda-Beni Hssen', 148, 'gharb-chrarda-beni-hssen', 'morocco'),
       (2510, 'Guelmim', 148, 'guelmim', 'morocco'),
       (2511, 'Kenitra', 148, 'kenitra', 'morocco'),
       (2512, 'Marrakech-Tensift-Al Haouz', 148, 'marrakech-tensift-al-haouz', 'morocco'),
       (2513, 'Meknes-Tafilalet', 148, 'meknes-tafilalet', 'morocco'),
       (2514, 'Oriental', 148, 'oriental', 'morocco'),
       (2515, 'Oujda', 148, 'oujda', 'morocco'),
       (2516, 'Province de Tanger', 148, 'province-de-tanger', 'morocco'),
       (2517, 'Rabat-Sale-Zammour-Zaer', 148, 'rabat-sale-zammour-zaer', 'morocco'),
       (2518, 'Sala Al Jadida', 148, 'sala-al-jadida', 'morocco'),
       (2519, 'Settat', 148, 'settat', 'morocco'),
       (2520, 'Souss Massa-Draa', 148, 'souss-massa-draa', 'morocco'),
       (2521, 'Tadla-Azilal', 148, 'tadla-azilal', 'morocco'),
       (2522, 'Tangier-Tetouan', 148, 'tangier-tetouan', 'morocco'),
       (2523, 'Taza-Al Hoceima-Taounate', 148, 'taza-al-hoceima-taounate', 'morocco'),
       (2524, 'Wilaya de Casablanca', 148, 'wilaya-de-casablanca', 'morocco'),
       (2525, 'Wilaya de Rabat-Sale', 148, 'wilaya-de-rabat-sale', 'morocco'),
       (2526, 'Cabo Delgado', 149, 'cabo-delgado', 'mozambique'),
       (2527, 'Gaza', 149, 'gaza', 'mozambique'),
       (2528, 'Inhambane', 149, 'inhambane', 'mozambique'),
       (2529, 'Manica', 149, 'manica', 'mozambique'),
       (2530, 'Maputo', 149, 'maputo', 'mozambique'),
       (2531, 'Maputo Provincia', 149, 'maputo-provincia', 'mozambique'),
       (2532, 'Nampula', 149, 'nampula', 'mozambique'),
       (2533, 'Niassa', 149, 'niassa', 'mozambique'),
       (2534, 'Sofala', 149, 'sofala', 'mozambique'),
       (2535, 'Tete', 149, 'tete', 'mozambique'),
       (2536, 'Zambezia', 149, 'zambezia', 'mozambique'),
       (2537, 'Ayeyarwady', 150, 'ayeyarwady', 'myanmar'),
       (2538, 'Bago', 150, 'bago', 'myanmar'),
       (2539, 'Chin', 150, 'chin', 'myanmar'),
       (2540, 'Kachin', 150, 'kachin', 'myanmar'),
       (2541, 'Kayah', 150, 'kayah', 'myanmar'),
       (2542, 'Kayin', 150, 'kayin', 'myanmar'),
       (2543, 'Magway', 150, 'magway', 'myanmar'),
       (2544, 'Mandalay', 150, 'mandalay', 'myanmar'),
       (2545, 'Mon', 150, 'mon', 'myanmar'),
       (2546, 'Nay Pyi Taw', 150, 'nay-pyi-taw', 'myanmar'),
       (2547, 'Rakhine', 150, 'rakhine', 'myanmar'),
       (2548, 'Sagaing', 150, 'sagaing', 'myanmar'),
       (2549, 'Shan', 150, 'shan', 'myanmar'),
       (2550, 'Tanintharyi', 150, 'tanintharyi', 'myanmar'),
       (2551, 'Yangon', 150, 'yangon', 'myanmar'),
       (2552, 'Caprivi', 151, 'caprivi', 'namibia'),
       (2553, 'Erongo', 151, 'erongo', 'namibia'),
       (2554, 'Hardap', 151, 'hardap', 'namibia'),
       (2555, 'Karas', 151, 'karas', 'namibia'),
       (2556, 'Kavango', 151, 'kavango', 'namibia'),
       (2557, 'Khomas', 151, 'khomas', 'namibia'),
       (2558, 'Kunene', 151, 'kunene', 'namibia'),
       (2559, 'Ohangwena', 151, 'ohangwena', 'namibia'),
       (2560, 'Omaheke', 151, 'omaheke', 'namibia'),
       (2561, 'Omusati', 151, 'omusati', 'namibia'),
       (2562, 'Oshana', 151, 'oshana', 'namibia'),
       (2563, 'Oshikoto', 151, 'oshikoto', 'namibia'),
       (2564, 'Otjozondjupa', 151, 'otjozondjupa', 'namibia'),
       (2565, 'Yaren', 152, 'yaren', 'nauru'),
       (2566, 'Bagmati', 153, 'bagmati', 'nepal'),
       (2567, 'Bheri', 153, 'bheri', 'nepal'),
       (2568, 'Dhawalagiri', 153, 'dhawalagiri', 'nepal'),
       (2569, 'Gandaki', 153, 'gandaki', 'nepal'),
       (2570, 'Janakpur', 153, 'janakpur', 'nepal'),
       (2571, 'Karnali', 153, 'karnali', 'nepal'),
       (2572, 'Koshi', 153, 'koshi', 'nepal'),
       (2573, 'Lumbini', 153, 'lumbini', 'nepal'),
       (2574, 'Mahakali', 153, 'mahakali', 'nepal'),
       (2575, 'Mechi', 153, 'mechi', 'nepal'),
       (2576, 'Narayani', 153, 'narayani', 'nepal'),
       (2577, 'Rapti', 153, 'rapti', 'nepal'),
       (2578, 'Sagarmatha', 153, 'sagarmatha', 'nepal'),
       (2579, 'Seti', 153, 'seti', 'nepal'),
       (2580, 'Bonaire', 154, 'bonaire', 'netherlands-antilles'),
       (2581, 'Curacao', 154, 'curacao', 'netherlands-antilles'),
       (2582, 'Saba', 154, 'saba', 'netherlands-antilles'),
       (2583, 'Sint Eustatius', 154, 'sint-eustatius', 'netherlands-antilles'),
       (2584, 'Sint Maarten', 154, 'sint-maarten', 'netherlands-antilles'),
       (2585, 'Amsterdam', 155, 'amsterdam', 'netherlands-the'),
       (2586, 'Benelux', 155, 'benelux', 'netherlands-the'),
       (2587, 'Drenthe', 155, 'drenthe', 'netherlands-the'),
       (2588, 'Flevoland', 155, 'flevoland', 'netherlands-the'),
       (2589, 'Friesland', 155, 'friesland', 'netherlands-the'),
       (2590, 'Gelderland', 155, 'gelderland', 'netherlands-the'),
       (2591, 'Groningen', 155, 'groningen', 'netherlands-the'),
       (2592, 'Limburg', 155, 'limburg', 'netherlands-the'),
       (2593, 'Noord-Brabant', 155, 'noord-brabant', 'netherlands-the'),
       (2594, 'Noord-Holland', 155, 'noord-holland', 'netherlands-the'),
       (2595, 'Overijssel', 155, 'overijssel', 'netherlands-the'),
       (2596, 'South Holland', 155, 'south-holland', 'netherlands-the'),
       (2597, 'Utrecht', 155, 'utrecht', 'netherlands-the'),
       (2598, 'Zeeland', 155, 'zeeland', 'netherlands-the'),
       (2599, 'Zuid-Holland', 155, 'zuid-holland', 'netherlands-the'),
       (2600, 'Iles', 156, 'iles', 'new-caledonia'),
       (2601, 'Nord', 156, 'nord', 'new-caledonia'),
       (2602, 'Sud', 156, 'sud', 'new-caledonia'),
       (2603, 'Area Outside Region', 157, 'area-outside-region', 'new-zealand'),
       (2604, 'Auckland', 157, 'auckland', 'new-zealand'),
       (2605, 'Bay of Plenty', 157, 'bay-of-plenty', 'new-zealand'),
       (2606, 'Canterbury', 157, 'canterbury', 'new-zealand'),
       (2607, 'Christchurch', 157, 'christchurch', 'new-zealand'),
       (2608, 'Gisborne', 157, 'gisborne', 'new-zealand'),
       (2609, 'Hawke\'s Bay', 157, 'hawkes-bay', 'new-zealand'),
       (2610, 'Manawatu-Wanganui', 157, 'manawatu-wanganui', 'new-zealand'),
       (2611, 'Marlborough', 157, 'marlborough', 'new-zealand'),
       (2612, 'Nelson', 157, 'nelson', 'new-zealand'),
       (2613, 'Northland', 157, 'northland', 'new-zealand'),
       (2614, 'Otago', 157, 'otago', 'new-zealand'),
       (2615, 'Rodney', 157, 'rodney', 'new-zealand'),
       (2616, 'Southland', 157, 'southland', 'new-zealand'),
       (2617, 'Taranaki', 157, 'taranaki', 'new-zealand'),
       (2618, 'Tasman', 157, 'tasman', 'new-zealand'),
       (2619, 'Waikato', 157, 'waikato', 'new-zealand'),
       (2620, 'Wellington', 157, 'wellington', 'new-zealand'),
       (2621, 'West Coast', 157, 'west-coast', 'new-zealand'),
       (2622, 'Atlantico Norte', 158, 'atlantico-norte', 'nicaragua'),
       (2623, 'Atlantico Sur', 158, 'atlantico-sur', 'nicaragua'),
       (2624, 'Boaco', 158, 'boaco', 'nicaragua'),
       (2625, 'Carazo', 158, 'carazo', 'nicaragua'),
       (2626, 'Chinandega', 158, 'chinandega', 'nicaragua'),
       (2627, 'Chontales', 158, 'chontales', 'nicaragua'),
       (2628, 'Esteli', 158, 'esteli', 'nicaragua'),
       (2629, 'Granada', 158, 'granada', 'nicaragua'),
       (2630, 'Jinotega', 158, 'jinotega', 'nicaragua'),
       (2631, 'Leon', 158, 'leon', 'nicaragua'),
       (2632, 'Madriz', 158, 'madriz', 'nicaragua'),
       (2633, 'Managua', 158, 'managua', 'nicaragua'),
       (2634, 'Masaya', 158, 'masaya', 'nicaragua'),
       (2635, 'Matagalpa', 158, 'matagalpa', 'nicaragua'),
       (2636, 'Nueva Segovia', 158, 'nueva-segovia', 'nicaragua'),
       (2637, 'Rio San Juan', 158, 'rio-san-juan', 'nicaragua'),
       (2638, 'Rivas', 158, 'rivas', 'nicaragua'),
       (2639, 'Agadez', 159, 'agadez', 'niger'),
       (2640, 'Diffa', 159, 'diffa', 'niger'),
       (2641, 'Dosso', 159, 'dosso', 'niger'),
       (2642, 'Maradi', 159, 'maradi', 'niger'),
       (2643, 'Niamey', 159, 'niamey', 'niger'),
       (2644, 'Tahoua', 159, 'tahoua', 'niger'),
       (2645, 'Tillabery', 159, 'tillabery', 'niger'),
       (2646, 'Zinder', 159, 'zinder', 'niger'),
       (2647, 'Abia', 160, 'abia', 'nigeria'),
       (2648, 'Abuja Federal Capital Territor', 160, 'abuja-federal-capital-territory', 'nigeria'),
       (2649, 'Adamawa', 160, 'adamawa', 'nigeria'),
       (2650, 'Akwa Ibom', 160, 'akwa-ibom', 'nigeria'),
       (2651, 'Anambra', 160, 'anambra', 'nigeria'),
       (2652, 'Bauchi', 160, 'bauchi', 'nigeria'),
       (2653, 'Bayelsa', 160, 'bayelsa', 'nigeria'),
       (2654, 'Benue', 160, 'benue', 'nigeria'),
       (2655, 'Borno', 160, 'borno', 'nigeria'),
       (2656, 'Cross River', 160, 'cross-river', 'nigeria'),
       (2657, 'Delta', 160, 'delta', 'nigeria'),
       (2658, 'Ebonyi', 160, 'ebonyi', 'nigeria'),
       (2659, 'Edo', 160, 'edo', 'nigeria'),
       (2660, 'Ekiti', 160, 'ekiti', 'nigeria'),
       (2661, 'Enugu', 160, 'enugu', 'nigeria'),
       (2662, 'Gombe', 160, 'gombe', 'nigeria'),
       (2663, 'Imo', 160, 'imo', 'nigeria'),
       (2664, 'Jigawa', 160, 'jigawa', 'nigeria'),
       (2665, 'Kaduna', 160, 'kaduna', 'nigeria'),
       (2666, 'Kano', 160, 'kano', 'nigeria'),
       (2667, 'Katsina', 160, 'katsina', 'nigeria'),
       (2668, 'Kebbi', 160, 'kebbi', 'nigeria'),
       (2669, 'Kogi', 160, 'kogi', 'nigeria'),
       (2670, 'Kwara', 160, 'kwara', 'nigeria'),
       (2671, 'Lagos', 160, 'lagos', 'nigeria'),
       (2672, 'Nassarawa', 160, 'nassarawa', 'nigeria'),
       (2673, 'Niger', 160, 'niger', 'nigeria'),
       (2674, 'Ogun', 160, 'ogun', 'nigeria'),
       (2675, 'Ondo', 160, 'ondo', 'nigeria'),
       (2676, 'Osun', 160, 'osun', 'nigeria'),
       (2677, 'Oyo', 160, 'oyo', 'nigeria'),
       (2678, 'Plateau', 160, 'plateau', 'nigeria'),
       (2679, 'Rivers', 160, 'rivers', 'nigeria'),
       (2680, 'Sokoto', 160, 'sokoto', 'nigeria'),
       (2681, 'Taraba', 160, 'taraba', 'nigeria'),
       (2682, 'Yobe', 160, 'yobe', 'nigeria'),
       (2683, 'Zamfara', 160, 'zamfara', 'nigeria'),
       (2684, 'Niue', 161, 'niue', 'niue'),
       (2685, 'Norfolk Island', 162, 'norfolk-island', 'norfolk-island'),
       (2686, 'Northern Islands', 163, 'northern-islands', 'northern-mariana-islands'),
       (2687, 'Rota', 163, 'rota', 'northern-mariana-islands'),
       (2688, 'Saipan', 163, 'saipan', 'northern-mariana-islands'),
       (2689, 'Tinian', 163, 'tinian', 'northern-mariana-islands'),
       (2690, 'Akershus', 164, 'akershus', 'norway'),
       (2691, 'Aust Agder', 164, 'aust-agder', 'norway'),
       (2692, 'Bergen', 164, 'bergen', 'norway'),
       (2693, 'Buskerud', 164, 'buskerud', 'norway'),
       (2694, 'Finnmark', 164, 'finnmark', 'norway'),
       (2695, 'Hedmark', 164, 'hedmark', 'norway'),
       (2696, 'Hordaland', 164, 'hordaland', 'norway'),
       (2697, 'Moere og Romsdal', 164, 'moere-og-romsdal', 'norway'),
       (2698, 'Nord Trondelag', 164, 'nord-trondelag', 'norway'),
       (2699, 'Nordland', 164, 'nordland', 'norway'),
       (2700, 'Oestfold', 164, 'oestfold', 'norway'),
       (2701, 'Oppland', 164, 'oppland', 'norway'),
       (2702, 'Oslo', 164, 'oslo', 'norway'),
       (2703, 'Rogaland', 164, 'rogaland', 'norway'),
       (2704, 'Soer Troendelag', 164, 'soer-troendelag', 'norway'),
       (2705, 'Sogn og Fjordane', 164, 'sogn-og-fjordane', 'norway'),
       (2706, 'Stavern', 164, 'stavern', 'norway'),
       (2707, 'Sykkylven', 164, 'sykkylven', 'norway'),
       (2708, 'Telemark', 164, 'telemark', 'norway'),
       (2709, 'Troms', 164, 'troms', 'norway'),
       (2710, 'Vest Agder', 164, 'vest-agder', 'norway'),
       (2711, 'Vestfold', 164, 'vestfold', 'norway'),
       (2712, 'stfold', 164, 'aastfold', 'norway'),
       (2713, 'Al Buraimi', 165, 'al-buraimi', 'oman'),
       (2714, 'Dhufar', 165, 'dhufar', 'oman'),
       (2715, 'Masqat', 165, 'masqat', 'oman'),
       (2716, 'Musandam', 165, 'musandam', 'oman'),
       (2717, 'Rusayl', 165, 'rusayl', 'oman'),
       (2718, 'Wadi Kabir', 165, 'wadi-kabir', 'oman'),
       (2719, 'ad-Dakhiliyah', 165, 'ad-dakhiliyah', 'oman'),
       (2720, 'adh-Dhahirah', 165, 'adh-dhahirah', 'oman'),
       (2721, 'al-Batinah', 165, 'al-batinah', 'oman'),
       (2722, 'ash-Sharqiyah', 165, 'ash-sharqiyah', 'oman'),
       (2723, 'Baluchistan', 166, 'baluchistan', 'pakistan'),
       (2724, 'Federal Capital Area', 166, 'federal-capital-area', 'pakistan'),
       (2725, 'Federally administered Tribal ', 166, 'federally-administered-tribal', 'pakistan'),
       (2726, 'North-West Frontier', 166, 'north-west-frontier', 'pakistan'),
       (2727, 'Northern Areas', 166, 'northern-areas', 'pakistan'),
       (2728, 'Punjab', 166, 'punjab', 'pakistan'),
       (2729, 'Sind', 166, 'sind', 'pakistan'),
       (2730, 'Aimeliik', 167, 'aimeliik', 'palau'),
       (2731, 'Airai', 167, 'airai', 'palau'),
       (2732, 'Angaur', 167, 'angaur', 'palau'),
       (2733, 'Hatobohei', 167, 'hatobohei', 'palau'),
       (2734, 'Kayangel', 167, 'kayangel', 'palau'),
       (2735, 'Koror', 167, 'koror', 'palau'),
       (2736, 'Melekeok', 167, 'melekeok', 'palau'),
       (2737, 'Ngaraard', 167, 'ngaraard', 'palau'),
       (2738, 'Ngardmau', 167, 'ngardmau', 'palau'),
       (2739, 'Ngaremlengui', 167, 'ngaremlengui', 'palau'),
       (2740, 'Ngatpang', 167, 'ngatpang', 'palau'),
       (2741, 'Ngchesar', 167, 'ngchesar', 'palau'),
       (2742, 'Ngerchelong', 167, 'ngerchelong', 'palau'),
       (2743, 'Ngiwal', 167, 'ngiwal', 'palau'),
       (2744, 'Peleliu', 167, 'peleliu', 'palau'),
       (2745, 'Sonsorol', 167, 'sonsorol', 'palau'),
       (2746, 'Ariha', 168, 'ariha', 'palestinian-territory-occupied'),
       (2747, 'Bayt Lahm', 168, 'bayt-lahm', 'palestinian-territory-occupied'),
       (2748, 'Bethlehem', 168, 'bethlehem', 'palestinian-territory-occupied'),
       (2749, 'Dayr-al-Balah', 168, 'dayr-al-balah', 'palestinian-territory-occupied'),
       (2750, 'Ghazzah', 168, 'ghazzah', 'palestinian-territory-occupied'),
       (2751, 'Ghazzah ash-Shamaliyah', 168, 'ghazzah-ash-shamaliyah', 'palestinian-territory-occupied'),
       (2752, 'Janin', 168, 'janin', 'palestinian-territory-occupied'),
       (2753, 'Khan Yunis', 168, 'khan-yunis', 'palestinian-territory-occupied'),
       (2754, 'Nabulus', 168, 'nabulus', 'palestinian-territory-occupied'),
       (2755, 'Qalqilyah', 168, 'qalqilyah', 'palestinian-territory-occupied'),
       (2756, 'Rafah', 168, 'rafah', 'palestinian-territory-occupied'),
       (2757, 'Ram Allah wal-Birah', 168, 'ram-allah-wal-birah', 'palestinian-territory-occupied'),
       (2758, 'Salfit', 168, 'salfit', 'palestinian-territory-occupied'),
       (2759, 'Tubas', 168, 'tubas', 'palestinian-territory-occupied'),
       (2760, 'Tulkarm', 168, 'tulkarm', 'palestinian-territory-occupied'),
       (2761, 'al-Khalil', 168, 'al-khalil', 'palestinian-territory-occupied'),
       (2762, 'al-Quds', 168, 'al-quds', 'palestinian-territory-occupied'),
       (2763, 'Bocas del Toro', 169, 'bocas-del-toro', 'panama'),
       (2764, 'Chiriqui', 169, 'chiriqui', 'panama'),
       (2765, 'Cocle', 169, 'cocle', 'panama'),
       (2766, 'Colon', 169, 'colon', 'panama'),
       (2767, 'Darien', 169, 'darien', 'panama'),
       (2768, 'Embera', 169, 'embera', 'panama'),
       (2769, 'Herrera', 169, 'herrera', 'panama'),
       (2770, 'Kuna Yala', 169, 'kuna-yala', 'panama'),
       (2771, 'Los Santos', 169, 'los-santos', 'panama'),
       (2772, 'Ngobe Bugle', 169, 'ngobe-bugle', 'panama'),
       (2773, 'Panama', 169, 'panama', 'panama'),
       (2774, 'Veraguas', 169, 'veraguas', 'panama'),
       (2775, 'East New Britain', 170, 'east-new-britain', 'papua-new-guinea'),
       (2776, 'East Sepik', 170, 'east-sepik', 'papua-new-guinea'),
       (2777, 'Eastern Highlands', 170, 'eastern-highlands', 'papua-new-guinea'),
       (2778, 'Enga', 170, 'enga', 'papua-new-guinea'),
       (2779, 'Fly River', 170, 'fly-river', 'papua-new-guinea'),
       (2780, 'Gulf', 170, 'gulf', 'papua-new-guinea'),
       (2781, 'Madang', 170, 'madang', 'papua-new-guinea'),
       (2782, 'Manus', 170, 'manus', 'papua-new-guinea'),
       (2783, 'Milne Bay', 170, 'milne-bay', 'papua-new-guinea'),
       (2784, 'Morobe', 170, 'morobe', 'papua-new-guinea'),
       (2785, 'National Capital District', 170, 'national-capital-district', 'papua-new-guinea'),
       (2786, 'New Ireland', 170, 'new-ireland', 'papua-new-guinea'),
       (2787, 'North Solomons', 170, 'north-solomons', 'papua-new-guinea'),
       (2788, 'Oro', 170, 'oro', 'papua-new-guinea'),
       (2789, 'Sandaun', 170, 'sandaun', 'papua-new-guinea'),
       (2790, 'Simbu', 170, 'simbu', 'papua-new-guinea'),
       (2791, 'Southern Highlands', 170, 'southern-highlands', 'papua-new-guinea'),
       (2792, 'West New Britain', 170, 'west-new-britain', 'papua-new-guinea'),
       (2793, 'Western Highlands', 170, 'western-highlands', 'papua-new-guinea'),
       (2794, 'Alto Paraguay', 171, 'alto-paraguay', 'paraguay'),
       (2795, 'Alto Parana', 171, 'alto-parana', 'paraguay'),
       (2796, 'Amambay', 171, 'amambay', 'paraguay'),
       (2797, 'Asuncion', 171, 'asuncion', 'paraguay'),
       (2798, 'Boqueron', 171, 'boqueron', 'paraguay'),
       (2799, 'Caaguazu', 171, 'caaguazu', 'paraguay'),
       (2800, 'Caazapa', 171, 'caazapa', 'paraguay'),
       (2801, 'Canendiyu', 171, 'canendiyu', 'paraguay'),
       (2802, 'Central', 171, 'central', 'paraguay'),
       (2803, 'Concepcion', 171, 'concepcion', 'paraguay'),
       (2804, 'Cordillera', 171, 'cordillera', 'paraguay'),
       (2805, 'Guaira', 171, 'guaira', 'paraguay'),
       (2806, 'Itapua', 171, 'itapua', 'paraguay'),
       (2807, 'Misiones', 171, 'misiones', 'paraguay'),
       (2808, 'Neembucu', 171, 'neembucu', 'paraguay'),
       (2809, 'Paraguari', 171, 'paraguari', 'paraguay'),
       (2810, 'Presidente Hayes', 171, 'presidente-hayes', 'paraguay'),
       (2811, 'San Pedro', 171, 'san-pedro', 'paraguay'),
       (2812, 'Amazonas', 172, 'amazonas', 'peru'),
       (2813, 'Ancash', 172, 'ancash', 'peru'),
       (2814, 'Apurimac', 172, 'apurimac', 'peru'),
       (2815, 'Arequipa', 172, 'arequipa', 'peru'),
       (2816, 'Ayacucho', 172, 'ayacucho', 'peru'),
       (2817, 'Cajamarca', 172, 'cajamarca', 'peru'),
       (2818, 'Cusco', 172, 'cusco', 'peru'),
       (2819, 'Huancavelica', 172, 'huancavelica', 'peru'),
       (2820, 'Huanuco', 172, 'huanuco', 'peru'),
       (2821, 'Ica', 172, 'ica', 'peru'),
       (2822, 'Junin', 172, 'junin', 'peru'),
       (2823, 'La Libertad', 172, 'la-libertad', 'peru'),
       (2824, 'Lambayeque', 172, 'lambayeque', 'peru'),
       (2825, 'Lima y Callao', 172, 'lima-y-callao', 'peru'),
       (2826, 'Loreto', 172, 'loreto', 'peru'),
       (2827, 'Madre de Dios', 172, 'madre-de-dios', 'peru'),
       (2828, 'Moquegua', 172, 'moquegua', 'peru'),
       (2829, 'Pasco', 172, 'pasco', 'peru'),
       (2830, 'Piura', 172, 'piura', 'peru'),
       (2831, 'Puno', 172, 'puno', 'peru'),
       (2832, 'San Martin', 172, 'san-martin', 'peru'),
       (2833, 'Tacna', 172, 'tacna', 'peru'),
       (2834, 'Tumbes', 172, 'tumbes', 'peru'),
       (2835, 'Ucayali', 172, 'ucayali', 'peru'),
       (2836, 'Batangas', 173, 'batangas', 'philippines'),
       (2837, 'Bicol', 173, 'bicol', 'philippines'),
       (2838, 'Bulacan', 173, 'bulacan', 'philippines'),
       (2839, 'Cagayan', 173, 'cagayan', 'philippines'),
       (2840, 'Caraga', 173, 'caraga', 'philippines'),
       (2841, 'Central Luzon', 173, 'central-luzon', 'philippines'),
       (2842, 'Central Mindanao', 173, 'central-mindanao', 'philippines'),
       (2843, 'Central Visayas', 173, 'central-visayas', 'philippines'),
       (2844, 'Cordillera', 173, 'cordillera', 'philippines'),
       (2845, 'Davao', 173, 'davao', 'philippines'),
       (2846, 'Eastern Visayas', 173, 'eastern-visayas', 'philippines'),
       (2847, 'Greater Metropolitan Area', 173, 'greater-metropolitan-area', 'philippines'),
       (2848, 'Ilocos', 173, 'ilocos', 'philippines'),
       (2849, 'Laguna', 173, 'laguna', 'philippines'),
       (2850, 'Luzon', 173, 'luzon', 'philippines'),
       (2851, 'Mactan', 173, 'mactan', 'philippines'),
       (2852, 'Metropolitan Manila Area', 173, 'metropolitan-manila-area', 'philippines'),
       (2853, 'Muslim Mindanao', 173, 'muslim-mindanao', 'philippines'),
       (2854, 'Northern Mindanao', 173, 'northern-mindanao', 'philippines'),
       (2855, 'Southern Mindanao', 173, 'southern-mindanao', 'philippines'),
       (2856, 'Southern Tagalog', 173, 'southern-tagalog', 'philippines'),
       (2857, 'Western Mindanao', 173, 'western-mindanao', 'philippines'),
       (2858, 'Western Visayas', 173, 'western-visayas', 'philippines'),
       (2859, 'Pitcairn Island', 174, 'pitcairn-island', 'pitcairn-island'),
       (2860, 'Biale Blota', 175, 'biale-blota', 'poland'),
       (2861, 'Dobroszyce', 175, 'dobroszyce', 'poland'),
       (2862, 'Dolnoslaskie', 175, 'dolnoslaskie', 'poland'),
       (2863, 'Dziekanow Lesny', 175, 'dziekanow-lesny', 'poland'),
       (2864, 'Hopowo', 175, 'hopowo', 'poland'),
       (2865, 'Kartuzy', 175, 'kartuzy', 'poland'),
       (2866, 'Koscian', 175, 'koscian', 'poland'),
       (2867, 'Krakow', 175, 'krakow', 'poland'),
       (2868, 'Kujawsko-Pomorskie', 175, 'kujawsko-pomorskie', 'poland'),
       (2869, 'Lodzkie', 175, 'lodzkie', 'poland'),
       (2870, 'Lubelskie', 175, 'lubelskie', 'poland'),
       (2871, 'Lubuskie', 175, 'lubuskie', 'poland'),
       (2872, 'Malomice', 175, 'malomice', 'poland'),
       (2873, 'Malopolskie', 175, 'malopolskie', 'poland'),
       (2874, 'Mazowieckie', 175, 'mazowieckie', 'poland'),
       (2875, 'Mirkow', 175, 'mirkow', 'poland'),
       (2876, 'Opolskie', 175, 'opolskie', 'poland'),
       (2877, 'Ostrowiec', 175, 'ostrowiec', 'poland'),
       (2878, 'Podkarpackie', 175, 'podkarpackie', 'poland'),
       (2879, 'Podlaskie', 175, 'podlaskie', 'poland'),
       (2880, 'Polska', 175, 'polska', 'poland'),
       (2881, 'Pomorskie', 175, 'pomorskie', 'poland'),
       (2882, 'Poznan', 175, 'poznan', 'poland'),
       (2883, 'Pruszkow', 175, 'pruszkow', 'poland'),
       (2884, 'Rymanowska', 175, 'rymanowska', 'poland'),
       (2885, 'Rzeszow', 175, 'rzeszow', 'poland'),
       (2886, 'Slaskie', 175, 'slaskie', 'poland'),
       (2887, 'Stare Pole', 175, 'stare-pole', 'poland'),
       (2888, 'Swietokrzyskie', 175, 'swietokrzyskie', 'poland'),
       (2889, 'Warminsko-Mazurskie', 175, 'warminsko-mazurskie', 'poland'),
       (2890, 'Warsaw', 175, 'warsaw', 'poland'),
       (2891, 'Wejherowo', 175, 'wejherowo', 'poland'),
       (2892, 'Wielkopolskie', 175, 'wielkopolskie', 'poland'),
       (2893, 'Wroclaw', 175, 'wroclaw', 'poland'),
       (2894, 'Zachodnio-Pomorskie', 175, 'zachodnio-pomorskie', 'poland'),
       (2895, 'Zukowo', 175, 'zukowo', 'poland'),
       (2896, 'Abrantes', 176, 'abrantes', 'portugal'),
       (2897, 'Acores', 176, 'acores', 'portugal'),
       (2898, 'Alentejo', 176, 'alentejo', 'portugal'),
       (2899, 'Algarve', 176, 'algarve', 'portugal'),
       (2900, 'Braga', 176, 'braga', 'portugal'),
       (2901, 'Centro', 176, 'centro', 'portugal'),
       (2902, 'Distrito de Leiria', 176, 'distrito-de-leiria', 'portugal'),
       (2903, 'Distrito de Viana do Castelo', 176, 'distrito-de-viana-do-castelo', 'portugal'),
       (2904, 'Distrito de Vila Real', 176, 'distrito-de-vila-real', 'portugal'),
       (2905, 'Distrito do Porto', 176, 'distrito-do-porto', 'portugal'),
       (2906, 'Lisboa e Vale do Tejo', 176, 'lisboa-e-vale-do-tejo', 'portugal'),
       (2907, 'Madeira', 176, 'madeira', 'portugal'),
       (2908, 'Norte', 176, 'norte', 'portugal'),
       (2909, 'Paivas', 176, 'paivas', 'portugal'),
       (2910, 'Arecibo', 177, 'arecibo', 'puerto-rico'),
       (2911, 'Bayamon', 177, 'bayamon', 'puerto-rico'),
       (2912, 'Carolina', 177, 'carolina', 'puerto-rico'),
       (2913, 'Florida', 177, 'florida', 'puerto-rico'),
       (2914, 'Guayama', 177, 'guayama', 'puerto-rico'),
       (2915, 'Humacao', 177, 'humacao', 'puerto-rico'),
       (2916, 'Mayaguez-Aguadilla', 177, 'mayaguez-aguadilla', 'puerto-rico'),
       (2917, 'Ponce', 177, 'ponce', 'puerto-rico'),
       (2918, 'Salinas', 177, 'salinas', 'puerto-rico'),
       (2919, 'San Juan', 177, 'san-juan', 'puerto-rico'),
       (2920, 'Doha', 178, 'doha', 'qatar'),
       (2921, 'Jarian-al-Batnah', 178, 'jarian-al-batnah', 'qatar'),
       (2922, 'Umm Salal', 178, 'umm-salal', 'qatar'),
       (2923, 'ad-Dawhah', 178, 'ad-dawhah', 'qatar'),
       (2924, 'al-Ghuwayriyah', 178, 'al-ghuwayriyah', 'qatar'),
       (2925, 'al-Jumayliyah', 178, 'al-jumayliyah', 'qatar'),
       (2926, 'al-Khawr', 178, 'al-khawr', 'qatar'),
       (2927, 'al-Wakrah', 178, 'al-wakrah', 'qatar'),
       (2928, 'ar-Rayyan', 178, 'ar-rayyan', 'qatar'),
       (2929, 'ash-Shamal', 178, 'ash-shamal', 'qatar'),
       (2930, 'Saint-Benoit', 179, 'saint-benoit', 'reunion'),
       (2931, 'Saint-Denis', 179, 'saint-denis', 'reunion'),
       (2932, 'Saint-Paul', 179, 'saint-paul', 'reunion'),
       (2933, 'Saint-Pierre', 179, 'saint-pierre', 'reunion'),
       (2934, 'Alba', 180, 'alba', 'romania'),
       (2935, 'Arad', 180, 'arad', 'romania'),
       (2936, 'Arges', 180, 'arges', 'romania'),
       (2937, 'Bacau', 180, 'bacau', 'romania'),
       (2938, 'Bihor', 180, 'bihor', 'romania'),
       (2939, 'Bistrita-Nasaud', 180, 'bistrita-nasaud', 'romania'),
       (2940, 'Botosani', 180, 'botosani', 'romania'),
       (2941, 'Braila', 180, 'braila', 'romania'),
       (2942, 'Brasov', 180, 'brasov', 'romania'),
       (2943, 'Bucuresti', 180, 'bucuresti', 'romania'),
       (2944, 'Buzau', 180, 'buzau', 'romania'),
       (2945, 'Calarasi', 180, 'calarasi', 'romania'),
       (2946, 'Caras-Severin', 180, 'caras-severin', 'romania'),
       (2947, 'Cluj', 180, 'cluj', 'romania'),
       (2948, 'Constanta', 180, 'constanta', 'romania'),
       (2949, 'Covasna', 180, 'covasna', 'romania'),
       (2950, 'Dambovita', 180, 'dambovita', 'romania'),
       (2951, 'Dolj', 180, 'dolj', 'romania'),
       (2952, 'Galati', 180, 'galati', 'romania'),
       (2953, 'Giurgiu', 180, 'giurgiu', 'romania'),
       (2954, 'Gorj', 180, 'gorj', 'romania'),
       (2955, 'Harghita', 180, 'harghita', 'romania'),
       (2956, 'Hunedoara', 180, 'hunedoara', 'romania'),
       (2957, 'Ialomita', 180, 'ialomita', 'romania'),
       (2958, 'Iasi', 180, 'iasi', 'romania'),
       (2959, 'Ilfov', 180, 'ilfov', 'romania'),
       (2960, 'Maramures', 180, 'maramures', 'romania'),
       (2961, 'Mehedinti', 180, 'mehedinti', 'romania'),
       (2962, 'Mures', 180, 'mures', 'romania'),
       (2963, 'Neamt', 180, 'neamt', 'romania'),
       (2964, 'Olt', 180, 'olt', 'romania'),
       (2965, 'Prahova', 180, 'prahova', 'romania'),
       (2966, 'Salaj', 180, 'salaj', 'romania'),
       (2967, 'Satu Mare', 180, 'satu-mare', 'romania'),
       (2968, 'Sibiu', 180, 'sibiu', 'romania'),
       (2969, 'Sondelor', 180, 'sondelor', 'romania'),
       (2970, 'Suceava', 180, 'suceava', 'romania'),
       (2971, 'Teleorman', 180, 'teleorman', 'romania'),
       (2972, 'Timis', 180, 'timis', 'romania'),
       (2973, 'Tulcea', 180, 'tulcea', 'romania'),
       (2974, 'Valcea', 180, 'valcea', 'romania'),
       (2975, 'Vaslui', 180, 'vaslui', 'romania'),
       (2976, 'Vrancea', 180, 'vrancea', 'romania'),
       (2977, 'Adygeja', 181, 'adygeja', 'russia'),
       (2978, 'Aga', 181, 'aga', 'russia'),
       (2979, 'Alanija', 181, 'alanija', 'russia'),
       (2980, 'Altaj', 181, 'altaj', 'russia'),
       (2981, 'Amur', 181, 'amur', 'russia'),
       (2982, 'Arhangelsk', 181, 'arhangelsk', 'russia'),
       (2983, 'Astrahan', 181, 'astrahan', 'russia'),
       (2984, 'Bashkortostan', 181, 'bashkortostan', 'russia'),
       (2985, 'Belgorod', 181, 'belgorod', 'russia'),
       (2986, 'Brjansk', 181, 'brjansk', 'russia'),
       (2987, 'Burjatija', 181, 'burjatija', 'russia'),
       (2988, 'Chechenija', 181, 'chechenija', 'russia'),
       (2989, 'Cheljabinsk', 181, 'cheljabinsk', 'russia'),
       (2990, 'Chita', 181, 'chita', 'russia'),
       (2991, 'Chukotka', 181, 'chukotka', 'russia'),
       (2992, 'Chuvashija', 181, 'chuvashija', 'russia'),
       (2993, 'Dagestan', 181, 'dagestan', 'russia'),
       (2994, 'Evenkija', 181, 'evenkija', 'russia'),
       (2995, 'Gorno-Altaj', 181, 'gorno-altaj', 'russia'),
       (2996, 'Habarovsk', 181, 'habarovsk', 'russia'),
       (2997, 'Hakasija', 181, 'hakasija', 'russia'),
       (2998, 'Hanty-Mansija', 181, 'hanty-mansija', 'russia'),
       (2999, 'Ingusetija', 181, 'ingusetija', 'russia'),
       (3000, 'Irkutsk', 181, 'irkutsk', 'russia'),
       (3001, 'Ivanovo', 181, 'ivanovo', 'russia'),
       (3002, 'Jamalo-Nenets', 181, 'jamalo-nenets', 'russia'),
       (3003, 'Jaroslavl', 181, 'jaroslavl', 'russia'),
       (3004, 'Jevrej', 181, 'jevrej', 'russia'),
       (3005, 'Kabardino-Balkarija', 181, 'kabardino-balkarija', 'russia'),
       (3006, 'Kaliningrad', 181, 'kaliningrad', 'russia'),
       (3007, 'Kalmykija', 181, 'kalmykija', 'russia'),
       (3008, 'Kaluga', 181, 'kaluga', 'russia'),
       (3009, 'Kamchatka', 181, 'kamchatka', 'russia'),
       (3010, 'Karachaj-Cherkessija', 181, 'karachaj-cherkessija', 'russia'),
       (3011, 'Karelija', 181, 'karelija', 'russia'),
       (3012, 'Kemerovo', 181, 'kemerovo', 'russia'),
       (3013, 'Khabarovskiy Kray', 181, 'khabarovskiy-kray', 'russia'),
       (3014, 'Kirov', 181, 'kirov', 'russia'),
       (3015, 'Komi', 181, 'komi', 'russia'),
       (3016, 'Komi-Permjakija', 181, 'komi-permjakija', 'russia'),
       (3017, 'Korjakija', 181, 'korjakija', 'russia'),
       (3018, 'Kostroma', 181, 'kostroma', 'russia'),
       (3019, 'Krasnodar', 181, 'krasnodar', 'russia'),
       (3020, 'Krasnojarsk', 181, 'krasnojarsk', 'russia'),
       (3021, 'Krasnoyarskiy Kray', 181, 'krasnoyarskiy-kray', 'russia'),
       (3022, 'Kurgan', 181, 'kurgan', 'russia'),
       (3023, 'Kursk', 181, 'kursk', 'russia'),
       (3024, 'Leningrad', 181, 'leningrad', 'russia'),
       (3025, 'Lipeck', 181, 'lipeck', 'russia'),
       (3026, 'Magadan', 181, 'magadan', 'russia'),
       (3027, 'Marij El', 181, 'marij-el', 'russia'),
       (3028, 'Mordovija', 181, 'mordovija', 'russia'),
       (3029, 'Moscow', 181, 'moscow', 'russia'),
       (3030, 'Moskovskaja Oblast', 181, 'moskovskaja-oblast', 'russia'),
       (3031, 'Moskovskaya Oblast', 181, 'moskovskaya-oblast', 'russia'),
       (3032, 'Moskva', 181, 'moskva', 'russia'),
       (3033, 'Murmansk', 181, 'murmansk', 'russia'),
       (3034, 'Nenets', 181, 'nenets', 'russia'),
       (3035, 'Nizhnij Novgorod', 181, 'nizhnij-novgorod', 'russia'),
       (3036, 'Novgorod', 181, 'novgorod', 'russia'),
       (3037, 'Novokusnezk', 181, 'novokusnezk', 'russia'),
       (3038, 'Novosibirsk', 181, 'novosibirsk', 'russia'),
       (3039, 'Omsk', 181, 'omsk', 'russia'),
       (3040, 'Orenburg', 181, 'orenburg', 'russia'),
       (3041, 'Orjol', 181, 'orjol', 'russia'),
       (3042, 'Penza', 181, 'penza', 'russia'),
       (3043, 'Perm', 181, 'perm', 'russia'),
       (3044, 'Primorje', 181, 'primorje', 'russia'),
       (3045, 'Pskov', 181, 'pskov', 'russia'),
       (3046, 'Pskovskaya Oblast', 181, 'pskovskaya-oblast', 'russia'),
       (3047, 'Rjazan', 181, 'rjazan', 'russia'),
       (3048, 'Rostov', 181, 'rostov', 'russia'),
       (3049, 'Saha', 181, 'saha', 'russia'),
       (3050, 'Sahalin', 181, 'sahalin', 'russia'),
       (3051, 'Samara', 181, 'samara', 'russia'),
       (3052, 'Samarskaya', 181, 'samarskaya', 'russia'),
       (3053, 'Sankt-Peterburg', 181, 'sankt-peterburg', 'russia'),
       (3054, 'Saratov', 181, 'saratov', 'russia'),
       (3055, 'Smolensk', 181, 'smolensk', 'russia'),
       (3056, 'Stavropol', 181, 'stavropol', 'russia'),
       (3057, 'Sverdlovsk', 181, 'sverdlovsk', 'russia'),
       (3058, 'Tajmyrija', 181, 'tajmyrija', 'russia'),
       (3059, 'Tambov', 181, 'tambov', 'russia'),
       (3060, 'Tatarstan', 181, 'tatarstan', 'russia'),
       (3061, 'Tjumen', 181, 'tjumen', 'russia'),
       (3062, 'Tomsk', 181, 'tomsk', 'russia'),
       (3063, 'Tula', 181, 'tula', 'russia'),
       (3064, 'Tver', 181, 'tver', 'russia'),
       (3065, 'Tyva', 181, 'tyva', 'russia'),
       (3066, 'Udmurtija', 181, 'udmurtija', 'russia'),
       (3067, 'Uljanovsk', 181, 'uljanovsk', 'russia'),
       (3068, 'Ulyanovskaya Oblast', 181, 'ulyanovskaya-oblast', 'russia'),
       (3069, 'Ust-Orda', 181, 'ust-orda', 'russia'),
       (3070, 'Vladimir', 181, 'vladimir', 'russia'),
       (3071, 'Volgograd', 181, 'volgograd', 'russia'),
       (3072, 'Vologda', 181, 'vologda', 'russia'),
       (3073, 'Voronezh', 181, 'voronezh', 'russia'),
       (3074, 'Butare', 182, 'butare', 'rwanda'),
       (3075, 'Byumba', 182, 'byumba', 'rwanda'),
       (3076, 'Cyangugu', 182, 'cyangugu', 'rwanda'),
       (3077, 'Gikongoro', 182, 'gikongoro', 'rwanda'),
       (3078, 'Gisenyi', 182, 'gisenyi', 'rwanda'),
       (3079, 'Gitarama', 182, 'gitarama', 'rwanda'),
       (3080, 'Kibungo', 182, 'kibungo', 'rwanda'),
       (3081, 'Kibuye', 182, 'kibuye', 'rwanda'),
       (3082, 'Kigali-ngali', 182, 'kigali-ngali', 'rwanda'),
       (3083, 'Ruhengeri', 182, 'ruhengeri', 'rwanda'),
       (3084, 'Ascension', 183, 'ascension', 'saint-helena'),
       (3085, 'Gough Island', 183, 'gough-island', 'saint-helena'),
       (3086, 'Saint Helena', 183, 'saint-helena', 'saint-helena'),
       (3087, 'Tristan da Cunha', 183, 'tristan-da-cunha', 'saint-helena'),
       (3088, 'Christ Church Nichola Town', 184, 'christ-church-nichola-town', 'saint-kitts-and-nevis'),
       (3089, 'Saint Anne Sandy Point', 184, 'saint-anne-sandy-point', 'saint-kitts-and-nevis'),
       (3090, 'Saint George Basseterre', 184, 'saint-george-basseterre', 'saint-kitts-and-nevis'),
       (3091, 'Saint George Gingerland', 184, 'saint-george-gingerland', 'saint-kitts-and-nevis'),
       (3092, 'Saint James Windward', 184, 'saint-james-windward', 'saint-kitts-and-nevis'),
       (3093, 'Saint John Capesterre', 184, 'saint-john-capesterre', 'saint-kitts-and-nevis'),
       (3094, 'Saint John Figtree', 184, 'saint-john-figtree', 'saint-kitts-and-nevis'),
       (3095, 'Saint Mary Cayon', 184, 'saint-mary-cayon', 'saint-kitts-and-nevis'),
       (3096, 'Saint Paul Capesterre', 184, 'saint-paul-capesterre', 'saint-kitts-and-nevis'),
       (3097, 'Saint Paul Charlestown', 184, 'saint-paul-charlestown', 'saint-kitts-and-nevis'),
       (3098, 'Saint Peter Basseterre', 184, 'saint-peter-basseterre', 'saint-kitts-and-nevis'),
       (3099, 'Saint Thomas Lowland', 184, 'saint-thomas-lowland', 'saint-kitts-and-nevis'),
       (3100, 'Saint Thomas Middle Island', 184, 'saint-thomas-middle-island', 'saint-kitts-and-nevis'),
       (3101, 'Trinity Palmetto Point', 184, 'trinity-palmetto-point', 'saint-kitts-and-nevis'),
       (3102, 'Anse-la-Raye', 185, 'anse-la-raye', 'saint-lucia'),
       (3103, 'Canaries', 185, 'canaries', 'saint-lucia'),
       (3104, 'Castries', 185, 'castries', 'saint-lucia'),
       (3105, 'Choiseul', 185, 'choiseul', 'saint-lucia'),
       (3106, 'Dennery', 185, 'dennery', 'saint-lucia'),
       (3107, 'Gros Inlet', 185, 'gros-inlet', 'saint-lucia'),
       (3108, 'Laborie', 185, 'laborie', 'saint-lucia'),
       (3109, 'Micoud', 185, 'micoud', 'saint-lucia'),
       (3110, 'Soufriere', 185, 'soufriere', 'saint-lucia'),
       (3111, 'Vieux Fort', 185, 'vieux-fort', 'saint-lucia'),
       (3112, 'Miquelon-Langlade', 186, 'miquelon-langlade', 'saint-pierre-and-miquelon'),
       (3113, 'Saint-Pierre', 186, 'saint-pierre', 'saint-pierre-and-miquelon'),
       (3114, 'Charlotte', 187, 'charlotte', 'saint-vincent-and-the-grenadines'),
       (3115, 'Grenadines', 187, 'grenadines', 'saint-vincent-and-the-grenadines'),
       (3116, 'Saint Andrew', 187, 'saint-andrew', 'saint-vincent-and-the-grenadines'),
       (3117, 'Saint David', 187, 'saint-david', 'saint-vincent-and-the-grenadines'),
       (3118, 'Saint George', 187, 'saint-george', 'saint-vincent-and-the-grenadines'),
       (3119, 'Saint Patrick', 187, 'saint-patrick', 'saint-vincent-and-the-grenadines'),
       (3120, 'A\'ana', 188, 'aana', 'samoa'),
       (3121, 'Aiga-i-le-Tai', 188, 'aiga-i-le-tai', 'samoa'),
       (3122, 'Atua', 188, 'atua', 'samoa'),
       (3123, 'Fa\'asaleleaga', 188, 'faasaleleaga', 'samoa'),
       (3124, 'Gaga\'emauga', 188, 'gagaemauga', 'samoa'),
       (3125, 'Gagaifomauga', 188, 'gagaifomauga', 'samoa'),
       (3126, 'Palauli', 188, 'palauli', 'samoa'),
       (3127, 'Satupa\'itea', 188, 'satupaitea', 'samoa'),
       (3128, 'Tuamasaga', 188, 'tuamasaga', 'samoa'),
       (3129, 'Va\'a-o-Fonoti', 188, 'vaa-o-fonoti', 'samoa'),
       (3130, 'Vaisigano', 188, 'vaisigano', 'samoa'),
       (3131, 'Acquaviva', 189, 'acquaviva', 'san-marino'),
       (3132, 'Borgo Maggiore', 189, 'borgo-maggiore', 'san-marino'),
       (3133, 'Chiesanuova', 189, 'chiesanuova', 'san-marino'),
       (3134, 'Domagnano', 189, 'domagnano', 'san-marino'),
       (3135, 'Faetano', 189, 'faetano', 'san-marino'),
       (3136, 'Fiorentino', 189, 'fiorentino', 'san-marino'),
       (3137, 'Montegiardino', 189, 'montegiardino', 'san-marino'),
       (3138, 'San Marino', 189, 'san-marino', 'san-marino'),
       (3139, 'Serravalle', 189, 'serravalle', 'san-marino'),
       (3140, 'Agua Grande', 190, 'agua-grande', 'sao-tome-and-principe'),
       (3141, 'Cantagalo', 190, 'cantagalo', 'sao-tome-and-principe'),
       (3142, 'Lemba', 190, 'lemba', 'sao-tome-and-principe'),
       (3143, 'Lobata', 190, 'lobata', 'sao-tome-and-principe'),
       (3144, 'Me-Zochi', 190, 'me-zochi', 'sao-tome-and-principe'),
       (3145, 'Pague', 190, 'pague', 'sao-tome-and-principe'),
       (3146, 'Al Khobar', 191, 'al-khobar', 'saudi-arabia'),
       (3147, 'Aseer', 191, 'aseer', 'saudi-arabia'),
       (3148, 'Ash Sharqiyah', 191, 'ash-sharqiyah', 'saudi-arabia'),
       (3149, 'Asir', 191, 'asir', 'saudi-arabia'),
       (3150, 'Central Province', 191, 'central-province', 'saudi-arabia'),
       (3151, 'Eastern Province', 191, 'eastern-province', 'saudi-arabia'),
       (3152, 'Ha\'il', 191, 'hail', 'saudi-arabia'),
       (3153, 'Jawf', 191, 'jawf', 'saudi-arabia'),
       (3154, 'Jizan', 191, 'jizan', 'saudi-arabia'),
       (3155, 'Makkah', 191, 'makkah', 'saudi-arabia'),
       (3156, 'Najran', 191, 'najran', 'saudi-arabia'),
       (3157, 'Qasim', 191, 'qasim', 'saudi-arabia'),
       (3158, 'Tabuk', 191, 'tabuk', 'saudi-arabia'),
       (3159, 'Western Province', 191, 'western-province', 'saudi-arabia'),
       (3160, 'al-Bahah', 191, 'al-bahah', 'saudi-arabia'),
       (3161, 'al-Hudud-ash-Shamaliyah', 191, 'al-hudud-ash-shamaliyah', 'saudi-arabia'),
       (3162, 'al-Madinah', 191, 'al-madinah', 'saudi-arabia'),
       (3163, 'ar-Riyad', 191, 'ar-riyad', 'saudi-arabia'),
       (3164, 'Dakar', 192, 'dakar', 'senegal'),
       (3165, 'Diourbel', 192, 'diourbel', 'senegal'),
       (3166, 'Fatick', 192, 'fatick', 'senegal'),
       (3167, 'Kaolack', 192, 'kaolack', 'senegal'),
       (3168, 'Kolda', 192, 'kolda', 'senegal'),
       (3169, 'Louga', 192, 'louga', 'senegal'),
       (3170, 'Saint-Louis', 192, 'saint-louis', 'senegal'),
       (3171, 'Tambacounda', 192, 'tambacounda', 'senegal'),
       (3172, 'Thies', 192, 'thies', 'senegal'),
       (3173, 'Ziguinchor', 192, 'ziguinchor', 'senegal'),
       (3174, 'Central Serbia', 193, 'central-serbia', 'serbia'),
       (3175, 'Kosovo and Metohija', 193, 'kosovo-and-metohija', 'serbia'),
       (3176, 'Vojvodina', 193, 'vojvodina', 'serbia'),
       (3177, 'Anse Boileau', 194, 'anse-boileau', 'seychelles'),
       (3178, 'Anse Royale', 194, 'anse-royale', 'seychelles'),
       (3179, 'Cascade', 194, 'cascade', 'seychelles'),
       (3180, 'Takamaka', 194, 'takamaka', 'seychelles'),
       (3181, 'Victoria', 194, 'victoria', 'seychelles'),
       (3182, 'Eastern', 195, 'eastern', 'sierra-leone'),
       (3183, 'Northern', 195, 'northern', 'sierra-leone'),
       (3184, 'Southern', 195, 'southern', 'sierra-leone'),
       (3185, 'Western', 195, 'western', 'sierra-leone'),
       (3186, 'Singapore', 196, 'singapore', 'singapore'),
       (3187, 'Banskobystricky', 197, 'banskobystricky', 'slovakia'),
       (3188, 'Bratislavsky', 197, 'bratislavsky', 'slovakia'),
       (3189, 'Kosicky', 197, 'kosicky', 'slovakia'),
       (3190, 'Nitriansky', 197, 'nitriansky', 'slovakia'),
       (3191, 'Presovsky', 197, 'presovsky', 'slovakia'),
       (3192, 'Trenciansky', 197, 'trenciansky', 'slovakia'),
       (3193, 'Trnavsky', 197, 'trnavsky', 'slovakia'),
       (3194, 'Zilinsky', 197, 'zilinsky', 'slovakia'),
       (3195, 'Benedikt', 198, 'benedikt', 'slovenia'),
       (3196, 'Gorenjska', 198, 'gorenjska', 'slovenia'),
       (3197, 'Gorishka', 198, 'gorishka', 'slovenia'),
       (3198, 'Jugovzhodna Slovenija', 198, 'jugovzhodna-slovenija', 'slovenia'),
       (3199, 'Koroshka', 198, 'koroshka', 'slovenia'),
       (3200, 'Notranjsko-krashka', 198, 'notranjsko-krashka', 'slovenia'),
       (3201, 'Obalno-krashka', 198, 'obalno-krashka', 'slovenia'),
       (3202, 'Obcina Domzale', 198, 'obcina-domzale', 'slovenia'),
       (3203, 'Obcina Vitanje', 198, 'obcina-vitanje', 'slovenia'),
       (3204, 'Osrednjeslovenska', 198, 'osrednjeslovenska', 'slovenia'),
       (3205, 'Podravska', 198, 'podravska', 'slovenia'),
       (3206, 'Pomurska', 198, 'pomurska', 'slovenia'),
       (3207, 'Savinjska', 198, 'savinjska', 'slovenia'),
       (3208, 'Slovenian Littoral', 198, 'slovenian-littoral', 'slovenia'),
       (3209, 'Spodnjeposavska', 198, 'spodnjeposavska', 'slovenia'),
       (3210, 'Zasavska', 198, 'zasavska', 'slovenia'),
       (3211, 'Pitcairn', 199, 'pitcairn', 'smaller-territories-of-the-uk'),
       (3212, 'Central', 200, 'central', 'solomon-islands'),
       (3213, 'Choiseul', 200, 'choiseul', 'solomon-islands'),
       (3214, 'Guadalcanal', 200, 'guadalcanal', 'solomon-islands'),
       (3215, 'Isabel', 200, 'isabel', 'solomon-islands'),
       (3216, 'Makira and Ulawa', 200, 'makira-and-ulawa', 'solomon-islands'),
       (3217, 'Malaita', 200, 'malaita', 'solomon-islands'),
       (3218, 'Rennell and Bellona', 200, 'rennell-and-bellona', 'solomon-islands'),
       (3219, 'Temotu', 200, 'temotu', 'solomon-islands'),
       (3220, 'Western', 200, 'western', 'solomon-islands'),
       (3221, 'Awdal', 201, 'awdal', 'somalia'),
       (3222, 'Bakol', 201, 'bakol', 'somalia'),
       (3223, 'Banadir', 201, 'banadir', 'somalia'),
       (3224, 'Bari', 201, 'bari', 'somalia'),
       (3225, 'Bay', 201, 'bay', 'somalia'),
       (3226, 'Galgudug', 201, 'galgudug', 'somalia'),
       (3227, 'Gedo', 201, 'gedo', 'somalia'),
       (3228, 'Hiran', 201, 'hiran', 'somalia'),
       (3229, 'Jubbada Hose', 201, 'jubbada-hose', 'somalia'),
       (3230, 'Jubbadha Dexe', 201, 'jubbadha-dexe', 'somalia'),
       (3231, 'Mudug', 201, 'mudug', 'somalia'),
       (3232, 'Nugal', 201, 'nugal', 'somalia'),
       (3233, 'Sanag', 201, 'sanag', 'somalia'),
       (3234, 'Shabellaha Dhexe', 201, 'shabellaha-dhexe', 'somalia'),
       (3235, 'Shabellaha Hose', 201, 'shabellaha-hose', 'somalia'),
       (3236, 'Togdher', 201, 'togdher', 'somalia'),
       (3237, 'Woqoyi Galbed', 201, 'woqoyi-galbed', 'somalia'),
       (3238, 'Eastern Cape', 202, 'eastern-cape', 'south-africa'),
       (3239, 'Free State', 202, 'free-state', 'south-africa'),
       (3240, 'Gauteng', 202, 'gauteng', 'south-africa'),
       (3241, 'Kempton Park', 202, 'kempton-park', 'south-africa'),
       (3242, 'Kramerville', 202, 'kramerville', 'south-africa'),
       (3243, 'KwaZulu Natal', 202, 'kwazulu-natal', 'south-africa'),
       (3244, 'Limpopo', 202, 'limpopo', 'south-africa'),
       (3245, 'Mpumalanga', 202, 'mpumalanga', 'south-africa'),
       (3246, 'North West', 202, 'north-west', 'south-africa'),
       (3247, 'Northern Cape', 202, 'northern-cape', 'south-africa'),
       (3248, 'Parow', 202, 'parow', 'south-africa'),
       (3249, 'Table View', 202, 'table-view', 'south-africa'),
       (3250, 'Umtentweni', 202, 'umtentweni', 'south-africa'),
       (3251, 'Western Cape', 202, 'western-cape', 'south-africa'),
       (3252, 'South Georgia', 203, 'south-georgia', 'south-georgia'),
       (3253, 'Central Equatoria', 204, 'central-equatoria', 'south-sudan'),
       (3254, 'A Coruna', 205, 'a-coruna', 'spain'),
       (3255, 'Alacant', 205, 'alacant', 'spain'),
       (3256, 'Alava', 205, 'alava', 'spain'),
       (3257, 'Albacete', 205, 'albacete', 'spain'),
       (3258, 'Almeria', 205, 'almeria', 'spain'),
       (3259, 'Andalucia', 205, 'andalucia', 'spain'),
       (3260, 'Asturias', 205, 'asturias', 'spain'),
       (3261, 'Avila', 205, 'avila', 'spain'),
       (3262, 'Badajoz', 205, 'badajoz', 'spain'),
       (3263, 'Balears', 205, 'balears', 'spain'),
       (3264, 'Barcelona', 205, 'barcelona', 'spain'),
       (3265, 'Bertamirans', 205, 'bertamirans', 'spain'),
       (3266, 'Biscay', 205, 'biscay', 'spain'),
       (3267, 'Burgos', 205, 'burgos', 'spain'),
       (3268, 'Caceres', 205, 'caceres', 'spain'),
       (3269, 'Cadiz', 205, 'cadiz', 'spain'),
       (3270, 'Cantabria', 205, 'cantabria', 'spain'),
       (3271, 'Castello', 205, 'castello', 'spain'),
       (3272, 'Catalunya', 205, 'catalunya', 'spain'),
       (3273, 'Ceuta', 205, 'ceuta', 'spain'),
       (3274, 'Ciudad Real', 205, 'ciudad-real', 'spain'),
       (3275, 'Comunidad Autonoma de Canarias', 205, 'comunidad-autonoma-de-canarias', 'spain'),
       (3276, 'Comunidad Autonoma de Cataluna', 205, 'comunidad-autonoma-de-cataluna', 'spain'),
       (3277, 'Comunidad Autonoma de Galicia', 205, 'comunidad-autonoma-de-galicia', 'spain'),
       (3278, 'Comunidad Autonoma de las Isla', 205, 'comunidad-autonoma-de-las-isla', 'spain'),
       (3279, 'Comunidad Autonoma del Princip', 205, 'comunidad-autonoma-del-princip', 'spain'),
       (3280, 'Comunidad Valenciana', 205, 'comunidad-valenciana', 'spain'),
       (3281, 'Cordoba', 205, 'cordoba', 'spain'),
       (3282, 'Cuenca', 205, 'cuenca', 'spain'),
       (3283, 'Gipuzkoa', 205, 'gipuzkoa', 'spain'),
       (3284, 'Girona', 205, 'girona', 'spain'),
       (3285, 'Granada', 205, 'granada', 'spain'),
       (3286, 'Guadalajara', 205, 'guadalajara', 'spain'),
       (3287, 'Guipuzcoa', 205, 'guipuzcoa', 'spain'),
       (3288, 'Huelva', 205, 'huelva', 'spain'),
       (3289, 'Huesca', 205, 'huesca', 'spain'),
       (3290, 'Jaen', 205, 'jaen', 'spain'),
       (3291, 'La Rioja', 205, 'la-rioja', 'spain'),
       (3292, 'Las Palmas', 205, 'las-palmas', 'spain'),
       (3293, 'Leon', 205, 'leon', 'spain'),
       (3294, 'Lerida', 205, 'lerida', 'spain'),
       (3295, 'Lleida', 205, 'lleida', 'spain'),
       (3296, 'Lugo', 205, 'lugo', 'spain'),
       (3297, 'Madrid', 205, 'madrid', 'spain'),
       (3298, 'Malaga', 205, 'malaga', 'spain'),
       (3299, 'Melilla', 205, 'melilla', 'spain'),
       (3300, 'Murcia', 205, 'murcia', 'spain'),
       (3301, 'Navarra', 205, 'navarra', 'spain'),
       (3302, 'Ourense', 205, 'ourense', 'spain'),
       (3303, 'Pais Vasco', 205, 'pais-vasco', 'spain'),
       (3304, 'Palencia', 205, 'palencia', 'spain'),
       (3305, 'Pontevedra', 205, 'pontevedra', 'spain'),
       (3306, 'Salamanca', 205, 'salamanca', 'spain'),
       (3307, 'Santa Cruz de Tenerife', 205, 'santa-cruz-de-tenerife', 'spain'),
       (3308, 'Segovia', 205, 'segovia', 'spain'),
       (3309, 'Sevilla', 205, 'sevilla', 'spain'),
       (3310, 'Soria', 205, 'soria', 'spain'),
       (3311, 'Tarragona', 205, 'tarragona', 'spain'),
       (3312, 'Tenerife', 205, 'tenerife', 'spain'),
       (3313, 'Teruel', 205, 'teruel', 'spain'),
       (3314, 'Toledo', 205, 'toledo', 'spain'),
       (3315, 'Valencia', 205, 'valencia', 'spain'),
       (3316, 'Valladolid', 205, 'valladolid', 'spain'),
       (3317, 'Vizcaya', 205, 'vizcaya', 'spain'),
       (3318, 'Zamora', 205, 'zamora', 'spain'),
       (3319, 'Zaragoza', 205, 'zaragoza', 'spain'),
       (3320, 'Amparai', 206, 'amparai', 'sri-lanka'),
       (3321, 'Anuradhapuraya', 206, 'anuradhapuraya', 'sri-lanka'),
       (3322, 'Badulla', 206, 'badulla', 'sri-lanka'),
       (3323, 'Boralesgamuwa', 206, 'boralesgamuwa', 'sri-lanka'),
       (3324, 'Colombo', 206, 'colombo', 'sri-lanka'),
       (3325, 'Galla', 206, 'galla', 'sri-lanka'),
       (3326, 'Gampaha', 206, 'gampaha', 'sri-lanka'),
       (3327, 'Hambantota', 206, 'hambantota', 'sri-lanka'),
       (3328, 'Kalatura', 206, 'kalatura', 'sri-lanka'),
       (3329, 'Kegalla', 206, 'kegalla', 'sri-lanka'),
       (3330, 'Kilinochchi', 206, 'kilinochchi', 'sri-lanka'),
       (3331, 'Kurunegala', 206, 'kurunegala', 'sri-lanka'),
       (3332, 'Madakalpuwa', 206, 'madakalpuwa', 'sri-lanka'),
       (3333, 'Maha Nuwara', 206, 'maha-nuwara', 'sri-lanka'),
       (3334, 'Malwana', 206, 'malwana', 'sri-lanka'),
       (3335, 'Mannarama', 206, 'mannarama', 'sri-lanka'),
       (3336, 'Matale', 206, 'matale', 'sri-lanka'),
       (3337, 'Matara', 206, 'matara', 'sri-lanka'),
       (3338, 'Monaragala', 206, 'monaragala', 'sri-lanka'),
       (3339, 'Mullaitivu', 206, 'mullaitivu', 'sri-lanka'),
       (3340, 'North Eastern Province', 206, 'north-eastern-province', 'sri-lanka'),
       (3341, 'North Western Province', 206, 'north-western-province', 'sri-lanka'),
       (3342, 'Nuwara Eliya', 206, 'nuwara-eliya', 'sri-lanka'),
       (3343, 'Polonnaruwa', 206, 'polonnaruwa', 'sri-lanka'),
       (3344, 'Puttalama', 206, 'puttalama', 'sri-lanka'),
       (3345, 'Ratnapuraya', 206, 'ratnapuraya', 'sri-lanka'),
       (3346, 'Southern Province', 206, 'southern-province', 'sri-lanka'),
       (3347, 'Tirikunamalaya', 206, 'tirikunamalaya', 'sri-lanka'),
       (3348, 'Tuscany', 206, 'tuscany', 'sri-lanka'),
       (3349, 'Vavuniyawa', 206, 'vavuniyawa', 'sri-lanka'),
       (3350, 'Western Province', 206, 'western-province', 'sri-lanka'),
       (3351, 'Yapanaya', 206, 'yapanaya', 'sri-lanka'),
       (3352, 'kadawatha', 206, 'kadawatha', 'sri-lanka'),
       (3353, 'A\'ali-an-Nil', 207, 'aali-an-nil', 'sudan'),
       (3354, 'Bahr-al-Jabal', 207, 'bahr-al-jabal', 'sudan'),
       (3355, 'Central Equatoria', 207, 'central-equatoria', 'sudan'),
       (3356, 'Gharb Bahr-al-Ghazal', 207, 'gharb-bahr-al-ghazal', 'sudan'),
       (3357, 'Gharb Darfur', 207, 'gharb-darfur', 'sudan'),
       (3358, 'Gharb Kurdufan', 207, 'gharb-kurdufan', 'sudan'),
       (3359, 'Gharb-al-Istiwa\'iyah', 207, 'gharb-al-istiwaiyah', 'sudan'),
       (3360, 'Janub Darfur', 207, 'janub-darfur', 'sudan'),
       (3361, 'Janub Kurdufan', 207, 'janub-kurdufan', 'sudan'),
       (3362, 'Junqali', 207, 'junqali', 'sudan'),
       (3363, 'Kassala', 207, 'kassala', 'sudan'),
       (3364, 'Nahr-an-Nil', 207, 'nahr-an-nil', 'sudan'),
       (3365, 'Shamal Bahr-al-Ghazal', 207, 'shamal-bahr-al-ghazal', 'sudan'),
       (3366, 'Shamal Darfur', 207, 'shamal-darfur', 'sudan'),
       (3367, 'Shamal Kurdufan', 207, 'shamal-kurdufan', 'sudan'),
       (3368, 'Sharq-al-Istiwa\'iyah', 207, 'sharq-al-istiwaiyah', 'sudan'),
       (3369, 'Sinnar', 207, 'sinnar', 'sudan'),
       (3370, 'Warab', 207, 'warab', 'sudan'),
       (3371, 'Wilayat al Khartum', 207, 'wilayat-al-khartum', 'sudan'),
       (3372, 'al-Bahr-al-Ahmar', 207, 'al-bahr-al-ahmar', 'sudan'),
       (3373, 'al-Buhayrat', 207, 'al-buhayrat', 'sudan'),
       (3374, 'al-Jazirah', 207, 'al-jazirah', 'sudan'),
       (3375, 'al-Khartum', 207, 'al-khartum', 'sudan'),
       (3376, 'al-Qadarif', 207, 'al-qadarif', 'sudan'),
       (3377, 'al-Wahdah', 207, 'al-wahdah', 'sudan'),
       (3378, 'an-Nil-al-Abyad', 207, 'an-nil-al-abyad', 'sudan'),
       (3379, 'an-Nil-al-Azraq', 207, 'an-nil-al-azraq', 'sudan'),
       (3380, 'ash-Shamaliyah', 207, 'ash-shamaliyah', 'sudan'),
       (3381, 'Brokopondo', 208, 'brokopondo', 'suriname'),
       (3382, 'Commewijne', 208, 'commewijne', 'suriname'),
       (3383, 'Coronie', 208, 'coronie', 'suriname'),
       (3384, 'Marowijne', 208, 'marowijne', 'suriname'),
       (3385, 'Nickerie', 208, 'nickerie', 'suriname'),
       (3386, 'Para', 208, 'para', 'suriname'),
       (3387, 'Paramaribo', 208, 'paramaribo', 'suriname'),
       (3388, 'Saramacca', 208, 'saramacca', 'suriname'),
       (3389, 'Wanica', 208, 'wanica', 'suriname'),
       (3390, 'Svalbard', 209, 'svalbard', 'svalbard-and-jan-mayen-islands'),
       (3391, 'Hhohho', 210, 'hhohho', 'swaziland'),
       (3392, 'Lubombo', 210, 'lubombo', 'swaziland'),
       (3393, 'Manzini', 210, 'manzini', 'swaziland'),
       (3394, 'Shiselweni', 210, 'shiselweni', 'swaziland'),
       (3395, 'Alvsborgs Lan', 211, 'alvsborgs-lan', 'sweden'),
       (3396, 'Angermanland', 211, 'angermanland', 'sweden'),
       (3397, 'Blekinge', 211, 'blekinge', 'sweden'),
       (3398, 'Bohuslan', 211, 'bohuslan', 'sweden'),
       (3399, 'Dalarna', 211, 'dalarna', 'sweden'),
       (3400, 'Gavleborg', 211, 'gavleborg', 'sweden'),
       (3401, 'Gaza', 211, 'gaza', 'sweden'),
       (3402, 'Gotland', 211, 'gotland', 'sweden'),
       (3403, 'Halland', 211, 'halland', 'sweden'),
       (3404, 'Jamtland', 211, 'jamtland', 'sweden'),
       (3405, 'Jonkoping', 211, 'jonkoping', 'sweden'),
       (3406, 'Kalmar', 211, 'kalmar', 'sweden'),
       (3407, 'Kristianstads', 211, 'kristianstads', 'sweden'),
       (3408, 'Kronoberg', 211, 'kronoberg', 'sweden'),
       (3409, 'Norrbotten', 211, 'norrbotten', 'sweden'),
       (3410, 'Orebro', 211, 'orebro', 'sweden'),
       (3411, 'Ostergotland', 211, 'ostergotland', 'sweden'),
       (3412, 'Saltsjo-Boo', 211, 'saltsjo-boo', 'sweden'),
       (3413, 'Skane', 211, 'skane', 'sweden'),
       (3414, 'Smaland', 211, 'smaland', 'sweden'),
       (3415, 'Sodermanland', 211, 'sodermanland', 'sweden'),
       (3416, 'Stockholm', 211, 'stockholm', 'sweden'),
       (3417, 'Uppsala', 211, 'uppsala', 'sweden'),
       (3418, 'Varmland', 211, 'varmland', 'sweden'),
       (3419, 'Vasterbotten', 211, 'vasterbotten', 'sweden'),
       (3420, 'Vastergotland', 211, 'vastergotland', 'sweden'),
       (3421, 'Vasternorrland', 211, 'vasternorrland', 'sweden'),
       (3422, 'Vastmanland', 211, 'vastmanland', 'sweden'),
       (3423, 'Vastra Gotaland', 211, 'vastra-gotaland', 'sweden'),
       (3424, 'Aargau', 212, 'aargau', 'switzerland'),
       (3425, 'Appenzell Inner-Rhoden', 212, 'appenzell-inner-rhoden', 'switzerland'),
       (3426, 'Appenzell-Ausser Rhoden', 212, 'appenzell-ausser-rhoden', 'switzerland'),
       (3427, 'Basel-Landschaft', 212, 'basel-landschaft', 'switzerland'),
       (3428, 'Basel-Stadt', 212, 'basel-stadt', 'switzerland'),
       (3429, 'Bern', 212, 'bern', 'switzerland'),
       (3430, 'Canton Ticino', 212, 'canton-ticino', 'switzerland'),
       (3431, 'Fribourg', 212, 'fribourg', 'switzerland'),
       (3432, 'Geneve', 212, 'geneve', 'switzerland'),
       (3433, 'Glarus', 212, 'glarus', 'switzerland'),
       (3434, 'Graubunden', 212, 'graubunden', 'switzerland'),
       (3435, 'Heerbrugg', 212, 'heerbrugg', 'switzerland'),
       (3436, 'Jura', 212, 'jura', 'switzerland'),
       (3437, 'Kanton Aargau', 212, 'kanton-aargau', 'switzerland'),
       (3438, 'Luzern', 212, 'luzern', 'switzerland'),
       (3439, 'Morbio Inferiore', 212, 'morbio-inferiore', 'switzerland'),
       (3440, 'Muhen', 212, 'muhen', 'switzerland'),
       (3441, 'Neuchatel', 212, 'neuchatel', 'switzerland'),
       (3442, 'Nidwalden', 212, 'nidwalden', 'switzerland'),
       (3443, 'Obwalden', 212, 'obwalden', 'switzerland'),
       (3444, 'Sankt Gallen', 212, 'sankt-gallen', 'switzerland'),
       (3445, 'Schaffhausen', 212, 'schaffhausen', 'switzerland'),
       (3446, 'Schwyz', 212, 'schwyz', 'switzerland'),
       (3447, 'Solothurn', 212, 'solothurn', 'switzerland'),
       (3448, 'Thurgau', 212, 'thurgau', 'switzerland'),
       (3449, 'Ticino', 212, 'ticino', 'switzerland'),
       (3450, 'Uri', 212, 'uri', 'switzerland'),
       (3451, 'Valais', 212, 'valais', 'switzerland'),
       (3452, 'Vaud', 212, 'vaud', 'switzerland'),
       (3453, 'Vauffelin', 212, 'vauffelin', 'switzerland'),
       (3454, 'Zug', 212, 'zug', 'switzerland'),
       (3455, 'Zurich', 212, 'zurich', 'switzerland'),
       (3456, 'Aleppo', 213, 'aleppo', 'syria'),
       (3457, 'Dar\'a', 213, 'dara', 'syria'),
       (3458, 'Dayr-az-Zawr', 213, 'dayr-az-zawr', 'syria'),
       (3459, 'Dimashq', 213, 'dimashq', 'syria'),
       (3460, 'Halab', 213, 'halab', 'syria'),
       (3461, 'Hamah', 213, 'hamah', 'syria'),
       (3462, 'Hims', 213, 'hims', 'syria'),
       (3463, 'Idlib', 213, 'idlib', 'syria'),
       (3464, 'Madinat Dimashq', 213, 'madinat-dimashq', 'syria'),
       (3465, 'Tartus', 213, 'tartus', 'syria'),
       (3466, 'al-Hasakah', 213, 'al-hasakah', 'syria'),
       (3467, 'al-Ladhiqiyah', 213, 'al-ladhiqiyah', 'syria'),
       (3468, 'al-Qunaytirah', 213, 'al-qunaytirah', 'syria'),
       (3469, 'ar-Raqqah', 213, 'ar-raqqah', 'syria'),
       (3470, 'as-Suwayda', 213, 'as-suwayda', 'syria'),
       (3471, 'Changhwa', 214, 'changhwa', 'taiwan'),
       (3472, 'Chiayi Hsien', 214, 'chiayi-hsien', 'taiwan'),
       (3473, 'Chiayi Shih', 214, 'chiayi-shih', 'taiwan'),
       (3474, 'Eastern Taipei', 214, 'eastern-taipei', 'taiwan'),
       (3475, 'Hsinchu Hsien', 214, 'hsinchu-hsien', 'taiwan'),
       (3476, 'Hsinchu Shih', 214, 'hsinchu-shih', 'taiwan'),
       (3477, 'Hualien', 214, 'hualien', 'taiwan'),
       (3478, 'Ilan', 214, 'ilan', 'taiwan'),
       (3479, 'Kaohsiung Hsien', 214, 'kaohsiung-hsien', 'taiwan'),
       (3480, 'Kaohsiung Shih', 214, 'kaohsiung-shih', 'taiwan'),
       (3481, 'Keelung Shih', 214, 'keelung-shih', 'taiwan'),
       (3482, 'Kinmen', 214, 'kinmen', 'taiwan'),
       (3483, 'Miaoli', 214, 'miaoli', 'taiwan'),
       (3484, 'Nantou', 214, 'nantou', 'taiwan'),
       (3485, 'Northern Taiwan', 214, 'northern-taiwan', 'taiwan'),
       (3486, 'Penghu', 214, 'penghu', 'taiwan'),
       (3487, 'Pingtung', 214, 'pingtung', 'taiwan'),
       (3488, 'Taichung', 214, 'taichung', 'taiwan'),
       (3489, 'Taichung Hsien', 214, 'taichung-hsien', 'taiwan'),
       (3490, 'Taichung Shih', 214, 'taichung-shih', 'taiwan'),
       (3491, 'Tainan Hsien', 214, 'tainan-hsien', 'taiwan'),
       (3492, 'Tainan Shih', 214, 'tainan-shih', 'taiwan'),
       (3493, 'Taipei Hsien', 214, 'taipei-hsien', 'taiwan'),
       (3494, 'Taipei Shih / Taipei Hsien', 214, 'taipei-shih-taipei-hsien', 'taiwan'),
       (3495, 'Taitung', 214, 'taitung', 'taiwan'),
       (3496, 'Taoyuan', 214, 'taoyuan', 'taiwan'),
       (3497, 'Yilan', 214, 'yilan', 'taiwan'),
       (3498, 'Yun-Lin Hsien', 214, 'yun-lin-hsien', 'taiwan'),
       (3499, 'Yunlin', 214, 'yunlin', 'taiwan'),
       (3500, 'Dushanbe', 215, 'dushanbe', 'tajikistan'),
       (3501, 'Gorno-Badakhshan', 215, 'gorno-badakhshan', 'tajikistan'),
       (3502, 'Karotegin', 215, 'karotegin', 'tajikistan'),
       (3503, 'Khatlon', 215, 'khatlon', 'tajikistan'),
       (3504, 'Sughd', 215, 'sughd', 'tajikistan'),
       (3505, 'Arusha', 216, 'arusha', 'tanzania'),
       (3506, 'Dar es Salaam', 216, 'dar-es-salaam', 'tanzania'),
       (3507, 'Dodoma', 216, 'dodoma', 'tanzania'),
       (3508, 'Iringa', 216, 'iringa', 'tanzania'),
       (3509, 'Kagera', 216, 'kagera', 'tanzania'),
       (3510, 'Kigoma', 216, 'kigoma', 'tanzania'),
       (3511, 'Kilimanjaro', 216, 'kilimanjaro', 'tanzania'),
       (3512, 'Lindi', 216, 'lindi', 'tanzania'),
       (3513, 'Mara', 216, 'mara', 'tanzania'),
       (3514, 'Mbeya', 216, 'mbeya', 'tanzania'),
       (3515, 'Morogoro', 216, 'morogoro', 'tanzania'),
       (3516, 'Mtwara', 216, 'mtwara', 'tanzania'),
       (3517, 'Mwanza', 216, 'mwanza', 'tanzania'),
       (3518, 'Pwani', 216, 'pwani', 'tanzania'),
       (3519, 'Rukwa', 216, 'rukwa', 'tanzania'),
       (3520, 'Ruvuma', 216, 'ruvuma', 'tanzania'),
       (3521, 'Shinyanga', 216, 'shinyanga', 'tanzania'),
       (3522, 'Singida', 216, 'singida', 'tanzania'),
       (3523, 'Tabora', 216, 'tabora', 'tanzania'),
       (3524, 'Tanga', 216, 'tanga', 'tanzania'),
       (3525, 'Zanzibar and Pemba', 216, 'zanzibar-and-pemba', 'tanzania'),
       (3526, 'Amnat Charoen', 217, 'amnat-charoen', 'thailand'),
       (3527, 'Ang Thong', 217, 'ang-thong', 'thailand'),
       (3528, 'Bangkok', 217, 'bangkok', 'thailand'),
       (3529, 'Buri Ram', 217, 'buri-ram', 'thailand'),
       (3530, 'Chachoengsao', 217, 'chachoengsao', 'thailand'),
       (3531, 'Chai Nat', 217, 'chai-nat', 'thailand'),
       (3532, 'Chaiyaphum', 217, 'chaiyaphum', 'thailand'),
       (3533, 'Changwat Chaiyaphum', 217, 'changwat-chaiyaphum', 'thailand'),
       (3534, 'Chanthaburi', 217, 'chanthaburi', 'thailand'),
       (3535, 'Chiang Mai', 217, 'chiang-mai', 'thailand'),
       (3536, 'Chiang Rai', 217, 'chiang-rai', 'thailand'),
       (3537, 'Chon Buri', 217, 'chon-buri', 'thailand'),
       (3538, 'Chumphon', 217, 'chumphon', 'thailand'),
       (3539, 'Kalasin', 217, 'kalasin', 'thailand'),
       (3540, 'Kamphaeng Phet', 217, 'kamphaeng-phet', 'thailand'),
       (3541, 'Kanchanaburi', 217, 'kanchanaburi', 'thailand'),
       (3542, 'Khon Kaen', 217, 'khon-kaen', 'thailand'),
       (3543, 'Krabi', 217, 'krabi', 'thailand'),
       (3544, 'Krung Thep', 217, 'krung-thep', 'thailand'),
       (3545, 'Lampang', 217, 'lampang', 'thailand'),
       (3546, 'Lamphun', 217, 'lamphun', 'thailand'),
       (3547, 'Loei', 217, 'loei', 'thailand'),
       (3548, 'Lop Buri', 217, 'lop-buri', 'thailand'),
       (3549, 'Mae Hong Son', 217, 'mae-hong-son', 'thailand'),
       (3550, 'Maha Sarakham', 217, 'maha-sarakham', 'thailand'),
       (3551, 'Mukdahan', 217, 'mukdahan', 'thailand'),
       (3552, 'Nakhon Nayok', 217, 'nakhon-nayok', 'thailand'),
       (3553, 'Nakhon Pathom', 217, 'nakhon-pathom', 'thailand'),
       (3554, 'Nakhon Phanom', 217, 'nakhon-phanom', 'thailand'),
       (3555, 'Nakhon Ratchasima', 217, 'nakhon-ratchasima', 'thailand'),
       (3556, 'Nakhon Sawan', 217, 'nakhon-sawan', 'thailand'),
       (3557, 'Nakhon Si Thammarat', 217, 'nakhon-si-thammarat', 'thailand'),
       (3558, 'Nan', 217, 'nan', 'thailand'),
       (3559, 'Narathiwat', 217, 'narathiwat', 'thailand'),
       (3560, 'Nong Bua Lam Phu', 217, 'nong-bua-lam-phu', 'thailand'),
       (3561, 'Nong Khai', 217, 'nong-khai', 'thailand'),
       (3562, 'Nonthaburi', 217, 'nonthaburi', 'thailand'),
       (3563, 'Pathum Thani', 217, 'pathum-thani', 'thailand'),
       (3564, 'Pattani', 217, 'pattani', 'thailand'),
       (3565, 'Phangnga', 217, 'phangnga', 'thailand'),
       (3566, 'Phatthalung', 217, 'phatthalung', 'thailand'),
       (3567, 'Phayao', 217, 'phayao', 'thailand'),
       (3568, 'Phetchabun', 217, 'phetchabun', 'thailand'),
       (3569, 'Phetchaburi', 217, 'phetchaburi', 'thailand'),
       (3570, 'Phichit', 217, 'phichit', 'thailand'),
       (3571, 'Phitsanulok', 217, 'phitsanulok', 'thailand'),
       (3572, 'Phra Nakhon Si Ayutthaya', 217, 'phra-nakhon-si-ayutthaya', 'thailand'),
       (3573, 'Phrae', 217, 'phrae', 'thailand'),
       (3574, 'Phuket', 217, 'phuket', 'thailand'),
       (3575, 'Prachin Buri', 217, 'prachin-buri', 'thailand'),
       (3576, 'Prachuap Khiri Khan', 217, 'prachuap-khiri-khan', 'thailand'),
       (3577, 'Ranong', 217, 'ranong', 'thailand'),
       (3578, 'Ratchaburi', 217, 'ratchaburi', 'thailand'),
       (3579, 'Rayong', 217, 'rayong', 'thailand'),
       (3580, 'Roi Et', 217, 'roi-et', 'thailand'),
       (3581, 'Sa Kaeo', 217, 'sa-kaeo', 'thailand'),
       (3582, 'Sakon Nakhon', 217, 'sakon-nakhon', 'thailand'),
       (3583, 'Samut Prakan', 217, 'samut-prakan', 'thailand'),
       (3584, 'Samut Sakhon', 217, 'samut-sakhon', 'thailand'),
       (3585, 'Samut Songkhran', 217, 'samut-songkhran', 'thailand'),
       (3586, 'Saraburi', 217, 'saraburi', 'thailand'),
       (3587, 'Satun', 217, 'satun', 'thailand'),
       (3588, 'Si Sa Ket', 217, 'si-sa-ket', 'thailand'),
       (3589, 'Sing Buri', 217, 'sing-buri', 'thailand'),
       (3590, 'Songkhla', 217, 'songkhla', 'thailand'),
       (3591, 'Sukhothai', 217, 'sukhothai', 'thailand'),
       (3592, 'Suphan Buri', 217, 'suphan-buri', 'thailand'),
       (3593, 'Surat Thani', 217, 'surat-thani', 'thailand'),
       (3594, 'Surin', 217, 'surin', 'thailand'),
       (3595, 'Tak', 217, 'tak', 'thailand'),
       (3596, 'Trang', 217, 'trang', 'thailand'),
       (3597, 'Trat', 217, 'trat', 'thailand'),
       (3598, 'Ubon Ratchathani', 217, 'ubon-ratchathani', 'thailand'),
       (3599, 'Udon Thani', 217, 'udon-thani', 'thailand'),
       (3600, 'Uthai Thani', 217, 'uthai-thani', 'thailand'),
       (3601, 'Uttaradit', 217, 'uttaradit', 'thailand'),
       (3602, 'Yala', 217, 'yala', 'thailand'),
       (3603, 'Yasothon', 217, 'yasothon', 'thailand'),
       (3604, 'Centre', 218, 'centre', 'togo'),
       (3605, 'Kara', 218, 'kara', 'togo'),
       (3606, 'Maritime', 218, 'maritime', 'togo'),
       (3607, 'Plateaux', 218, 'plateaux', 'togo'),
       (3608, 'Savanes', 218, 'savanes', 'togo'),
       (3609, 'Atafu', 219, 'atafu', 'tokelau'),
       (3610, 'Fakaofo', 219, 'fakaofo', 'tokelau'),
       (3611, 'Nukunonu', 219, 'nukunonu', 'tokelau'),
       (3612, 'Eua', 220, 'eua', 'tonga'),
       (3613, 'Ha\'apai', 220, 'haapai', 'tonga'),
       (3614, 'Niuas', 220, 'niuas', 'tonga'),
       (3615, 'Tongatapu', 220, 'tongatapu', 'tonga'),
       (3616, 'Vava\'u', 220, 'vavau', 'tonga'),
       (3617, 'Arima-Tunapuna-Piarco', 221, 'arima-tunapuna-piarco', 'trinidad-and-tobago'),
       (3618, 'Caroni', 221, 'caroni', 'trinidad-and-tobago'),
       (3619, 'Chaguanas', 221, 'chaguanas', 'trinidad-and-tobago'),
       (3620, 'Couva-Tabaquite-Talparo', 221, 'couva-tabaquite-talparo', 'trinidad-and-tobago'),
       (3621, 'Diego Martin', 221, 'diego-martin', 'trinidad-and-tobago'),
       (3622, 'Glencoe', 221, 'glencoe', 'trinidad-and-tobago'),
       (3623, 'Penal Debe', 221, 'penal-debe', 'trinidad-and-tobago'),
       (3624, 'Point Fortin', 221, 'point-fortin', 'trinidad-and-tobago'),
       (3625, 'Port of Spain', 221, 'port-of-spain', 'trinidad-and-tobago'),
       (3626, 'Princes Town', 221, 'princes-town', 'trinidad-and-tobago'),
       (3627, 'Saint George', 221, 'saint-george', 'trinidad-and-tobago'),
       (3628, 'San Fernando', 221, 'san-fernando', 'trinidad-and-tobago'),
       (3629, 'San Juan', 221, 'san-juan', 'trinidad-and-tobago'),
       (3630, 'Sangre Grande', 221, 'sangre-grande', 'trinidad-and-tobago'),
       (3631, 'Siparia', 221, 'siparia', 'trinidad-and-tobago'),
       (3632, 'Tobago', 221, 'tobago', 'trinidad-and-tobago'),
       (3633, 'Aryanah', 222, 'aryanah', 'tunisia'),
       (3634, 'Bajah', 222, 'bajah', 'tunisia'),
       (3635, 'Bin \'Arus', 222, 'bin-arus', 'tunisia'),
       (3636, 'Binzart', 222, 'binzart', 'tunisia'),
       (3637, 'Gouvernorat de Ariana', 222, 'gouvernorat-de-ariana', 'tunisia'),
       (3638, 'Gouvernorat de Nabeul', 222, 'gouvernorat-de-nabeul', 'tunisia'),
       (3639, 'Gouvernorat de Sousse', 222, 'gouvernorat-de-sousse', 'tunisia'),
       (3640, 'Hammamet Yasmine', 222, 'hammamet-yasmine', 'tunisia'),
       (3641, 'Jundubah', 222, 'jundubah', 'tunisia'),
       (3642, 'Madaniyin', 222, 'madaniyin', 'tunisia'),
       (3643, 'Manubah', 222, 'manubah', 'tunisia'),
       (3644, 'Monastir', 222, 'monastir', 'tunisia'),
       (3645, 'Nabul', 222, 'nabul', 'tunisia'),
       (3646, 'Qabis', 222, 'qabis', 'tunisia'),
       (3647, 'Qafsah', 222, 'qafsah', 'tunisia'),
       (3648, 'Qibili', 222, 'qibili', 'tunisia'),
       (3649, 'Safaqis', 222, 'safaqis', 'tunisia'),
       (3650, 'Sfax', 222, 'sfax', 'tunisia'),
       (3651, 'Sidi Bu Zayd', 222, 'sidi-bu-zayd', 'tunisia'),
       (3652, 'Silyanah', 222, 'silyanah', 'tunisia'),
       (3653, 'Susah', 222, 'susah', 'tunisia'),
       (3654, 'Tatawin', 222, 'tatawin', 'tunisia'),
       (3655, 'Tawzar', 222, 'tawzar', 'tunisia'),
       (3656, 'Tunis', 222, 'tunis', 'tunisia'),
       (3657, 'Zaghwan', 222, 'zaghwan', 'tunisia'),
       (3658, 'al-Kaf', 222, 'al-kaf', 'tunisia'),
       (3659, 'al-Mahdiyah', 222, 'al-mahdiyah', 'tunisia'),
       (3660, 'al-Munastir', 222, 'al-munastir', 'tunisia'),
       (3661, 'al-Qasrayn', 222, 'al-qasrayn', 'tunisia'),
       (3662, 'al-Qayrawan', 222, 'al-qayrawan', 'tunisia'),
       (3663, 'Adana', 223, 'adana', 'turkey'),
       (3664, 'Adiyaman', 223, 'adiyaman', 'turkey'),
       (3665, 'Afyon', 223, 'afyon', 'turkey'),
       (3666, 'Agri', 223, 'agri', 'turkey'),
       (3667, 'Aksaray', 223, 'aksaray', 'turkey'),
       (3668, 'Amasya', 223, 'amasya', 'turkey'),
       (3669, 'Ankara', 223, 'ankara', 'turkey'),
       (3670, 'Antalya', 223, 'antalya', 'turkey'),
       (3671, 'Ardahan', 223, 'ardahan', 'turkey'),
       (3672, 'Artvin', 223, 'artvin', 'turkey'),
       (3673, 'Aydin', 223, 'aydin', 'turkey'),
       (3674, 'Balikesir', 223, 'balikesir', 'turkey'),
       (3675, 'Bartin', 223, 'bartin', 'turkey'),
       (3676, 'Batman', 223, 'batman', 'turkey'),
       (3677, 'Bayburt', 223, 'bayburt', 'turkey'),
       (3678, 'Bilecik', 223, 'bilecik', 'turkey'),
       (3679, 'Bingol', 223, 'bingol', 'turkey'),
       (3680, 'Bitlis', 223, 'bitlis', 'turkey'),
       (3681, 'Bolu', 223, 'bolu', 'turkey'),
       (3682, 'Burdur', 223, 'burdur', 'turkey'),
       (3683, 'Bursa', 223, 'bursa', 'turkey'),
       (3684, 'Canakkale', 223, 'canakkale', 'turkey'),
       (3685, 'Cankiri', 223, 'cankiri', 'turkey'),
       (3686, 'Corum', 223, 'corum', 'turkey'),
       (3687, 'Denizli', 223, 'denizli', 'turkey'),
       (3688, 'Diyarbakir', 223, 'diyarbakir', 'turkey'),
       (3689, 'Duzce', 223, 'duzce', 'turkey'),
       (3690, 'Edirne', 223, 'edirne', 'turkey'),
       (3691, 'Elazig', 223, 'elazig', 'turkey'),
       (3692, 'Erzincan', 223, 'erzincan', 'turkey'),
       (3693, 'Erzurum', 223, 'erzurum', 'turkey'),
       (3694, 'Eskisehir', 223, 'eskisehir', 'turkey'),
       (3695, 'Gaziantep', 223, 'gaziantep', 'turkey'),
       (3696, 'Giresun', 223, 'giresun', 'turkey'),
       (3697, 'Gumushane', 223, 'gumushane', 'turkey'),
       (3698, 'Hakkari', 223, 'hakkari', 'turkey'),
       (3699, 'Hatay', 223, 'hatay', 'turkey'),
       (3700, 'Icel', 223, 'icel', 'turkey'),
       (3701, 'Igdir', 223, 'igdir', 'turkey'),
       (3702, 'Isparta', 223, 'isparta', 'turkey'),
       (3703, 'Istanbul', 223, 'istanbul', 'turkey'),
       (3704, 'Izmir', 223, 'izmir', 'turkey'),
       (3705, 'Kahramanmaras', 223, 'kahramanmaras', 'turkey'),
       (3706, 'Karabuk', 223, 'karabuk', 'turkey'),
       (3707, 'Karaman', 223, 'karaman', 'turkey'),
       (3708, 'Kars', 223, 'kars', 'turkey'),
       (3709, 'Karsiyaka', 223, 'karsiyaka', 'turkey'),
       (3710, 'Kastamonu', 223, 'kastamonu', 'turkey'),
       (3711, 'Kayseri', 223, 'kayseri', 'turkey'),
       (3712, 'Kilis', 223, 'kilis', 'turkey'),
       (3713, 'Kirikkale', 223, 'kirikkale', 'turkey'),
       (3714, 'Kirklareli', 223, 'kirklareli', 'turkey'),
       (3715, 'Kirsehir', 223, 'kirsehir', 'turkey'),
       (3716, 'Kocaeli', 223, 'kocaeli', 'turkey'),
       (3717, 'Konya', 223, 'konya', 'turkey'),
       (3718, 'Kutahya', 223, 'kutahya', 'turkey'),
       (3719, 'Lefkosa', 223, 'lefkosa', 'turkey'),
       (3720, 'Malatya', 223, 'malatya', 'turkey'),
       (3721, 'Manisa', 223, 'manisa', 'turkey'),
       (3722, 'Mardin', 223, 'mardin', 'turkey'),
       (3723, 'Mugla', 223, 'mugla', 'turkey'),
       (3724, 'Mus', 223, 'mus', 'turkey'),
       (3725, 'Nevsehir', 223, 'nevsehir', 'turkey'),
       (3726, 'Nigde', 223, 'nigde', 'turkey'),
       (3727, 'Ordu', 223, 'ordu', 'turkey'),
       (3728, 'Osmaniye', 223, 'osmaniye', 'turkey'),
       (3729, 'Rize', 223, 'rize', 'turkey'),
       (3730, 'Sakarya', 223, 'sakarya', 'turkey'),
       (3731, 'Samsun', 223, 'samsun', 'turkey'),
       (3732, 'Sanliurfa', 223, 'sanliurfa', 'turkey'),
       (3733, 'Siirt', 223, 'siirt', 'turkey'),
       (3734, 'Sinop', 223, 'sinop', 'turkey'),
       (3735, 'Sirnak', 223, 'sirnak', 'turkey'),
       (3736, 'Sivas', 223, 'sivas', 'turkey'),
       (3737, 'Tekirdag', 223, 'tekirdag', 'turkey'),
       (3738, 'Tokat', 223, 'tokat', 'turkey'),
       (3739, 'Trabzon', 223, 'trabzon', 'turkey'),
       (3740, 'Tunceli', 223, 'tunceli', 'turkey'),
       (3741, 'Usak', 223, 'usak', 'turkey'),
       (3742, 'Van', 223, 'van', 'turkey'),
       (3743, 'Yalova', 223, 'yalova', 'turkey'),
       (3744, 'Yozgat', 223, 'yozgat', 'turkey'),
       (3745, 'Zonguldak', 223, 'zonguldak', 'turkey'),
       (3746, 'Ahal', 224, 'ahal', 'turkmenistan'),
       (3747, 'Asgabat', 224, 'asgabat', 'turkmenistan'),
       (3748, 'Balkan', 224, 'balkan', 'turkmenistan'),
       (3749, 'Dasoguz', 224, 'dasoguz', 'turkmenistan'),
       (3750, 'Lebap', 224, 'lebap', 'turkmenistan'),
       (3751, 'Mari', 224, 'mari', 'turkmenistan'),
       (3752, 'Grand Turk', 225, 'grand-turk', 'turks-and-caicos-islands'),
       (3753, 'South Caicos and East Caicos', 225, 'south-caicos-and-east-caicos', 'turks-and-caicos-islands'),
       (3754, 'Funafuti', 226, 'funafuti', 'tuvalu'),
       (3755, 'Nanumanga', 226, 'nanumanga', 'tuvalu'),
       (3756, 'Nanumea', 226, 'nanumea', 'tuvalu'),
       (3757, 'Niutao', 226, 'niutao', 'tuvalu'),
       (3758, 'Nui', 226, 'nui', 'tuvalu'),
       (3759, 'Nukufetau', 226, 'nukufetau', 'tuvalu'),
       (3760, 'Nukulaelae', 226, 'nukulaelae', 'tuvalu'),
       (3761, 'Vaitupu', 226, 'vaitupu', 'tuvalu'),
       (3762, 'Central', 227, 'central', 'uganda'),
       (3763, 'Eastern', 227, 'eastern', 'uganda'),
       (3764, 'Northern', 227, 'northern', 'uganda'),
       (3765, 'Western', 227, 'western', 'uganda'),
       (3766, 'Cherkas\'ka', 228, 'cherkaska', 'ukraine'),
       (3767, 'Chernihivs\'ka', 228, 'chernihivska', 'ukraine'),
       (3768, 'Chernivets\'ka', 228, 'chernivetska', 'ukraine'),
       (3769, 'Crimea', 228, 'crimea', 'ukraine'),
       (3770, 'Dnipropetrovska', 228, 'dnipropetrovska', 'ukraine'),
       (3771, 'Donets\'ka', 228, 'donetska', 'ukraine'),
       (3772, 'Ivano-Frankivs\'ka', 228, 'ivano-frankivska', 'ukraine'),
       (3773, 'Kharkiv', 228, 'kharkiv', 'ukraine'),
       (3774, 'Kharkov', 228, 'kharkov', 'ukraine'),
       (3775, 'Khersonska', 228, 'khersonska', 'ukraine'),
       (3776, 'Khmel\'nyts\'ka', 228, 'khmelnytska', 'ukraine'),
       (3777, 'Kirovohrad', 228, 'kirovohrad', 'ukraine'),
       (3778, 'Krym', 228, 'krym', 'ukraine'),
       (3779, 'Kyyiv', 228, 'kyyiv', 'ukraine'),
       (3780, 'Kyyivs\'ka', 228, 'kyyivska', 'ukraine'),
       (3781, 'L\'vivs\'ka', 228, 'lvivska', 'ukraine'),
       (3782, 'Luhans\'ka', 228, 'luhanska', 'ukraine'),
       (3783, 'Mykolayivs\'ka', 228, 'mykolayivska', 'ukraine'),
       (3784, 'Odes\'ka', 228, 'odeska', 'ukraine'),
       (3785, 'Odessa', 228, 'odessa', 'ukraine'),
       (3786, 'Poltavs\'ka', 228, 'poltavska', 'ukraine'),
       (3787, 'Rivnens\'ka', 228, 'rivnenska', 'ukraine'),
       (3788, 'Sevastopol\'', 228, 'sevastopol', 'ukraine'),
       (3789, 'Sums\'ka', 228, 'sumska', 'ukraine'),
       (3790, 'Ternopil\'s\'ka', 228, 'ternopilska', 'ukraine'),
       (3791, 'Volyns\'ka', 228, 'volynska', 'ukraine'),
       (3792, 'Vynnyts\'ka', 228, 'vynnytska', 'ukraine'),
       (3793, 'Zakarpats\'ka', 228, 'zakarpatska', 'ukraine'),
       (3794, 'Zaporizhia', 228, 'zaporizhia', 'ukraine'),
       (3795, 'Zhytomyrs\'ka', 228, 'zhytomyrska', 'ukraine'),
       (3796, 'Abu Zabi', 229, 'abu-zabi', 'united-arab-emirates'),
       (3797, 'Ajman', 229, 'ajman', 'united-arab-emirates'),
       (3798, 'Dubai', 229, 'dubai', 'united-arab-emirates'),
       (3799, 'Ras al-Khaymah', 229, 'ras-al-khaymah', 'united-arab-emirates'),
       (3800, 'Sharjah', 229, 'sharjah', 'united-arab-emirates'),
       (3801, 'Sharjha', 229, 'sharjha', 'united-arab-emirates'),
       (3802, 'Umm al Qaywayn', 229, 'umm-al-qaywayn', 'united-arab-emirates'),
       (3803, 'al-Fujayrah', 229, 'al-fujayrah', 'united-arab-emirates'),
       (3804, 'ash-Shariqah', 229, 'ash-shariqah', 'united-arab-emirates'),
       (3805, 'Aberdeen', 230, 'aberdeen', 'united-kingdom'),
       (3806, 'Aberdeenshire', 230, 'aberdeenshire', 'united-kingdom'),
       (3807, 'Argyll', 230, 'argyll', 'united-kingdom'),
       (3808, 'Armagh', 230, 'armagh', 'united-kingdom'),
       (3809, 'Bedfordshire', 230, 'bedfordshire', 'united-kingdom'),
       (3810, 'Belfast', 230, 'belfast', 'united-kingdom'),
       (3811, 'Berkshire', 230, 'berkshire', 'united-kingdom'),
       (3812, 'Birmingham', 230, 'birmingham', 'united-kingdom'),
       (3813, 'Brechin', 230, 'brechin', 'united-kingdom'),
       (3814, 'Bridgnorth', 230, 'bridgnorth', 'united-kingdom'),
       (3815, 'Bristol', 230, 'bristol', 'united-kingdom'),
       (3816, 'Buckinghamshire', 230, 'buckinghamshire', 'united-kingdom'),
       (3817, 'Cambridge', 230, 'cambridge', 'united-kingdom'),
       (3818, 'Cambridgeshire', 230, 'cambridgeshire', 'united-kingdom'),
       (3819, 'Channel Islands', 230, 'channel-islands', 'united-kingdom'),
       (3820, 'Cheshire', 230, 'cheshire', 'united-kingdom'),
       (3821, 'Cleveland', 230, 'cleveland', 'united-kingdom'),
       (3822, 'Co Fermanagh', 230, 'co-fermanagh', 'united-kingdom'),
       (3823, 'Conwy', 230, 'conwy', 'united-kingdom'),
       (3824, 'Cornwall', 230, 'cornwall', 'united-kingdom'),
       (3825, 'Coventry', 230, 'coventry', 'united-kingdom'),
       (3826, 'Craven Arms', 230, 'craven-arms', 'united-kingdom'),
       (3827, 'Cumbria', 230, 'cumbria', 'united-kingdom'),
       (3828, 'Denbighshire', 230, 'denbighshire', 'united-kingdom'),
       (3829, 'Derby', 230, 'derby', 'united-kingdom'),
       (3830, 'Derbyshire', 230, 'derbyshire', 'united-kingdom'),
       (3831, 'Devon', 230, 'devon', 'united-kingdom'),
       (3832, 'Dial Code Dungannon', 230, 'dial-code-dungannon', 'united-kingdom'),
       (3833, 'Didcot', 230, 'didcot', 'united-kingdom'),
       (3834, 'Dorset', 230, 'dorset', 'united-kingdom'),
       (3835, 'Dunbartonshire', 230, 'dunbartonshire', 'united-kingdom'),
       (3836, 'Durham', 230, 'durham', 'united-kingdom'),
       (3837, 'East Dunbartonshire', 230, 'east-dunbartonshire', 'united-kingdom'),
       (3838, 'East Lothian', 230, 'east-lothian', 'united-kingdom'),
       (3839, 'East Midlands', 230, 'east-midlands', 'united-kingdom'),
       (3840, 'East Sussex', 230, 'east-sussex', 'united-kingdom'),
       (3841, 'East Yorkshire', 230, 'east-yorkshire', 'united-kingdom'),
       (3842, 'England', 230, 'england', 'united-kingdom'),
       (3843, 'Essex', 230, 'essex', 'united-kingdom'),
       (3844, 'Fermanagh', 230, 'fermanagh', 'united-kingdom'),
       (3845, 'Fife', 230, 'fife', 'united-kingdom'),
       (3846, 'Flintshire', 230, 'flintshire', 'united-kingdom'),
       (3847, 'Fulham', 230, 'fulham', 'united-kingdom'),
       (3848, 'Gainsborough', 230, 'gainsborough', 'united-kingdom'),
       (3849, 'Glocestershire', 230, 'glocestershire', 'united-kingdom'),
       (3850, 'Gwent', 230, 'gwent', 'united-kingdom'),
       (3851, 'Hampshire', 230, 'hampshire', 'united-kingdom'),
       (3852, 'Hants', 230, 'hants', 'united-kingdom'),
       (3853, 'Herefordshire', 230, 'herefordshire', 'united-kingdom'),
       (3854, 'Hertfordshire', 230, 'hertfordshire', 'united-kingdom'),
       (3855, 'Ireland', 230, 'ireland', 'united-kingdom'),
       (3856, 'Isle Of Man', 230, 'isle-of-man', 'united-kingdom'),
       (3857, 'Isle of Wight', 230, 'isle-of-wight', 'united-kingdom'),
       (3858, 'Kenford', 230, 'kenford', 'united-kingdom'),
       (3859, 'Kent', 230, 'kent', 'united-kingdom'),
       (3860, 'Kilmarnock', 230, 'kilmarnock', 'united-kingdom'),
       (3861, 'Lanarkshire', 230, 'lanarkshire', 'united-kingdom'),
       (3862, 'Lancashire', 230, 'lancashire', 'united-kingdom'),
       (3863, 'Leicestershire', 230, 'leicestershire', 'united-kingdom'),
       (3864, 'Lincolnshire', 230, 'lincolnshire', 'united-kingdom'),
       (3865, 'Llanymynech', 230, 'llanymynech', 'united-kingdom'),
       (3866, 'London', 230, 'london', 'united-kingdom'),
       (3867, 'Ludlow', 230, 'ludlow', 'united-kingdom'),
       (3868, 'Manchester', 230, 'manchester', 'united-kingdom'),
       (3869, 'Mayfair', 230, 'mayfair', 'united-kingdom'),
       (3870, 'Merseyside', 230, 'merseyside', 'united-kingdom'),
       (3871, 'Mid Glamorgan', 230, 'mid-glamorgan', 'united-kingdom'),
       (3872, 'Middlesex', 230, 'middlesex', 'united-kingdom'),
       (3873, 'Mildenhall', 230, 'mildenhall', 'united-kingdom'),
       (3874, 'Monmouthshire', 230, 'monmouthshire', 'united-kingdom'),
       (3875, 'Newton Stewart', 230, 'newton-stewart', 'united-kingdom'),
       (3876, 'Norfolk', 230, 'norfolk', 'united-kingdom'),
       (3877, 'North Humberside', 230, 'north-humberside', 'united-kingdom'),
       (3878, 'North Yorkshire', 230, 'north-yorkshire', 'united-kingdom'),
       (3879, 'Northamptonshire', 230, 'northamptonshire', 'united-kingdom'),
       (3880, 'Northants', 230, 'northants', 'united-kingdom'),
       (3881, 'Northern Ireland', 230, 'northern-ireland', 'united-kingdom'),
       (3882, 'Northumberland', 230, 'northumberland', 'united-kingdom'),
       (3883, 'Nottinghamshire', 230, 'nottinghamshire', 'united-kingdom'),
       (3884, 'Oxford', 230, 'oxford', 'united-kingdom'),
       (3885, 'Powys', 230, 'powys', 'united-kingdom'),
       (3886, 'Roos-shire', 230, 'roos-shire', 'united-kingdom'),
       (3887, 'SUSSEX', 230, 'sussex', 'united-kingdom'),
       (3888, 'Sark', 230, 'sark', 'united-kingdom'),
       (3889, 'Scotland', 230, 'scotland', 'united-kingdom'),
       (3890, 'Scottish Borders', 230, 'scottish-borders', 'united-kingdom'),
       (3891, 'Shropshire', 230, 'shropshire', 'united-kingdom'),
       (3892, 'Somerset', 230, 'somerset', 'united-kingdom'),
       (3893, 'South Glamorgan', 230, 'south-glamorgan', 'united-kingdom'),
       (3894, 'South Wales', 230, 'south-wales', 'united-kingdom'),
       (3895, 'South Yorkshire', 230, 'south-yorkshire', 'united-kingdom'),
       (3896, 'Southwell', 230, 'southwell', 'united-kingdom'),
       (3897, 'Staffordshire', 230, 'staffordshire', 'united-kingdom'),
       (3898, 'Strabane', 230, 'strabane', 'united-kingdom'),
       (3899, 'Suffolk', 230, 'suffolk', 'united-kingdom'),
       (3900, 'Surrey', 230, 'surrey', 'united-kingdom'),
       (3901, 'Sussex', 230, 'sussex', 'united-kingdom'),
       (3902, 'Twickenham', 230, 'twickenham', 'united-kingdom'),
       (3903, 'Tyne and Wear', 230, 'tyne-and-wear', 'united-kingdom'),
       (3904, 'Tyrone', 230, 'tyrone', 'united-kingdom'),
       (3905, 'Utah', 230, 'utah', 'united-kingdom'),
       (3906, 'Wales', 230, 'wales', 'united-kingdom'),
       (3907, 'Warwickshire', 230, 'warwickshire', 'united-kingdom'),
       (3908, 'West Lothian', 230, 'west-lothian', 'united-kingdom'),
       (3909, 'West Midlands', 230, 'west-midlands', 'united-kingdom'),
       (3910, 'West Sussex', 230, 'west-sussex', 'united-kingdom'),
       (3911, 'West Yorkshire', 230, 'west-yorkshire', 'united-kingdom'),
       (3912, 'Whissendine', 230, 'whissendine', 'united-kingdom'),
       (3913, 'Wiltshire', 230, 'wiltshire', 'united-kingdom'),
       (3914, 'Wokingham', 230, 'wokingham', 'united-kingdom'),
       (3915, 'Worcestershire', 230, 'worcestershire', 'united-kingdom'),
       (3916, 'Wrexham', 230, 'wrexham', 'united-kingdom'),
       (3917, 'Wurttemberg', 230, 'wurttemberg', 'united-kingdom'),
       (3918, 'Yorkshire', 230, 'yorkshire', 'united-kingdom'),
       (3919, 'Alabama', 231, 'alabama', 'united-states'),
       (3920, 'Alaska', 231, 'alaska', 'united-states'),
       (3921, 'Arizona', 231, 'arizona', 'united-states'),
       (3922, 'Arkansas', 231, 'arkansas', 'united-states'),
       (3923, 'Byram', 231, 'byram', 'united-states'),
       (3924, 'California', 231, 'california', 'united-states'),
       (3925, 'Cokato', 231, 'cokato', 'united-states'),
       (3926, 'Colorado', 231, 'colorado', 'united-states'),
       (3927, 'Connecticut', 231, 'connecticut', 'united-states'),
       (3928, 'Delaware', 231, 'delaware', 'united-states'),
       (3929, 'District of Columbia', 231, 'district-of-columbia', 'united-states'),
       (3930, 'Florida', 231, 'florida', 'united-states'),
       (3931, 'Georgia', 231, 'georgia', 'united-states'),
       (3932, 'Hawaii', 231, 'hawaii', 'united-states'),
       (3933, 'Idaho', 231, 'idaho', 'united-states'),
       (3934, 'Illinois', 231, 'illinois', 'united-states'),
       (3935, 'Indiana', 231, 'indiana', 'united-states'),
       (3936, 'Iowa', 231, 'iowa', 'united-states'),
       (3937, 'Kansas', 231, 'kansas', 'united-states'),
       (3938, 'Kentucky', 231, 'kentucky', 'united-states'),
       (3939, 'Louisiana', 231, 'louisiana', 'united-states'),
       (3940, 'Lowa', 231, 'lowa', 'united-states'),
       (3941, 'Maine', 231, 'maine', 'united-states'),
       (3942, 'Maryland', 231, 'maryland', 'united-states'),
       (3943, 'Massachusetts', 231, 'massachusetts', 'united-states'),
       (3944, 'Medfield', 231, 'medfield', 'united-states'),
       (3945, 'Michigan', 231, 'michigan', 'united-states'),
       (3946, 'Minnesota', 231, 'minnesota', 'united-states'),
       (3947, 'Mississippi', 231, 'mississippi', 'united-states'),
       (3948, 'Missouri', 231, 'missouri', 'united-states'),
       (3949, 'Montana', 231, 'montana', 'united-states'),
       (3950, 'Nebraska', 231, 'nebraska', 'united-states'),
       (3951, 'Nevada', 231, 'nevada', 'united-states'),
       (3952, 'New Hampshire', 231, 'new-hampshire', 'united-states'),
       (3953, 'New Jersey', 231, 'new-jersey', 'united-states'),
       (3954, 'New Jersy', 231, 'new-jersy', 'united-states'),
       (3955, 'New Mexico', 231, 'new-mexico', 'united-states'),
       (3956, 'New York', 231, 'new-york', 'united-states'),
       (3957, 'North Carolina', 231, 'north-carolina', 'united-states'),
       (3958, 'North Dakota', 231, 'north-dakota', 'united-states'),
       (3959, 'Ohio', 231, 'ohio', 'united-states'),
       (3960, 'Oklahoma', 231, 'oklahoma', 'united-states'),
       (3961, 'Ontario', 231, 'ontario', 'united-states'),
       (3962, 'Oregon', 231, 'oregon', 'united-states'),
       (3963, 'Pennsylvania', 231, 'pennsylvania', 'united-states'),
       (3964, 'Ramey', 231, 'ramey', 'united-states'),
       (3965, 'Rhode Island', 231, 'rhode-island', 'united-states'),
       (3966, 'South Carolina', 231, 'south-carolina', 'united-states'),
       (3967, 'South Dakota', 231, 'south-dakota', 'united-states'),
       (3968, 'Sublimity', 231, 'sublimity', 'united-states'),
       (3969, 'Tennessee', 231, 'tennessee', 'united-states'),
       (3970, 'Texas', 231, 'texas', 'united-states'),
       (3971, 'Trimble', 231, 'trimble', 'united-states'),
       (3972, 'Utah', 231, 'utah', 'united-states'),
       (3973, 'Vermont', 231, 'vermont', 'united-states'),
       (3974, 'Virginia', 231, 'virginia', 'united-states'),
       (3975, 'Washington', 231, 'washington', 'united-states'),
       (3976, 'West Virginia', 231, 'west-virginia', 'united-states'),
       (3977, 'Wisconsin', 231, 'wisconsin', 'united-states'),
       (3978, 'Wyoming', 231, 'wyoming', 'united-states'),
       (3979, 'United States Minor Outlying I', 232, 'united-states-minor-outlying-i',
        'united-states-minor-outlying-islands'),
       (3980, 'Artigas', 233, 'artigas', 'uruguay'),
       (3981, 'Canelones', 233, 'canelones', 'uruguay'),
       (3982, 'Cerro Largo', 233, 'cerro-largo', 'uruguay'),
       (3983, 'Colonia', 233, 'colonia', 'uruguay'),
       (3984, 'Durazno', 233, 'durazno', 'uruguay'),
       (3985, 'FLorida', 233, 'florida', 'uruguay'),
       (3986, 'Flores', 233, 'flores', 'uruguay'),
       (3987, 'Lavalleja', 233, 'lavalleja', 'uruguay'),
       (3988, 'Maldonado', 233, 'maldonado', 'uruguay'),
       (3989, 'Montevideo', 233, 'montevideo', 'uruguay'),
       (3990, 'Paysandu', 233, 'paysandu', 'uruguay'),
       (3991, 'Rio Negro', 233, 'rio-negro', 'uruguay'),
       (3992, 'Rivera', 233, 'rivera', 'uruguay'),
       (3993, 'Rocha', 233, 'rocha', 'uruguay'),
       (3994, 'Salto', 233, 'salto', 'uruguay'),
       (3995, 'San Jose', 233, 'san-jose', 'uruguay'),
       (3996, 'Soriano', 233, 'soriano', 'uruguay'),
       (3997, 'Tacuarembo', 233, 'tacuarembo', 'uruguay'),
       (3998, 'Treinta y Tres', 233, 'treinta-y-tres', 'uruguay'),
       (3999, 'Andijon', 234, 'andijon', 'uzbekistan'),
       (4000, 'Buhoro', 234, 'buhoro', 'uzbekistan'),
       (4001, 'Buxoro Viloyati', 234, 'buxoro-viloyati', 'uzbekistan'),
       (4002, 'Cizah', 234, 'cizah', 'uzbekistan'),
       (4003, 'Fargona', 234, 'fargona', 'uzbekistan'),
       (4004, 'Horazm', 234, 'horazm', 'uzbekistan'),
       (4005, 'Kaskadar', 234, 'kaskadar', 'uzbekistan'),
       (4006, 'Korakalpogiston', 234, 'korakalpogiston', 'uzbekistan'),
       (4007, 'Namangan', 234, 'namangan', 'uzbekistan'),
       (4008, 'Navoi', 234, 'navoi', 'uzbekistan'),
       (4009, 'Samarkand', 234, 'samarkand', 'uzbekistan'),
       (4010, 'Sirdare', 234, 'sirdare', 'uzbekistan'),
       (4011, 'Surhondar', 234, 'surhondar', 'uzbekistan'),
       (4012, 'Toskent', 234, 'toskent', 'uzbekistan'),
       (4013, 'Malampa', 235, 'malampa', 'vanuatu'),
       (4014, 'Penama', 235, 'penama', 'vanuatu'),
       (4015, 'Sanma', 235, 'sanma', 'vanuatu'),
       (4016, 'Shefa', 235, 'shefa', 'vanuatu'),
       (4017, 'Tafea', 235, 'tafea', 'vanuatu'),
       (4018, 'Torba', 235, 'torba', 'vanuatu'),
       (4019, 'Vatican City State (Holy See)', 236, 'vatican-city-state-holy-see', 'vatican-city-state-holy-see'),
       (4020, 'Amazonas', 237, 'amazonas', 'venezuela'),
       (4021, 'Anzoategui', 237, 'anzoategui', 'venezuela'),
       (4022, 'Apure', 237, 'apure', 'venezuela'),
       (4023, 'Aragua', 237, 'aragua', 'venezuela'),
       (4024, 'Barinas', 237, 'barinas', 'venezuela'),
       (4025, 'Bolivar', 237, 'bolivar', 'venezuela'),
       (4026, 'Carabobo', 237, 'carabobo', 'venezuela'),
       (4027, 'Cojedes', 237, 'cojedes', 'venezuela'),
       (4028, 'Delta Amacuro', 237, 'delta-amacuro', 'venezuela'),
       (4029, 'Distrito Federal', 237, 'distrito-federal', 'venezuela'),
       (4030, 'Falcon', 237, 'falcon', 'venezuela'),
       (4031, 'Guarico', 237, 'guarico', 'venezuela'),
       (4032, 'Lara', 237, 'lara', 'venezuela'),
       (4033, 'Merida', 237, 'merida', 'venezuela'),
       (4034, 'Miranda', 237, 'miranda', 'venezuela'),
       (4035, 'Monagas', 237, 'monagas', 'venezuela'),
       (4036, 'Nueva Esparta', 237, 'nueva-esparta', 'venezuela'),
       (4037, 'Portuguesa', 237, 'portuguesa', 'venezuela'),
       (4038, 'Sucre', 237, 'sucre', 'venezuela'),
       (4039, 'Tachira', 237, 'tachira', 'venezuela'),
       (4040, 'Trujillo', 237, 'trujillo', 'venezuela'),
       (4041, 'Vargas', 237, 'vargas', 'venezuela'),
       (4042, 'Yaracuy', 237, 'yaracuy', 'venezuela'),
       (4043, 'Zulia', 237, 'zulia', 'venezuela'),
       (4044, 'Bac Giang', 238, 'bac-giang', 'vietnam'),
       (4045, 'Binh Dinh', 238, 'binh-dinh', 'vietnam'),
       (4046, 'Binh Duong', 238, 'binh-duong', 'vietnam'),
       (4047, 'Da Nang', 238, 'da-nang', 'vietnam'),
       (4048, 'Dong Bang Song Cuu Long', 238, 'dong-bang-song-cuu-long', 'vietnam'),
       (4049, 'Dong Bang Song Hong', 238, 'dong-bang-song-hong', 'vietnam'),
       (4050, 'Dong Nai', 238, 'dong-nai', 'vietnam'),
       (4051, 'Dong Nam Bo', 238, 'dong-nam-bo', 'vietnam'),
       (4052, 'Duyen Hai Mien Trung', 238, 'duyen-hai-mien-trung', 'vietnam'),
       (4053, 'Hanoi', 238, 'hanoi', 'vietnam'),
       (4054, 'Hung Yen', 238, 'hung-yen', 'vietnam'),
       (4055, 'Khu Bon Cu', 238, 'khu-bon-cu', 'vietnam'),
       (4056, 'Long An', 238, 'long-an', 'vietnam'),
       (4057, 'Mien Nui Va Trung Du', 238, 'mien-nui-va-trung-du', 'vietnam'),
       (4058, 'Thai Nguyen', 238, 'thai-nguyen', 'vietnam'),
       (4059, 'Thanh Pho Ho Chi Minh', 238, 'thanh-pho-ho-chi-minh', 'vietnam'),
       (4060, 'Thu Do Ha Noi', 238, 'thu-do-ha-noi', 'vietnam'),
       (4061, 'Tinh Can Tho', 238, 'tinh-can-tho', 'vietnam'),
       (4062, 'Tinh Da Nang', 238, 'tinh-da-nang', 'vietnam'),
       (4063, 'Tinh Gia Lai', 238, 'tinh-gia-lai', 'vietnam'),
       (4064, 'Anegada', 239, 'anegada', 'virgin-islands-british'),
       (4065, 'Jost van Dyke', 239, 'jost-van-dyke', 'virgin-islands-british'),
       (4066, 'Tortola', 239, 'tortola', 'virgin-islands-british'),
       (4067, 'Saint Croix', 240, 'saint-croix', 'virgin-islands-us'),
       (4068, 'Saint John', 240, 'saint-john', 'virgin-islands-us'),
       (4069, 'Saint Thomas', 240, 'saint-thomas', 'virgin-islands-us'),
       (4070, 'Alo', 241, 'alo', 'wallis-and-futuna-islands'),
       (4071, 'Singave', 241, 'singave', 'wallis-and-futuna-islands'),
       (4072, 'Wallis', 241, 'wallis', 'wallis-and-futuna-islands'),
       (4073, 'Bu Jaydur', 242, 'bu-jaydur', 'western-sahara'),
       (4074, 'Wad-adh-Dhahab', 242, 'wad-adh-dhahab', 'western-sahara'),
       (4075, 'al-\'Ayun', 242, 'al-ayun', 'western-sahara'),
       (4076, 'as-Samarah', 242, 'as-samarah', 'western-sahara'),
       (4077, '\'Adan', 243, 'adan', 'yemen'),
       (4078, 'Abyan', 243, 'abyan', 'yemen'),
       (4079, 'Dhamar', 243, 'dhamar', 'yemen'),
       (4080, 'Hadramaut', 243, 'hadramaut', 'yemen'),
       (4081, 'Hajjah', 243, 'hajjah', 'yemen'),
       (4082, 'Hudaydah', 243, 'hudaydah', 'yemen'),
       (4083, 'Ibb', 243, 'ibb', 'yemen'),
       (4084, 'Lahij', 243, 'lahij', 'yemen'),
       (4085, 'Ma\'rib', 243, 'marib', 'yemen'),
       (4086, 'Madinat San\'a', 243, 'madinat-sana', 'yemen'),
       (4087, 'Sa\'dah', 243, 'sadah', 'yemen'),
       (4088, 'Sana', 243, 'sana', 'yemen'),
       (4089, 'Shabwah', 243, 'shabwah', 'yemen'),
       (4090, 'Ta\'izz', 243, 'taizz', 'yemen'),
       (4091, 'al-Bayda', 243, 'al-bayda', 'yemen'),
       (4092, 'al-Hudaydah', 243, 'al-hudaydah', 'yemen'),
       (4093, 'al-Jawf', 243, 'al-jawf', 'yemen'),
       (4094, 'al-Mahrah', 243, 'al-mahrah', 'yemen'),
       (4095, 'al-Mahwit', 243, 'al-mahwit', 'yemen'),
       (4096, 'Central Serbia', 244, 'central-serbia', 'yugoslavia'),
       (4097, 'Kosovo and Metohija', 244, 'kosovo-and-metohija', 'yugoslavia'),
       (4098, 'Montenegro', 244, 'montenegro', 'yugoslavia'),
       (4099, 'Republic of Serbia', 244, 'republic-of-serbia', 'yugoslavia'),
       (4100, 'Serbia', 244, 'serbia', 'yugoslavia'),
       (4101, 'Vojvodina', 244, 'vojvodina', 'yugoslavia'),
       (4102, 'Central', 245, 'central', 'zambia'),
       (4103, 'Copperbelt', 245, 'copperbelt', 'zambia'),
       (4104, 'Eastern', 245, 'eastern', 'zambia'),
       (4105, 'Luapala', 245, 'luapala', 'zambia'),
       (4106, 'Lusaka', 245, 'lusaka', 'zambia'),
       (4107, 'North-Western', 245, 'north-western', 'zambia'),
       (4108, 'Northern', 245, 'northern', 'zambia'),
       (4109, 'Southern', 245, 'southern', 'zambia'),
       (4110, 'Western', 245, 'western', 'zambia'),
       (4111, 'Bulawayo', 246, 'bulawayo', 'zimbabwe'),
       (4112, 'Harare', 246, 'harare', 'zimbabwe'),
       (4113, 'Manicaland', 246, 'manicaland', 'zimbabwe'),
       (4114, 'Mashonaland Central', 246, 'mashonaland-central', 'zimbabwe'),
       (4115, 'Mashonaland East', 246, 'mashonaland-east', 'zimbabwe'),
       (4116, 'Mashonaland West', 246, 'mashonaland-west', 'zimbabwe'),
       (4117, 'Masvingo', 246, 'masvingo', 'zimbabwe'),
       (4118, 'Matabeleland North', 246, 'matabeleland-north', 'zimbabwe'),
       (4119, 'Matabeleland South', 246, 'matabeleland-south', 'zimbabwe'),
       (4120, 'Midlands', 246, 'midlands', 'zimbabwe');

INSERT INTO `cities` (`id`, `state`, `alias`, `name`, `country`, `created_at`)
VALUES (1, 'abia', 'aba', 'Aba', 'Nigeria', '2019-02-11 17:49:56'),
       (2, 'abia', 'abiriba', 'Abiriba', 'Nigeria', '2019-02-11 17:49:56'),
       (3, 'abia', 'amaeke', 'Amaeke', 'Nigeria', '2019-02-11 17:49:56'),
       (4, 'abia', 'arochukwu', 'Arochukwu', 'Nigeria', '2019-02-11 17:49:56'),
       (5, 'abia', 'bende', 'Bende', 'Nigeria', '2019-02-11 17:49:56'),
       (6, 'abia', 'igbere', 'Igbere', 'Nigeria', '2019-02-11 17:49:56'),
       (7, 'abia', 'nbawsi', 'Nbawsi', 'Nigeria', '2019-02-11 17:49:56'),
       (8, 'abia', 'ohafia', 'Ohafia', 'Nigeria', '2019-02-11 17:49:56'),
       (9, 'abia', 'omoba', 'Omoba', 'Nigeria', '2019-02-11 17:49:56'),
       (10, 'abia', 'ovim', 'Ovim', 'Nigeria', '2019-02-11 17:49:56'),
       (11, 'abia', 'umuahia', 'Umuahia', 'Nigeria', '2019-02-11 17:49:56'),
       (12, 'abia', 'umudike', 'Umudike', 'Nigeria', '2019-02-11 17:49:56'),
       (13, 'adamawa', 'ganye', 'Ganye', 'Nigeria', '2019-02-11 17:51:46'),
       (14, 'adamawa', 'gombi', 'Gombi', 'Nigeria', '2019-02-11 17:51:46'),
       (15, 'adamawa', 'guyuk', 'Guyuk', 'Nigeria', '2019-02-11 17:51:46'),
       (16, 'adamawa', 'jimeta', 'Jimeta', 'Nigeria', '2019-02-11 17:51:46'),
       (17, 'adamawa', 'mayo-belwa', 'Mayo-Belwa', 'Nigeria', '2019-02-11 17:51:46'),
       (18, 'adamawa', 'michika', 'Michika', 'Nigeria', '2019-02-11 17:51:46'),
       (19, 'adamawa', 'mubi', 'Mubi', 'Nigeria', '2019-02-11 17:51:46'),
       (20, 'adamawa', 'numan', 'Numan', 'Nigeria', '2019-02-11 17:51:46'),
       (21, 'adamawa', 'yola', 'Yola', 'Nigeria', '2019-02-11 17:51:46'),
       (22, 'akwa-ibom', 'eket', 'Eket', 'Nigeria', '2019-02-11 17:53:27'),
       (23, 'akwa-ibom', 'etinan', 'Etinan', 'Nigeria', '2019-02-11 17:53:27'),
       (24, 'akwa-ibom', 'ibeno', 'Ibeno', 'Nigeria', '2019-02-11 17:53:27'),
       (25, 'akwa-ibom', 'ibiono-ibom', 'Ibiono-Ibom', 'Nigeria', '2019-02-11 17:53:27'),
       (26, 'akwa-ibom', 'ikot', 'Ikot', 'Nigeria', '2019-02-11 17:53:27'),
       (27, 'akwa-ibom', 'abasi', 'Abasi', 'Nigeria', '2019-02-11 17:53:27'),
       (28, 'akwa-ibom', 'ekpene', 'Ekpene', 'Nigeria', '2019-02-11 17:53:27'),
       (29, 'akwa-ibom', 'itu', 'Itu', 'Nigeria', '2019-02-11 17:53:27'),
       (30, 'akwa-ibom', 'mkpat-enin', 'Mkpat-Enin', 'Nigeria', '2019-02-11 17:53:27'),
       (31, 'akwa-ibom', 'nsitubom', 'Nsitubom', 'Nigeria', '2019-02-11 17:53:27'),
       (32, 'akwa-ibom', 'oron', 'Oron', 'Nigeria', '2019-02-11 17:53:27'),
       (33, 'akwa-ibom', 'ukanafun', 'Ukanafun', 'Nigeria', '2019-02-11 17:53:27'),
       (34, 'akwa-ibom', 'uyo', 'Uyo', 'Nigeria', '2019-02-11 17:53:27'),
       (35, 'anambra', 'abagana', 'Abagana', 'Nigeria', '2019-02-11 18:06:22'),
       (36, 'anambra', 'abba', 'Abba', 'Nigeria', '2019-02-11 18:06:22'),
       (37, 'anambra', 'adazi-ani', 'Adazi Ani', 'Nigeria', '2019-02-11 18:06:22'),
       (38, 'anambra', 'adazi-enu', 'Adazi Enu', 'Nigeria', '2019-02-11 18:06:22'),
       (39, 'anambra', 'adazi-nnukwu', 'Adazi Nnukwu', 'Nigeria', '2019-02-11 18:06:22'),
       (40, 'anambra', 'aguleri', 'Aguleri', 'Nigeria', '2019-02-11 18:06:22'),
       (41, 'anambra', 'agulu', 'Agulu', 'Nigeria', '2019-02-11 18:06:22'),
       (42, 'anambra', 'alor', 'Alor', 'Nigeria', '2019-02-11 18:06:22'),
       (43, 'anambra', 'amaokpala', 'Amaokpala', 'Nigeria', '2019-02-11 18:06:22'),
       (44, 'anambra', 'amawbia', 'Amawbia', 'Nigeria', '2019-02-11 18:06:22'),
       (45, 'anambra', 'atani', 'Atani', 'Nigeria', '2019-02-11 18:06:22'),
       (46, 'anambra', 'awka', 'Awka', 'Nigeria', '2019-02-11 18:06:22'),
       (47, 'anambra', 'awka-etiti', 'Awka-Etiti', 'Nigeria', '2019-02-11 18:06:22'),
       (48, 'anambra', 'awkuzu', 'Awkuzu', 'Nigeria', '2019-02-11 18:06:22'),
       (49, 'anambra', 'ekwulobia', 'Ekwulobia', 'Nigeria', '2019-02-11 18:06:22'),
       (50, 'anambra', 'enugwu-agidi', 'Enugwu-Agidi', 'Nigeria', '2019-02-11 18:06:22'),
       (51, 'anambra', 'enugwu-ukwu', 'Enugwu-Ukwu', 'Nigeria', '2019-02-11 18:06:22'),
       (52, 'anambra', 'ichida', 'Ichida', 'Nigeria', '2019-02-11 18:06:22'),
       (53, 'anambra', 'igbo-ukwu', 'Igbo-Ukwu', 'Nigeria', '2019-02-11 18:06:22'),
       (54, 'anambra', 'ihiala', 'Ihiala', 'Nigeria', '2019-02-11 18:06:22'),
       (55, 'anambra', 'isuofia', 'Isuofia', 'Nigeria', '2019-02-11 18:06:22'),
       (56, 'anambra', 'nanka', 'Nanka', 'Nigeria', '2019-02-11 18:06:22'),
       (57, 'anambra', 'nawfia', 'Nawfia', 'Nigeria', '2019-02-11 18:06:22'),
       (58, 'anambra', 'nawgu', 'Nawgu', 'Nigeria', '2019-02-11 18:06:22'),
       (59, 'anambra', 'neni', 'Neni', 'Nigeria', '2019-02-11 18:06:22'),
       (60, 'anambra', 'nibo', 'Nibo', 'Nigeria', '2019-02-11 18:06:22'),
       (61, 'anambra', 'nkpor', 'Nkpor', 'Nigeria', '2019-02-11 18:06:22'),
       (62, 'anambra', 'nnewi', 'Nnewi', 'Nigeria', '2019-02-11 18:06:22'),
       (63, 'anambra', 'nnobi', 'Nnobi', 'Nigeria', '2019-02-11 18:06:22'),
       (64, 'anambra', 'oba', 'Oba', 'Nigeria', '2019-02-11 18:06:22'),
       (65, 'anambra', 'obosi', 'Obosi', 'Nigeria', '2019-02-11 18:06:22'),
       (66, 'anambra', 'ogidi', 'Ogidi', 'Nigeria', '2019-02-11 18:06:22'),
       (67, 'anambra', 'okija', 'Okija', 'Nigeria', '2019-02-11 18:06:22'),
       (68, 'anambra', 'oko', 'Oko', 'Nigeria', '2019-02-11 18:06:22'),
       (69, 'anambra', 'onitsha', 'Onitsha', 'Nigeria', '2019-02-11 18:06:22'),
       (70, 'anambra', 'oraifite', 'Oraifite', 'Nigeria', '2019-02-11 18:06:22'),
       (71, 'anambra', 'ozubulu', 'Ozubulu', 'Nigeria', '2019-02-11 18:06:22'),
       (72, 'anambra', 'ukpo', 'Ukpo', 'Nigeria', '2019-02-11 18:06:22'),
       (73, 'anambra', 'umuchu', 'Umuchu', 'Nigeria', '2019-02-11 18:06:22'),
       (74, 'anambra', 'umudioka', 'Umudioka', 'Nigeria', '2019-02-11 18:06:22'),
       (75, 'anambra', 'umuleri', 'Umuleri', 'Nigeria', '2019-02-11 18:06:22'),
       (76, 'anambra', 'umunnachi', 'Umunnachi', 'Nigeria', '2019-02-11 18:06:22'),
       (77, 'anambra', 'umunya', 'Umunya', 'Nigeria', '2019-02-11 18:06:22'),
       (78, 'anambra', 'unubi', 'Unubi', 'Nigeria', '2019-02-11 18:06:22'),
       (79, 'bauchi', 'alkaleri', 'Alkaleri', 'Nigeria', '2019-02-11 18:07:13'),
       (80, 'bauchi', 'azare', 'Azare', 'Nigeria', '2019-02-11 18:07:13'),
       (81, 'bauchi', 'bauchi', 'Bauchi', 'Nigeria', '2019-02-11 18:07:13'),
       (82, 'bauchi', 'dass', 'Dass', 'Nigeria', '2019-02-11 18:07:13'),
       (83, 'bauchi', 'jamaare', 'Jamaare', 'Nigeria', '2019-02-11 18:07:13'),
       (84, 'bauchi', 'misau', 'Misau', 'Nigeria', '2019-02-11 18:07:13'),
       (85, 'bauchi', 'ningi', 'Ningi', 'Nigeria', '2019-02-11 18:07:13'),
       (86, 'bauchi', 'tafawa-belawa', 'Tafawa-Belawa', 'Nigeria', '2019-02-11 18:07:13'),
       (87, 'benue', 'gboko', 'Gboko', 'Nigeria', '2019-02-11 18:07:53'),
       (88, 'benue', 'katsina-ala', 'Katsina-ala', 'Nigeria', '2019-02-11 18:07:53'),
       (89, 'benue', 'obi', 'Obi', 'Nigeria', '2019-02-11 18:07:53'),
       (90, 'benue', 'otukpa', 'Otukpa', 'Nigeria', '2019-02-11 18:07:53'),
       (91, 'benue', 'otukpo', 'Otukpo', 'Nigeria', '2019-02-11 18:07:53'),
       (92, 'benue', 'ugbokolo', 'Ugbokolo', 'Nigeria', '2019-02-11 18:07:53'),
       (93, 'benue', 'vandeikya', 'Vandeikya', 'Nigeria', '2019-02-11 18:07:53'),
       (94, 'borno', 'biu', 'Biu', 'Nigeria', '2019-02-11 18:08:46'),
       (95, 'borno', 'chibok', 'Chibok', 'Nigeria', '2019-02-11 18:08:46'),
       (96, 'borno', 'damboa', 'Damboa', 'Nigeria', '2019-02-11 18:08:46'),
       (97, 'borno', 'konduga', 'Konduga', 'Nigeria', '2019-02-11 18:08:46'),
       (98, 'bayelsa', 'amasoma', 'Amasoma', 'Nigeria', '2019-02-11 18:10:40'),
       (99, 'bayelsa', 'brass', 'Brass', 'Nigeria', '2019-02-11 18:10:40'),
       (100, 'bayelsa', 'kaiama', 'Kaiama', 'Nigeria', '2019-02-11 18:10:40'),
       (101, 'bayelsa', 'koluama', 'Koluama', 'Nigeria', '2019-02-11 18:10:40'),
       (102, 'bayelsa', 'nembe', 'Nembe', 'Nigeria', '2019-02-11 18:10:40'),
       (103, 'bayelsa', 'ogbia', 'Ogbia', 'Nigeria', '2019-02-11 18:10:40'),
       (104, 'bayelsa', 'oloibiri', 'Oloibiri', 'Nigeria', '2019-02-11 18:10:40'),
       (105, 'bayelsa', 'opokuma', 'Opokuma', 'Nigeria', '2019-02-11 18:10:40'),
       (106, 'bayelsa', 'oporama', 'Oporama', 'Nigeria', '2019-02-11 18:10:40'),
       (107, 'bayelsa', 'sagbama', 'Sagbama', 'Nigeria', '2019-02-11 18:10:40'),
       (108, 'cross-river', 'akamkpa', 'Akamkpa', 'Nigeria', '2019-02-11 18:11:35'),
       (109, 'cross-river', 'akpabuyo', 'Akpabuyo', 'Nigeria', '2019-02-11 18:11:35'),
       (110, 'cross-river', 'bakassi', 'Bakassi', 'Nigeria', '2019-02-11 18:11:35'),
       (111, 'cross-river', 'biase', 'Biase', 'Nigeria', '2019-02-11 18:11:35'),
       (112, 'cross-river', 'ikom', 'Ikom', 'Nigeria', '2019-02-11 18:11:35'),
       (113, 'cross-river', 'obanliku', 'Obanliku', 'Nigeria', '2019-02-11 18:11:35'),
       (114, 'cross-river', 'obubra', 'Obubra', 'Nigeria', '2019-02-11 18:11:35'),
       (115, 'cross-river', 'obudu', 'Obudu', 'Nigeria', '2019-02-11 18:11:35'),
       (116, 'cross-river', 'odukpani', 'Odukpani', 'Nigeria', '2019-02-11 18:11:35'),
       (117, 'cross-river', 'ogoja', 'Ogoja', 'Nigeria', '2019-02-11 18:11:35'),
       (118, 'cross-river', 'ugep', 'Ugep', 'Nigeria', '2019-02-11 18:11:35'),
       (119, 'cross-river', 'yakurr', 'Yakurr', 'Nigeria', '2019-02-11 18:11:35'),
       (120, 'delta', 'abraka', 'Abraka', 'Nigeria', '2019-02-11 18:12:23'),
       (121, 'delta', 'agbor', 'Agbor', 'Nigeria', '2019-02-11 18:12:23'),
       (122, 'delta', 'burutu', 'Burutu', 'Nigeria', '2019-02-11 18:12:23'),
       (123, 'delta', 'effurun', 'Effurun', 'Nigeria', '2019-02-11 18:12:23'),
       (124, 'delta', 'koko', 'Koko', 'Nigeria', '2019-02-11 18:12:23'),
       (125, 'delta', 'kwale', 'Kwale', 'Nigeria', '2019-02-11 18:12:23'),
       (126, 'delta', 'oghara', 'Oghara', 'Nigeria', '2019-02-11 18:12:23'),
       (127, 'delta', 'ogwashi-ukwu', 'Ogwashi Ukwu', 'Nigeria', '2019-02-11 18:12:23'),
       (128, 'delta', 'okuokoko', 'Okuokoko', 'Nigeria', '2019-02-11 18:12:23'),
       (129, 'delta', 'oleh', 'Oleh', 'Nigeria', '2019-02-11 18:12:23'),
       (130, 'delta', 'ovwian', 'Ovwian', 'Nigeria', '2019-02-11 18:12:23'),
       (131, 'delta', 'ozoro', 'Ozoro', 'Nigeria', '2019-02-11 18:12:23'),
       (132, 'delta', 'sapele', 'Sapele', 'Nigeria', '2019-02-11 18:12:23'),
       (133, 'delta', 'ughelli', 'Ughelli', 'Nigeria', '2019-02-11 18:12:23'),
       (134, 'delta', 'warri', 'Warri', 'Nigeria', '2019-02-11 18:12:23'),
       (135, 'ebonyi', 'afikpo', 'Afikpo', 'Nigeria', '2019-02-11 18:13:34'),
       (136, 'ebonyi', 'amasiri', 'Amasiri', 'Nigeria', '2019-02-11 18:13:34'),
       (137, 'ebonyi', 'edda', 'Edda', 'Nigeria', '2019-02-11 18:13:34'),
       (138, 'ebonyi', 'ikwo', 'Ikwo', 'Nigeria', '2019-02-11 18:13:34'),
       (139, 'ebonyi', 'ishiagu', 'Ishiagu', 'Nigeria', '2019-02-11 18:13:34'),
       (140, 'ebonyi', 'nkalagu', 'Nkalagu', 'Nigeria', '2019-02-11 18:13:34'),
       (141, 'ebonyi', 'okposi', 'Okposi', 'Nigeria', '2019-02-11 18:13:34'),
       (142, 'ebonyi', 'onicha', 'Onicha', 'Nigeria', '2019-02-11 18:13:34'),
       (143, 'ebonyi', 'onueke', 'Onueke', 'Nigeria', '2019-02-11 18:13:34'),
       (144, 'ebonyi', 'uburu', 'Uburu', 'Nigeria', '2019-02-11 18:13:34'),
       (145, 'ebonyi', 'unwana', 'Unwana', 'Nigeria', '2019-02-11 18:13:34'),
       (146, 'edo', 'abudu', 'Abudu', 'Nigeria', '2019-02-11 18:15:03'),
       (147, 'edo', 'afuze', 'Afuze', 'Nigeria', '2019-02-11 18:15:03'),
       (148, 'edo', 'auchi', 'Auchi', 'Nigeria', '2019-02-11 18:15:03'),
       (149, 'edo', 'benin-city', 'Benin City', 'Nigeria', '2019-02-11 18:15:03'),
       (150, 'edo', 'ekpoma', 'Ekpoma', 'Nigeria', '2019-02-11 18:15:03'),
       (151, 'edo', 'ewu', 'Ewu', 'Nigeria', '2019-02-11 18:15:03'),
       (152, 'edo', 'fugar', 'Fugar', 'Nigeria', '2019-02-11 18:15:03'),
       (153, 'edo', 'ibillo', 'Ibillo', 'Nigeria', '2019-02-11 18:15:03'),
       (154, 'edo', 'igarra', 'Igarra', 'Nigeria', '2019-02-11 18:15:03'),
       (155, 'edo', 'igueben', 'Igueben', 'Nigeria', '2019-02-11 18:15:03'),
       (156, 'edo', 'irrua', 'Irrua', 'Nigeria', '2019-02-11 18:15:03'),
       (157, 'edo', 'okpella', 'Okpella', 'Nigeria', '2019-02-11 18:15:03'),
       (158, 'edo', 'sabongida-ora', 'Sabongida-Ora', 'Nigeria', '2019-02-11 18:15:03'),
       (159, 'edo', 'ubiaja', 'Ubiaja', 'Nigeria', '2019-02-11 18:15:03'),
       (160, 'edo', 'urhonigbe', 'Urhonigbe', 'Nigeria', '2019-02-11 18:15:03'),
       (161, 'edo', 'uromi', 'Uromi', 'Nigeria', '2019-02-11 18:15:03'),
       (162, 'edo', 'uzebba', 'Uzebba', 'Nigeria', '2019-02-11 18:15:03'),
       (163, 'ekiti', 'afao', 'Afao', 'Nigeria', '2019-02-11 18:15:47'),
       (164, 'ekiti', 'aisegba', 'Aisegba', 'Nigeria', '2019-02-11 18:15:47'),
       (165, 'ekiti', 'aramoko-ekiti', 'Aramoko-Ekiti', 'Nigeria', '2019-02-11 18:15:47'),
       (166, 'ekiti', 'ayedun', 'Ayedun', 'Nigeria', '2019-02-11 18:15:47'),
       (167, 'ekiti', 'efon', 'Efon', 'Nigeria', '2019-02-11 18:15:47'),
       (168, 'ekiti', 'emure', 'Emure', 'Nigeria', '2019-02-11 18:15:47'),
       (169, 'ekiti', 'erinmope', 'Erinmope', 'Nigeria', '2019-02-11 18:15:47'),
       (170, 'ekiti', 'ido', 'Ido', 'Nigeria', '2019-02-11 18:15:47'),
       (171, 'ekiti', 'igede', 'Igede', 'Nigeria', '2019-02-11 18:15:47'),
       (172, 'ekiti', 'ijero', 'Ijero', 'Nigeria', '2019-02-11 18:15:47'),
       (173, 'ekiti', 'ikere', 'Ikere', 'Nigeria', '2019-02-11 18:15:47'),
       (174, 'ekiti', 'ikole', 'Ikole', 'Nigeria', '2019-02-11 18:15:47'),
       (175, 'ekiti', 'ilawe', 'Ilawe', 'Nigeria', '2019-02-11 18:15:47'),
       (176, 'ekiti', 'ise', 'Ise', 'Nigeria', '2019-02-11 18:15:47'),
       (177, 'ekiti', 'iye', 'Iye', 'Nigeria', '2019-02-11 18:15:47'),
       (178, 'ekiti', 'iyin', 'Iyin', 'Nigeria', '2019-02-11 18:15:47'),
       (179, 'ekiti', 'ode', 'Ode', 'Nigeria', '2019-02-11 18:15:47'),
       (180, 'ekiti', 'odo-oro', 'Odo-Oro', 'Nigeria', '2019-02-11 18:15:47'),
       (181, 'ekiti', 'ogotun', 'Ogotun', 'Nigeria', '2019-02-11 18:15:47'),
       (182, 'ekiti', 'okemesi', 'Okemesi', 'Nigeria', '2019-02-11 18:15:47'),
       (183, 'ekiti', 'omuo', 'Omuo', 'Nigeria', '2019-02-11 18:15:47'),
       (184, 'ekiti', 'otun', 'Otun', 'Nigeria', '2019-02-11 18:15:47'),
       (185, 'ekiti', 'oye-ekiti', 'Oye-Ekiti', 'Nigeria', '2019-02-11 18:15:47'),
       (186, 'enugu', '9th-mile-corner', '9th Mile Corner', 'Nigeria', '2019-02-11 18:19:47'),
       (187, 'enugu', 'abor', 'Abor', 'Nigeria', '2019-02-11 18:19:47'),
       (188, 'enugu', 'achi', 'Achi', 'Nigeria', '2019-02-11 18:19:47'),
       (189, 'enugu', 'agbogugu', 'Agbogugu', 'Nigeria', '2019-02-11 18:19:47'),
       (190, 'enugu', 'agbudu', 'Agbudu', 'Nigeria', '2019-02-11 18:19:47'),
       (191, 'enugu', 'akegbe-ugwu', 'Akegbe Ugwu', 'Nigeria', '2019-02-11 18:19:47'),
       (192, 'enugu', 'akpugo', 'Akpugo', 'Nigeria', '2019-02-11 18:19:47'),
       (193, 'enugu', 'akwuke', 'Akwuke', 'Nigeria', '2019-02-11 18:19:47'),
       (194, 'enugu', 'amagunze', 'Amagunze', 'Nigeria', '2019-02-11 18:19:47'),
       (195, 'enugu', 'amechi', 'Amechi', 'Nigeria', '2019-02-11 18:19:47'),
       (196, 'enugu', 'amechi-idodo', 'Amechi Idodo', 'Nigeria', '2019-02-11 18:19:47'),
       (197, 'enugu', 'amodu', 'Amodu', 'Nigeria', '2019-02-11 18:19:47'),
       (198, 'enugu', 'amokwe', 'Amokwe', 'Nigeria', '2019-02-11 18:19:47'),
       (199, 'enugu', 'amoli', 'Amoli', 'Nigeria', '2019-02-11 18:19:47'),
       (200, 'enugu', 'amuri', 'Amuri', 'Nigeria', '2019-02-11 18:19:47'),
       (201, 'enugu', 'aninri', 'Aninri', 'Nigeria', '2019-02-11 18:19:47'),
       (202, 'enugu', 'awgu', 'Awgu', 'Nigeria', '2019-02-11 18:19:47'),
       (203, 'enugu', 'eha-amufu', 'Eha-Amufu', 'Nigeria', '2019-02-11 18:19:47'),
       (204, 'enugu', 'eke', 'Eke', 'Nigeria', '2019-02-11 18:19:47'),
       (205, 'enugu', 'emene', 'Emene', 'Nigeria', '2019-02-11 18:19:47'),
       (206, 'enugu', 'ezeagu', 'Ezeagu', 'Nigeria', '2019-02-11 18:19:47'),
       (207, 'enugu', 'ihe', 'Ihe', 'Nigeria', '2019-02-11 18:19:47'),
       (208, 'enugu', 'isu-awaa', 'Isu Awaa', 'Nigeria', '2019-02-11 18:19:47'),
       (209, 'enugu', 'ituku', 'Ituku', 'Nigeria', '2019-02-11 18:19:47'),
       (210, 'enugu', 'lejja', 'Lejja', 'Nigeria', '2019-02-11 18:19:47'),
       (211, 'enugu', 'mgbowo', 'Mgbowo', 'Nigeria', '2019-02-11 18:19:47'),
       (212, 'enugu', 'mpu', 'Mpu', 'Nigeria', '2019-02-11 18:19:47'),
       (213, 'enugu', 'nara', 'Nara', 'Nigeria', '2019-02-11 18:19:47'),
       (214, 'enugu', 'nenwe', 'Nenwe', 'Nigeria', '2019-02-11 18:19:47'),
       (215, 'enugu', 'ngwo', 'Ngwo', 'Nigeria', '2019-02-11 18:19:47'),
       (216, 'enugu', 'nike', 'Nike', 'Nigeria', '2019-02-11 18:19:47'),
       (217, 'enugu', 'nkanu', 'Nkanu', 'Nigeria', '2019-02-11 18:19:47'),
       (218, 'enugu', 'nkerefi', 'Nkerefi', 'Nigeria', '2019-02-11 18:19:47'),
       (219, 'enugu', 'nsukka', 'Nsukka', 'Nigeria', '2019-02-11 18:19:47'),
       (220, 'enugu', 'obe', 'Obe', 'Nigeria', '2019-02-11 18:19:47'),
       (221, 'enugu', 'oduma', 'Oduma', 'Nigeria', '2019-02-11 18:19:47'),
       (222, 'enugu', 'ogbaku', 'Ogbaku', 'Nigeria', '2019-02-11 18:19:47'),
       (223, 'enugu', 'ogboduaba', 'OgboduAba', 'Nigeria', '2019-02-11 18:19:47'),
       (224, 'enugu', 'oji-river', 'Oji River', 'Nigeria', '2019-02-11 18:19:47'),
       (225, 'enugu', 'okpanku', 'Okpanku', 'Nigeria', '2019-02-11 18:19:47'),
       (226, 'enugu', 'okpatu', 'Okpatu', 'Nigeria', '2019-02-11 18:19:47'),
       (227, 'enugu', 'opi', 'Opi', 'Nigeria', '2019-02-11 18:19:47'),
       (228, 'enugu', 'ozalla', 'Ozalla', 'Nigeria', '2019-02-11 18:19:47'),
       (229, 'enugu', 'udenu', 'Udenu', 'Nigeria', '2019-02-11 18:19:47'),
       (230, 'enugu', 'udi', 'Udi', 'Nigeria', '2019-02-11 18:19:47'),
       (231, 'enugu', 'ugbawka', 'Ugbawka', 'Nigeria', '2019-02-11 18:19:47'),
       (232, 'enugu', 'ugbo', 'Ugbo', 'Nigeria', '2019-02-11 18:19:47'),
       (233, 'enugu', 'ugwuaji', 'Ugwuaji', 'Nigeria', '2019-02-11 18:19:47'),
       (234, 'enugu', 'ugwuoba', 'Ugwuoba', 'Nigeria', '2019-02-11 18:19:47'),
       (235, 'enugu', 'umana', 'Umana', 'Nigeria', '2019-02-11 18:19:47'),
       (236, 'enugu', 'uzouwani', 'Uzouwani', 'Nigeria', '2019-02-11 18:19:47'),
       (237, 'enugu', 'lnyi', 'Lnyi', 'Nigeria', '2019-02-11 18:19:47'),
       (238, 'abuja', 'abuja', 'Abuja', 'Nigeria', '2019-02-11 18:35:21'),
       (239, 'abuja', 'abaji', 'Abaji', 'Nigeria', '2019-02-11 18:35:21'),
       (240, 'abuja', 'gwagwalada', 'Gwagwalada', 'Nigeria', '2019-02-11 18:35:21'),
       (241, 'abuja', 'kuje', 'Kuje', 'Nigeria', '2019-02-11 18:35:21'),
       (242, 'abuja', 'bwari', 'Bwari', 'Nigeria', '2019-02-11 18:35:21'),
       (243, 'abuja', 'kwali', 'Kwali', 'Nigeria', '2019-02-11 18:35:21'),
       (244, 'gombe', 'bajoga', 'Bajoga', 'Nigeria', '2019-02-11 18:36:07'),
       (245, 'gombe', 'billiri', 'Billiri', 'Nigeria', '2019-02-11 18:36:07'),
       (246, 'gombe', 'dukku', 'Dukku', 'Nigeria', '2019-02-11 18:36:07'),
       (247, 'gombe', 'kaltungo', 'Kaltungo', 'Nigeria', '2019-02-11 18:36:07'),
       (248, 'jigawa', 'birnin-kudu', 'Birnin Kudu', 'Nigeria', '2019-02-11 18:36:57'),
       (249, 'jigawa', 'gumel', 'Gumel', 'Nigeria', '2019-02-11 18:36:57'),
       (250, 'jigawa', 'hadejia', 'Hadejia', 'Nigeria', '2019-02-11 18:36:57'),
       (251, 'jigawa', 'kazaure', 'Kazaure', 'Nigeria', '2019-02-11 18:36:57'),
       (252, 'jigawa', 'ringim', 'Ringim', 'Nigeria', '2019-02-11 18:36:57'),
       (253, 'imo', 'amaimo', 'Amaimo', 'Nigeria', '2019-02-11 18:37:31'),
       (254, 'imo', 'emekuku', 'Emekuku', 'Nigeria', '2019-02-11 18:37:31'),
       (255, 'imo', 'etiti', 'Etiti', 'Nigeria', '2019-02-11 18:37:31'),
       (256, 'imo', 'ideato', 'Ideato', 'Nigeria', '2019-02-11 18:37:31'),
       (257, 'imo', 'ihiagwa', 'Ihiagwa', 'Nigeria', '2019-02-11 18:37:31'),
       (258, 'imo', 'mbaise', 'Mbaise', 'Nigeria', '2019-02-11 18:37:31'),
       (259, 'imo', 'mgbidi', 'Mgbidi', 'Nigeria', '2019-02-11 18:37:31'),
       (260, 'imo', 'nkwerre', 'Nkwerre', 'Nigeria', '2019-02-11 18:37:31'),
       (261, 'imo', 'obowu', 'Obowu', 'Nigeria', '2019-02-11 18:37:31'),
       (262, 'imo', 'oguta', 'Oguta', 'Nigeria', '2019-02-11 18:37:31'),
       (263, 'imo', 'okigwe', 'Okigwe', 'Nigeria', '2019-02-11 18:37:31'),
       (264, 'imo', 'orlu', 'Orlu', 'Nigeria', '2019-02-11 18:37:31'),
       (265, 'imo', 'umudim', 'Umudim', 'Nigeria', '2019-02-11 18:37:31'),
       (266, 'imo', 'uzoagba', 'Uzoagba', 'Nigeria', '2019-02-11 18:37:31'),
       (267, 'kaduna', 'kachia', 'Kachia', 'Nigeria', '2019-02-11 18:38:28'),
       (268, 'kaduna', 'kafanchan', 'Kafanchan', 'Nigeria', '2019-02-11 18:38:28'),
       (269, 'kaduna', 'kagoro', 'Kagoro', 'Nigeria', '2019-02-11 18:38:28'),
       (270, 'kaduna', 'zaria', 'Zaria', 'Nigeria', '2019-02-11 18:38:28'),
       (271, 'kaduna', 'zonkwa', 'Zonkwa', 'Nigeria', '2019-02-11 18:38:28'),
       (272, 'kebbi', 'argungu', 'Argungu', 'Nigeria', '2019-02-11 18:39:06'),
       (273, 'kebbi', 'bagudo', 'Bagudo', 'Nigeria', '2019-02-11 18:39:06'),
       (274, 'kebbi', 'jega', 'Jega', 'Nigeria', '2019-02-11 18:39:06'),
       (275, 'kebbi', 'kamba', 'Kamba', 'Nigeria', '2019-02-11 18:39:06'),
       (276, 'kebbi', 'koko-2', 'Koko', 'Nigeria', '2019-02-11 18:39:06'),
       (277, 'kebbi', 'yauri', 'Yauri', 'Nigeria', '2019-02-11 18:39:06'),
       (278, 'kebbi', 'zuru', 'Zuru', 'Nigeria', '2019-02-11 18:39:06'),
       (279, 'kano', 'dala', 'Dala', 'Nigeria', '2019-02-11 18:40:02'),
       (280, 'kano', 'dambatta', 'Dambatta', 'Nigeria', '2019-02-11 18:40:02'),
       (281, 'kano', 'garzo', 'Garzo', 'Nigeria', '2019-02-11 18:40:02'),
       (282, 'kano', 'gwale', 'Gwale', 'Nigeria', '2019-02-11 18:40:02'),
       (283, 'kano', 'gwarzo', 'Gwarzo', 'Nigeria', '2019-02-11 18:40:02'),
       (284, 'kano', 'hotoro', 'Hotoro', 'Nigeria', '2019-02-11 18:40:02'),
       (285, 'kano', 'kabuga', 'Kabuga', 'Nigeria', '2019-02-11 18:40:02'),
       (286, 'kano', 'karaye', 'Karaye', 'Nigeria', '2019-02-11 18:40:02'),
       (287, 'kano', 'nassarawa', 'Nassarawa', 'Nigeria', '2019-02-11 18:40:02'),
       (288, 'kogi', 'ankpa', 'Ankpa', 'Nigeria', '2019-02-11 18:40:46'),
       (289, 'kogi', 'anyigba', 'Anyigba', 'Nigeria', '2019-02-11 18:40:46'),
       (290, 'kogi', 'dekina', 'Dekina', 'Nigeria', '2019-02-11 18:40:46'),
       (291, 'kogi', 'egbe', 'Egbe', 'Nigeria', '2019-02-11 18:40:46'),
       (292, 'kogi', 'idah', 'Idah', 'Nigeria', '2019-02-11 18:40:46'),
       (293, 'kogi', 'itakpe', 'Itakpe', 'Nigeria', '2019-02-11 18:40:46'),
       (294, 'kogi', 'kabba', 'Kabba', 'Nigeria', '2019-02-11 18:40:46'),
       (295, 'kogi', 'koton-karfe', 'Koton-karfe', 'Nigeria', '2019-02-11 18:40:46'),
       (296, 'kogi', 'okene', 'Okene', 'Nigeria', '2019-02-11 18:40:46'),
       (297, 'lagos', 'isale-eko', 'Isale Eko', 'Nigeria', '2019-02-11 19:42:46'),
       (298, 'lagos', 'victoria-island', 'Victoria Island', 'Nigeria', '2019-02-11 19:42:46'),
       (299, 'lagos', 'lekki', 'Lekki', 'Nigeria', '2019-02-11 19:42:46'),
       (300, 'lagos', 'ibeju', 'Ibeju', 'Nigeria', '2019-02-11 19:42:46'),
       (301, 'lagos', 'oyingbo', 'Oyingbo', 'Nigeria', '2019-02-11 19:42:46'),
       (302, 'lagos', 'yaba', 'Yaba', 'Nigeria', '2019-02-11 19:42:46'),
       (303, 'lagos', 'surulere', 'Surulere', 'Nigeria', '2019-02-11 19:42:46'),
       (304, 'lagos', 'apapa', 'Apapa', 'Nigeria', '2019-02-11 19:42:47'),
       (305, 'lagos', 'ijora', 'Ijora', 'Nigeria', '2019-02-11 19:42:47'),
       (306, 'lagos', 'festac-town', 'Festac Town', 'Nigeria', '2019-02-11 19:42:47'),
       (307, 'lagos', 'ojo', 'Ojo', 'Nigeria', '2019-02-11 19:42:47'),
       (308, 'lagos', 'iba', 'Iba', 'Nigeria', '2019-02-11 19:42:47'),
       (309, 'lagos', 'isolo', 'Isolo', 'Nigeria', '2019-02-11 19:42:47'),
       (310, 'lagos', 'egbe-2', 'Egbe', 'Nigeria', '2019-02-11 19:42:47'),
       (311, 'lagos', 'ikotun', 'Ikotun', 'Nigeria', '2019-02-11 19:42:47'),
       (312, 'lagos', 'oshodi', 'Oshodi', 'Nigeria', '2019-02-11 19:42:47'),
       (313, 'lagos', 'agege', 'Agege', 'Nigeria', '2019-02-11 19:42:47'),
       (314, 'lagos', 'ikeja', 'Ikeja', 'Nigeria', '2019-02-11 19:42:47'),
       (315, 'lagos', 'ketu', 'Ketu', 'Nigeria', '2019-02-11 19:42:47'),
       (316, 'lagos', 'somolu', 'Somolu', 'Nigeria', '2019-02-11 19:42:47'),
       (317, 'lagos', 'ogudu', 'Ogudu', 'Nigeria', '2019-02-11 19:42:47'),
       (318, 'lagos', 'magodo', 'Magodo', 'Nigeria', '2019-02-11 19:42:47'),
       (319, 'lagos', 'egbeda', 'Egbeda', 'Nigeria', '2019-02-11 19:42:47'),
       (320, 'lagos', 'akowonjo', 'Akowonjo', 'Nigeria', '2019-02-11 19:42:47'),
       (321, 'lagos', 'alimosho', 'Alimosho', 'Nigeria', '2019-02-11 19:42:47'),
       (322, 'lagos', 'mushin', 'Mushin', 'Nigeria', '2019-02-11 19:42:47'),
       (323, 'lagos', 'epe', 'Epe', 'Nigeria', '2019-02-11 19:42:47'),
       (324, 'lagos', 'badagry', 'Badagry', 'Nigeria', '2019-02-11 19:42:47'),
       (325, 'lagos', 'ikorodu', 'Ikorodu', 'Nigeria', '2019-02-11 19:42:47'),
       (326, 'katsina', 'bakori', 'Bakori', 'Nigeria', '2019-02-11 19:49:21'),
       (327, 'katsina', 'batagarawa', 'Batagarawa', 'Nigeria', '2019-02-11 19:49:21'),
       (328, 'katsina', 'daura', 'Daura', 'Nigeria', '2019-02-11 19:49:21'),
       (329, 'katsina', 'funtua', 'Funtua', 'Nigeria', '2019-02-11 19:49:21'),
       (330, 'katsina', 'jibia', 'Jibia', 'Nigeria', '2019-02-11 19:49:21'),
       (331, 'katsina', 'kankia', 'Kankia', 'Nigeria', '2019-02-11 19:49:21'),
       (332, 'katsina', 'zango', 'Zango', 'Nigeria', '2019-02-11 19:49:21'),
       (333, 'kwara', 'afon', 'Afon', 'Nigeria', '2019-02-11 19:50:30'),
       (334, 'kwara', 'ajasse-ipo', 'Ajasse-Ipo', 'Nigeria', '2019-02-11 19:50:30'),
       (335, 'kwara', 'buari', 'Buari', 'Nigeria', '2019-02-11 19:50:30'),
       (336, 'kwara', 'edidi', 'Edidi', 'Nigeria', '2019-02-11 19:50:30'),
       (337, 'kwara', 'erin-lie', 'Erin-lIe', 'Nigeria', '2019-02-11 19:50:30'),
       (338, 'kwara', 'esie', 'Esie', 'Nigeria', '2019-02-11 19:50:30'),
       (339, 'kwara', 'gure', 'Gure', 'Nigeria', '2019-02-11 19:50:30'),
       (340, 'kwara', 'igbaja', 'Igbaja', 'Nigeria', '2019-02-11 19:50:30'),
       (341, 'kwara', 'jebba', 'Jebba', 'Nigeria', '2019-02-11 19:50:30'),
       (342, 'kwara', 'kaiama-2', 'Kaiama', 'Nigeria', '2019-02-11 19:50:30'),
       (343, 'kwara', 'lafiagi', 'Lafiagi', 'Nigeria', '2019-02-11 19:50:30'),
       (344, 'kwara', 'offa', 'Offa', 'Nigeria', '2019-02-11 19:50:30'),
       (345, 'kwara', 'oke-onigbin', 'Oke-Onigbin', 'Nigeria', '2019-02-11 19:50:30'),
       (346, 'kwara', 'omu-aran', 'Omu-Aran', 'Nigeria', '2019-02-11 19:50:30'),
       (347, 'kwara', 'osi', 'Osi', 'Nigeria', '2019-02-11 19:50:30'),
       (348, 'kwara', 'patigi', 'Patigi', 'Nigeria', '2019-02-11 19:50:30'),
       (349, 'kwara', 'lioffa', 'LIoffa', 'Nigeria', '2019-02-11 19:50:30'),
       (350, 'kwara', 'liota', 'LIota', 'Nigeria', '2019-02-11 19:50:30'),
       (351, 'nasarawa', 'akwanga', 'Akwanga', 'Nigeria', '2019-02-11 19:51:27'),
       (352, 'nasarawa', 'doma', 'Doma', 'Nigeria', '2019-02-11 19:51:27'),
       (353, 'nasarawa', 'eggon', 'Eggon', 'Nigeria', '2019-02-11 19:51:27'),
       (354, 'nasarawa', 'karu', 'Karu', 'Nigeria', '2019-02-11 19:51:27'),
       (355, 'nasarawa', 'keffi', 'Keffi', 'Nigeria', '2019-02-11 19:51:27'),
       (356, 'nasarawa', 'wamba', 'Wamba', 'Nigeria', '2019-02-11 19:51:27'),
       (357, 'niger', 'bida', 'Bida', 'Nigeria', '2019-02-11 19:52:13'),
       (358, 'niger', 'kotangora', 'Kotangora', 'Nigeria', '2019-02-11 19:52:13'),
       (359, 'niger', 'lapai', 'Lapai', 'Nigeria', '2019-02-11 19:52:13'),
       (360, 'niger', 'mokwa', 'Mokwa', 'Nigeria', '2019-02-11 19:52:13'),
       (361, 'niger', 'suleja', 'Suleja', 'Nigeria', '2019-02-11 19:52:13'),
       (362, 'niger', 'zungeru', 'Zungeru', 'Nigeria', '2019-02-11 19:52:13'),
       (363, 'ogun', 'ago-iwoye', 'Ago-Iwoye', 'Nigeria', '2019-02-11 19:53:08'),
       (364, 'ogun', 'ayetoro', 'Ayetoro', 'Nigeria', '2019-02-11 19:53:08'),
       (365, 'ogun', 'ifo', 'Ifo', 'Nigeria', '2019-02-11 19:53:08'),
       (366, 'ogun', 'sagamu', 'Sagamu', 'Nigeria', '2019-02-11 19:53:08'),
       (367, 'ogun', 'sango-ota', 'Sango Ota', 'Nigeria', '2019-02-11 19:53:08'),
       (368, 'ogun', 'abeokuta', 'Abeokuta', 'Nigeria', '2019-02-11 19:53:08'),
       (369, 'ogun', 'agbara', 'Agbara', 'Nigeria', '2019-02-11 19:53:08'),
       (370, 'ogun', 'ajebo', 'Ajebo', 'Nigeria', '2019-02-11 19:53:08'),
       (371, 'ogun', 'arepo', 'Arepo', 'Nigeria', '2019-02-11 19:53:08'),
       (372, 'ogun', 'ibafo', 'Ibafo', 'Nigeria', '2019-02-11 19:53:08'),
       (373, 'ogun', 'ibese', 'Ibese', 'Nigeria', '2019-02-11 19:53:08'),
       (374, 'ogun', 'iboro', 'Iboro', 'Nigeria', '2019-02-11 19:53:08'),
       (375, 'ogun', 'igbesa', 'Igbesa', 'Nigeria', '2019-02-11 19:53:08'),
       (376, 'ogun', 'igbogila', 'Igbogila', 'Nigeria', '2019-02-11 19:53:08'),
       (377, 'ogun', 'ijebu-ife', 'Ijebu Ife', 'Nigeria', '2019-02-11 19:53:08'),
       (378, 'ogun', 'ijebu-itele', 'Ijebu Itele', 'Nigeria', '2019-02-11 19:53:08'),
       (379, 'ogun', 'ijebu-ode', 'Ijebu Ode', 'Nigeria', '2019-02-11 19:53:08'),
       (380, 'ogun', 'ijebu-igbo', 'Ijebu-Igbo', 'Nigeria', '2019-02-11 19:53:08'),
       (381, 'ogun', 'ijoko', 'Ijoko', 'Nigeria', '2019-02-11 19:53:08'),
       (382, 'ogun', 'ikenne-remo', 'Ikenne Remo', 'Nigeria', '2019-02-11 19:53:08'),
       (383, 'ogun', 'ilaro', 'Ilaro', 'Nigeria', '2019-02-11 19:53:08'),
       (384, 'ogun', 'imeko', 'Imeko', 'Nigeria', '2019-02-11 19:53:08'),
       (385, 'ogun', 'iperin', 'Iperin', 'Nigeria', '2019-02-11 19:53:08'),
       (386, 'ogun', 'isara-remo', 'Isara-Remo', 'Nigeria', '2019-02-11 19:53:08'),
       (387, 'ogun', 'itori', 'Itori', 'Nigeria', '2019-02-11 19:53:08'),
       (388, 'ogun', 'magboro', 'Magboro', 'Nigeria', '2019-02-11 19:53:08'),
       (389, 'ogun', 'mowe', 'Mowe', 'Nigeria', '2019-02-11 19:53:08'),
       (390, 'ogun', 'ode-remo', 'Ode-Remo', 'Nigeria', '2019-02-11 19:53:08'),
       (391, 'ogun', 'ofada', 'Ofada', 'Nigeria', '2019-02-11 19:53:08'),
       (392, 'ogun', 'owode', 'Owode', 'Nigeria', '2019-02-11 19:53:08'),
       (393, 'ondo', 'akungba', 'Akungba', 'Nigeria', '2019-02-11 19:54:06'),
       (394, 'ondo', 'akure', 'Akure', 'Nigeria', '2019-02-11 19:54:06'),
       (395, 'ondo', 'arigidi-akoko', 'Arigidi-Akoko', 'Nigeria', '2019-02-11 19:54:06'),
       (396, 'ondo', 'ifon', 'Ifon', 'Nigeria', '2019-02-11 19:54:06'),
       (397, 'ondo', 'ijare', 'Ijare', 'Nigeria', '2019-02-11 19:54:06'),
       (398, 'ondo', 'ikare', 'Ikare', 'Nigeria', '2019-02-11 19:54:06'),
       (399, 'ondo', 'ikare-akoko', 'Ikare-Akoko', 'Nigeria', '2019-02-11 19:54:06'),
       (400, 'ondo', 'ilara-mokin', 'Ilara-Mokin', 'Nigeria', '2019-02-11 19:54:06'),
       (401, 'ondo', 'ile-oluji', 'Ile-Oluji', 'Nigeria', '2019-02-11 19:54:06'),
       (402, 'ondo', 'irele', 'Irele', 'Nigeria', '2019-02-11 19:54:06'),
       (403, 'ondo', 'oka-akoko', 'Oka-Akoko', 'Nigeria', '2019-02-11 19:54:06'),
       (404, 'ondo', 'okitipupa', 'Okitipupa', 'Nigeria', '2019-02-11 19:54:06'),
       (405, 'ondo', 'ondo-town', 'Ondo Town', 'Nigeria', '2019-02-11 19:54:06'),
       (406, 'ondo', 'ore', 'Ore', 'Nigeria', '2019-02-11 19:54:06'),
       (407, 'ondo', 'owo', 'Owo', 'Nigeria', '2019-02-11 19:54:06'),
       (408, 'rivers', 'abonnema', 'Abonnema', 'Nigeria', '2019-02-11 19:55:03'),
       (409, 'rivers', 'abua-odual', 'Abua-Odual', 'Nigeria', '2019-02-11 19:55:03'),
       (410, 'rivers', 'ahoada', 'Ahoada', 'Nigeria', '2019-02-11 19:55:03'),
       (411, 'rivers', 'bane', 'Bane', 'Nigeria', '2019-02-11 19:55:03'),
       (412, 'rivers', 'bonny', 'Bonny', 'Nigeria', '2019-02-11 19:55:03'),
       (413, 'rivers', 'bori', 'Bori', 'Nigeria', '2019-02-11 19:55:03'),
       (414, 'rivers', 'buguma', 'Buguma', 'Nigeria', '2019-02-11 19:55:03'),
       (415, 'rivers', 'degema', 'Degema', 'Nigeria', '2019-02-11 19:55:03'),
       (416, 'rivers', 'elele', 'Elele', 'Nigeria', '2019-02-11 19:55:03'),
       (417, 'rivers', 'eleme', 'Eleme', 'Nigeria', '2019-02-11 19:55:03'),
       (418, 'rivers', 'gokana', 'Gokana', 'Nigeria', '2019-02-11 19:55:03'),
       (419, 'rivers', 'igrita', 'Igrita', 'Nigeria', '2019-02-11 19:55:03'),
       (420, 'rivers', 'ikwerre', 'Ikwerre', 'Nigeria', '2019-02-11 19:55:03'),
       (421, 'rivers', 'obio-akpor', 'Obio Akpor', 'Nigeria', '2019-02-11 19:55:03'),
       (422, 'rivers', 'okrika', 'Okrika', 'Nigeria', '2019-02-11 19:55:03'),
       (423, 'rivers', 'omoku', 'Omoku', 'Nigeria', '2019-02-11 19:55:03'),
       (424, 'rivers', 'onne', 'Onne', 'Nigeria', '2019-02-11 19:55:03'),
       (425, 'rivers', 'opobo', 'Opobo', 'Nigeria', '2019-02-11 19:55:03'),
       (426, 'rivers', 'oyigbo', 'Oyigbo', 'Nigeria', '2019-02-11 19:55:03'),
       (427, 'rivers', 'port-harcourt', 'Port Harcourt', 'Nigeria', '2019-02-11 19:55:03'),
       (428, 'rivers', 'rumuokoro', 'Rumuokoro', 'Nigeria', '2019-02-11 19:55:03'),
       (429, 'oyo', 'ado-awaye', 'Ado-Awaye', 'Nigeria', '2019-02-11 19:56:03'),
       (430, 'oyo', 'ago-amodu', 'Ago-Amodu', 'Nigeria', '2019-02-11 19:56:03'),
       (431, 'oyo', 'akanran', 'Akanran', 'Nigeria', '2019-02-11 19:56:03'),
       (432, 'oyo', 'egbeda-2', 'Egbeda', 'Nigeria', '2019-02-11 19:56:03'),
       (433, 'oyo', 'eruwa', 'Eruwa', 'Nigeria', '2019-02-11 19:56:03'),
       (434, 'oyo', 'fiditi', 'Fiditi', 'Nigeria', '2019-02-11 19:56:03'),
       (435, 'oyo', 'idi-ayunre', 'Idi Ayunre', 'Nigeria', '2019-02-11 19:56:03'),
       (436, 'oyo', 'igangan', 'Igangan', 'Nigeria', '2019-02-11 19:56:03'),
       (437, 'oyo', 'igbo-ora', 'Igbo-Ora', 'Nigeria', '2019-02-11 19:56:03'),
       (438, 'oyo', 'igboho', 'Igboho', 'Nigeria', '2019-02-11 19:56:03'),
       (439, 'oyo', 'ilora', 'Ilora', 'Nigeria', '2019-02-11 19:56:03'),
       (440, 'oyo', 'iresa-adu', 'Iresa Adu', 'Nigeria', '2019-02-11 19:56:03'),
       (441, 'oyo', 'iseyin', 'Iseyin', 'Nigeria', '2019-02-11 19:56:03'),
       (442, 'oyo', 'kisi', 'Kisi', 'Nigeria', '2019-02-11 19:56:03'),
       (443, 'oyo', 'lalupon', 'Lalupon', 'Nigeria', '2019-02-11 19:56:03'),
       (444, 'oyo', 'lanlate', 'Lanlate', 'Nigeria', '2019-02-11 19:56:03'),
       (445, 'oyo', 'ogbomosho', 'Ogbomosho', 'Nigeria', '2019-02-11 19:56:03'),
       (446, 'oyo', 'okeho', 'Okeho', 'Nigeria', '2019-02-11 19:56:03'),
       (447, 'oyo', 'oyo', 'Oyo', 'Nigeria', '2019-02-11 19:56:03'),
       (448, 'oyo', 'saki', 'Saki', 'Nigeria', '2019-02-11 19:56:03'),
       (449, 'osun', 'ede', 'Ede', 'Nigeria', '2019-02-11 19:56:47'),
       (450, 'osun', 'ejigbo', 'Ejigbo', 'Nigeria', '2019-02-11 19:56:47'),
       (451, 'osun', 'esa-oke', 'Esa-Oke', 'Nigeria', '2019-02-11 19:56:47'),
       (452, 'osun', 'ikire', 'Ikire', 'Nigeria', '2019-02-11 19:56:47'),
       (453, 'osun', 'ila-orangun', 'Ila Orangun', 'Nigeria', '2019-02-11 19:56:47'),
       (454, 'osun', 'ile-ife', 'Ile-Ife', 'Nigeria', '2019-02-11 19:56:47'),
       (455, 'osun', 'ilesa', 'Ilesa', 'Nigeria', '2019-02-11 19:56:47'),
       (456, 'osun', 'ilobu', 'Ilobu', 'Nigeria', '2019-02-11 19:56:47'),
       (457, 'osun', 'iwo', 'Iwo', 'Nigeria', '2019-02-11 19:56:47'),
       (458, 'osun', 'oke-ila-orangun', 'Oke-Ila Orangun', 'Nigeria', '2019-02-11 19:56:47'),
       (459, 'sokoto', 'bodinga', 'Bodinga', 'Nigeria', '2019-02-11 19:57:28'),
       (460, 'sokoto', 'gada', 'Gada', 'Nigeria', '2019-02-11 19:57:28'),
       (461, 'sokoto', 'gwadabawa', 'Gwadabawa', 'Nigeria', '2019-02-11 19:57:28'),
       (462, 'sokoto', 'ilela', 'Ilela', 'Nigeria', '2019-02-11 19:57:28'),
       (463, 'sokoto', 'tambulwal', 'Tambulwal', 'Nigeria', '2019-02-11 19:57:28'),
       (464, 'sokoto', 'wamakko', 'Wamakko', 'Nigeria', '2019-02-11 19:57:28'),
       (465, 'sokoto', 'wurno', 'Wurno', 'Nigeria', '2019-02-11 19:57:28'),
       (466, 'sokoto', 'yabo', 'Yabo', 'Nigeria', '2019-02-11 19:57:28'),
       (467, 'plateau', 'barkin-ladi', 'Barkin Ladi', 'Nigeria', '2019-02-11 19:58:14'),
       (468, 'plateau', 'bukuru', 'Bukuru', 'Nigeria', '2019-02-11 19:58:14'),
       (469, 'plateau', 'langtang', 'Langtang', 'Nigeria', '2019-02-11 19:58:14'),
       (470, 'plateau', 'pankshin', 'Pankshin', 'Nigeria', '2019-02-11 19:58:14'),
       (471, 'plateau', 'shendam', 'Shendam', 'Nigeria', '2019-02-11 19:58:14'),
       (472, 'plateau', 'vom', 'Vom', 'Nigeria', '2019-02-11 19:58:14'),
       (473, 'taraba', 'bali', 'Bali', 'Nigeria', '2019-02-11 19:58:57'),
       (474, 'taraba', 'gashaka', 'Gashaka', 'Nigeria', '2019-02-11 19:58:57'),
       (475, 'taraba', 'ibi', 'Ibi', 'Nigeria', '2019-02-11 19:58:57'),
       (476, 'taraba', 'jalingo', 'Jalingo', 'Nigeria', '2019-02-11 19:58:57'),
       (477, 'taraba', 'kurmi', 'Kurmi', 'Nigeria', '2019-02-11 19:58:57'),
       (478, 'taraba', 'sardauna', 'Sardauna', 'Nigeria', '2019-02-11 19:58:57'),
       (479, 'taraba', 'takun', 'Takun', 'Nigeria', '2019-02-11 19:58:57'),
       (480, 'taraba', 'wukari', 'Wukari', 'Nigeria', '2019-02-11 19:58:57'),
       (481, 'taraba', 'zing', 'Zing', 'Nigeria', '2019-02-11 19:58:57'),
       (482, 'yobe', 'gashua', 'Gashua', 'Nigeria', '2019-02-11 19:59:47'),
       (483, 'yobe', 'giedam', 'Giedam', 'Nigeria', '2019-02-11 19:59:47'),
       (484, 'yobe', 'nguru', 'Nguru', 'Nigeria', '2019-02-11 19:59:47'),
       (485, 'yobe', 'potiskum', 'Potiskum', 'Nigeria', '2019-02-11 19:59:47'),
       (486, 'zamfara', 'anka', 'Anka', 'Nigeria', '2019-02-11 20:00:34'),
       (487, 'zamfara', 'bakura', 'Bakura', 'Nigeria', '2019-02-11 20:00:34'),
       (488, 'zamfara', 'bungudu', 'Bungudu', 'Nigeria', '2019-02-11 20:00:34'),
       (489, 'zamfara', 'gummi', 'Gummi', 'Nigeria', '2019-02-11 20:00:34'),
       (490, 'zamfara', 'kaura-namoda', 'Kaura Namoda', 'Nigeria', '2019-02-11 20:00:34'),
       (491, 'zamfara', 'maradun', 'Maradun', 'Nigeria', '2019-02-11 20:00:34'),
       (492, 'zamfara', 'maru', 'Maru', 'Nigeria', '2019-02-11 20:00:34'),
       (493, 'zamfara', 'shinkafi', 'Shinkafi', 'Nigeria', '2019-02-11 20:00:34'),
       (494, 'zamfara', 'talata-mafara', 'Talata-Mafara', 'Nigeria', '2019-02-11 20:00:34'),
       (495, 'zamfara', 'tsafe', 'Tsafe', 'Nigeria', '2019-02-11 20:00:34'),
       (496, 'zamfara', 'zurmi', 'Zurmi', 'Nigeria', '2019-02-11 20:00:34');


INSERT INTO `exam_type` (`id`, `slug`, `name`, `title`, `description`, `general`, `country`, `school_id`, `approved`,
                         `approved_by`, `is_exam`, `is_catchup`, `class`, `created_at`, `updated_at`)
VALUES (1, 'waec', 'WAEC/NECO', 'Nigeria', 'This is for student taking waec', 1, NULL, NULL, 0, NULL, 0, 1, NULL,
        '2019-06-24 12:58:26', '2021-10-27 11:56:35');

INSERT INTO `global_class` (`id`, `class_id`, `status`, `description`)
VALUES (1, 'year1', 1, 'Year 1/Primary 1'),
       (2, 'year2', 1, 'Year 2/Primary 2'),
       (3, 'year3', 1, 'Year 3/Primary 3'),
       (4, 'year4', 1, 'Year 4/Primary 4'),
       (5, 'year5', 1, 'Year 5/Primary 5'),
       (6, 'year6', 1, 'Year 6/Primary 6'),
       (7, 'year7', 1, 'Year 7/JSS 1'),
       (8, 'year8', 1, 'Year 8/JSS 2'),
       (9, 'year9', 1, 'Year 9/JSS 3'),
       (10, 'year10', 1, 'Year 10/SSS 1'),
       (11, 'year11', 1, 'Year 11/SSS 2'),
       (12, 'year12', 1, 'Year 12/SSS 3'),
       (13, 'nursery', 1, 'Nursery');


INSERT INTO `school_role` (`id`, `slug`, `title`, `status`, `created_at`)
VALUES (5, 'owner', 'Owner', 1, '2020-07-24 17:46:01'),
       (6, 'principal', 'Principal', 1, '2020-07-24 17:46:01'),
       (7, 'director', 'IT Director', 1, '2020-07-24 17:46:01'),
       (8, 'administrator', 'School Administrator', 1, '2020-07-24 17:46:01');

INSERT INTO `security_questions` (`id`, `question`, `updated_at`)
VALUES (1, 'What is the name of your pet?', '2019-11-14 07:31:50'),
       (2, 'What is the name of your favourite sport?', '2019-11-14 07:31:50'),
       (3, 'What is your favourite teacher\'s name?', '2019-11-14 07:31:50'),
       (4, 'What is your favourite school subject?', '2019-11-14 07:31:50'),
       (5, 'What is the title of your favourite book?', '2019-11-14 07:31:50'),
       (6, 'What is the name of your best friend?', '2019-11-14 07:31:50');

INSERT INTO `subjects` (`id`, `slug`, `name`, `description`, `category`, `image`, `status`, `school_id`, `approved`,
                        `approved_by`, `diagnostic`, `text_to_voice`, `summer_school`, `created_at`, `updated_at`,
                        `department`, `creator_id`)
VALUES (1, 'mathematics', 'Mathematics', 'This is mathematics', 'all', 'p2dft5c9ys42gknblq9fimg4c1l11q.png', 1, NULL, 1,
        NULL, 1, 0, 0, '2019-06-24 13:03:20', '2021-05-26 09:58:22', NULL, NULL),
       (2, 'english-language', 'English Language', 'This is english language', 'all',
        'zvnv9vcqzub0bvrufqli2jad0ihwox.png', 1, NULL, 1, NULL, 1, 1, 0, '2019-06-24 13:03:20', '2021-06-26 12:37:02',
        NULL, NULL),
       (3, 'geography', 'Geography', 'This is geography', 'secondary', 'xv7wc25hdcxm000h51vug0vxjpcs8b.png', 1, NULL, 0,
        NULL, 0, 0, 0, '2019-06-24 13:03:20', '2021-06-07 15:42:30', NULL, NULL),
       (5, 'biology', 'Biology', 'This is description for biology', 'senior', 'ui7qt7qt4s7lzz9sgegj5wm5rikmaa.png', 1,
        NULL, 0, NULL, 1, 0, 0, '2019-06-24 13:03:20', '2022-02-24 20:09:52', NULL, NULL),
       (11, 'health-education', 'Health Education ', 'Health Education ', 'primary', NULL, 1, NULL, 0, NULL, 0, 0, 0,
        '2020-06-27 17:50:54', NULL, NULL, NULL),
       (28, 'basic-science-and-technology-2', 'Basic Science', 'Basic Science and Technology', 'primary-junior',
        'ji8uqwcj1hfoxdjr08qt1eyw0rsdu4.png', 1, NULL, 0, NULL, 1, 0, 0, '2020-07-03 05:30:50', '2022-08-08 12:16:43',
        NULL, NULL),
       (41, 'physics', 'Physics', 'Physics', 'senior', 'dxhosf1mvxh0f1u0hl2v1oqrwf7xi8.png', 1, NULL, 0, NULL, 1, 0, 0,
        '2020-07-21 08:10:09', '2022-02-24 20:17:57', NULL, NULL),
       (42, 'further-mathematics', 'Further mathematics', 'Further mathematics', 'secondary', NULL, 1, NULL, 0, NULL, 0,
        0, 0, '2020-07-21 08:11:10', NULL, NULL, NULL);


SET NAMES utf8mb4;

INSERT INTO `timezone` (`id`, `area`, `name`)
VALUES (1, 'Africa', 'Africa/Abidjan'),
       (2, 'Africa', 'Africa/Accra'),
       (3, 'Africa', 'Africa/Algiers'),
       (4, 'Africa', 'Africa/Bissau'),
       (5, 'Africa', 'Africa/Cairo'),
       (6, 'Africa', 'Africa/Casablanca'),
       (7, 'Africa', 'Africa/Ceuta'),
       (8, 'Africa', 'Africa/El_Aaiun'),
       (9, 'Africa', 'Africa/Johannesburg'),
       (10, 'Africa', 'Africa/Juba'),
       (11, 'Africa', 'Africa/Khartoum'),
       (12, 'Africa', 'Africa/Lagos'),
       (13, 'Africa', 'Africa/Maputo'),
       (14, 'Africa', 'Africa/Monrovia'),
       (15, 'Africa', 'Africa/Nairobi'),
       (16, 'Africa', 'Africa/Ndjamena'),
       (17, 'Africa', 'Africa/Sao_Tome'),
       (18, 'Africa', 'Africa/Tripoli'),
       (19, 'Africa', 'Africa/Tunis'),
       (20, 'Africa', 'Africa/Windhoek'),
       (21, 'America', 'America/Adak'),
       (22, 'America', 'America/Anchorage'),
       (23, 'America', 'America/Araguaina'),
       (24, 'America', 'America/Argentina/Buenos_Aires'),
       (25, 'America', 'America/Argentina/Catamarca'),
       (26, 'America', 'America/Argentina/Cordoba'),
       (27, 'America', 'America/Argentina/Jujuy'),
       (28, 'America', 'America/Argentina/La_Rioja'),
       (29, 'America', 'America/Argentina/Mendoza'),
       (30, 'America', 'America/Argentina/Rio_Gallegos'),
       (31, 'America', 'America/Argentina/Salta'),
       (32, 'America', 'America/Argentina/San_Juan'),
       (33, 'America', 'America/Argentina/San_Luis'),
       (34, 'America', 'America/Argentina/Tucuman'),
       (35, 'America', 'America/Argentina/Ushuaia'),
       (36, 'America', 'America/Asuncion'),
       (37, 'America', 'America/Atikokan'),
       (38, 'America', 'America/Bahia'),
       (39, 'America', 'America/Bahia_Banderas'),
       (40, 'America', 'America/Barbados'),
       (41, 'America', 'America/Belem'),
       (42, 'America', 'America/Belize'),
       (43, 'America', 'America/Blanc-Sablon'),
       (44, 'America', 'America/Boa_Vista'),
       (45, 'America', 'America/Bogota'),
       (46, 'America', 'America/Boise'),
       (47, 'America', 'America/Cambridge_Bay'),
       (48, 'America', 'America/Campo_Grande'),
       (49, 'America', 'America/Cancun'),
       (50, 'America', 'America/Caracas'),
       (51, 'America', 'America/Cayenne'),
       (52, 'America', 'America/Chicago'),
       (53, 'America', 'America/Chihuahua'),
       (54, 'America', 'America/Costa_Rica'),
       (55, 'America', 'America/Creston'),
       (56, 'America', 'America/Cuiaba'),
       (57, 'America', 'America/Curacao'),
       (58, 'America', 'America/Danmarkshavn'),
       (59, 'America', 'America/Dawson'),
       (60, 'America', 'America/Dawson_Creek'),
       (61, 'America', 'America/Denver'),
       (62, 'America', 'America/Detroit'),
       (63, 'America', 'America/Edmonton'),
       (64, 'America', 'America/Eirunepe'),
       (65, 'America', 'America/El_Salvador'),
       (66, 'America', 'America/Fort_Nelson'),
       (67, 'America', 'America/Fortaleza'),
       (68, 'America', 'America/Glace_Bay'),
       (69, 'America', 'America/Goose_Bay'),
       (70, 'America', 'America/Grand_Turk'),
       (71, 'America', 'America/Guatemala'),
       (72, 'America', 'America/Guayaquil'),
       (73, 'America', 'America/Guyana'),
       (74, 'America', 'America/Halifax'),
       (75, 'America', 'America/Havana'),
       (76, 'America', 'America/Hermosillo'),
       (77, 'America', 'America/Indiana/Indianapolis'),
       (78, 'America', 'America/Indiana/Knox'),
       (79, 'America', 'America/Indiana/Marengo'),
       (80, 'America', 'America/Indiana/Petersburg'),
       (81, 'America', 'America/Indiana/Tell_City'),
       (82, 'America', 'America/Indiana/Vevay'),
       (83, 'America', 'America/Indiana/Vincennes'),
       (84, 'America', 'America/Indiana/Winamac'),
       (85, 'America', 'America/Inuvik'),
       (86, 'America', 'America/Iqaluit'),
       (87, 'America', 'America/Jamaica'),
       (88, 'America', 'America/Juneau'),
       (89, 'America', 'America/Kentucky/Louisville'),
       (90, 'America', 'America/Kentucky/Monticello'),
       (91, 'America', 'America/La_Paz'),
       (92, 'America', 'America/Lima'),
       (93, 'America', 'America/Los_Angeles'),
       (94, 'America', 'America/Maceio'),
       (95, 'America', 'America/Managua'),
       (96, 'America', 'America/Manaus'),
       (97, 'America', 'America/Martinique'),
       (98, 'America', 'America/Matamoros'),
       (99, 'America', 'America/Mazatlan'),
       (100, 'America', 'America/Menominee'),
       (101, 'America', 'America/Merida'),
       (102, 'America', 'America/Metlakatla'),
       (103, 'America', 'America/Mexico_City'),
       (104, 'America', 'America/Miquelon'),
       (105, 'America', 'America/Moncton'),
       (106, 'America', 'America/Monterrey'),
       (107, 'America', 'America/Montevideo'),
       (108, 'America', 'America/Nassau'),
       (109, 'America', 'America/New_York'),
       (110, 'America', 'America/Nipigon'),
       (111, 'America', 'America/Nome'),
       (112, 'America', 'America/Noronha'),
       (113, 'America', 'America/North_Dakota/Beulah'),
       (114, 'America', 'America/North_Dakota/Center'),
       (115, 'America', 'America/North_Dakota/New_Salem'),
       (116, 'America', 'America/Ojinaga'),
       (117, 'America', 'America/Panama'),
       (118, 'America', 'America/Pangnirtung'),
       (119, 'America', 'America/Paramaribo'),
       (120, 'America', 'America/Phoenix'),
       (121, 'America', 'America/Port-au-Prince'),
       (122, 'America', 'America/Port_of_Spain'),
       (123, 'America', 'America/Porto_Velho'),
       (124, 'America', 'America/Puerto_Rico'),
       (125, 'America', 'America/Punta_Arenas'),
       (126, 'America', 'America/Rainy_River'),
       (127, 'America', 'America/Rankin_Inlet'),
       (128, 'America', 'America/Recife'),
       (129, 'America', 'America/Regina'),
       (130, 'America', 'America/Resolute'),
       (131, 'America', 'America/Rio_Branco'),
       (132, 'America', 'America/Santarem'),
       (133, 'America', 'America/Santiago'),
       (134, 'America', 'America/Santo_Domingo'),
       (135, 'America', 'America/Sao_Paulo'),
       (136, 'America', 'America/Scoresbysund'),
       (137, 'America', 'America/Sitka'),
       (138, 'America', 'America/St_Johns'),
       (139, 'America', 'America/Swift_Current'),
       (140, 'America', 'America/Tegucigalpa'),
       (141, 'America', 'America/Thule'),
       (142, 'America', 'America/Thunder_Bay'),
       (143, 'America', 'America/Tijuana'),
       (144, 'America', 'America/Toronto'),
       (145, 'America', 'America/Vancouver'),
       (146, 'America', 'America/Whitehorse'),
       (147, 'America', 'America/Winnipeg'),
       (148, 'America', 'America/Yakutat'),
       (149, 'America', 'America/Yellowknife'),
       (150, 'Antarctica', 'Antarctica/Casey'),
       (151, 'Antarctica', 'Antarctica/Davis'),
       (152, 'Antarctica', 'Antarctica/DumontDUrville'),
       (153, 'Antarctica', 'Antarctica/Macquarie'),
       (154, 'Antarctica', 'Antarctica/Mawson'),
       (155, 'Antarctica', 'Antarctica/Palmer'),
       (156, 'Antarctica', 'Antarctica/Rothera'),
       (157, 'Antarctica', 'Antarctica/Syowa'),
       (158, 'Antarctica', 'Antarctica/Troll'),
       (159, 'Antarctica', 'Antarctica/Vostok'),
       (160, 'Asia', 'Asia/Almaty'),
       (161, 'Asia', 'Asia/Amman'),
       (162, 'Asia', 'Asia/Anadyr'),
       (163, 'Asia', 'Asia/Aqtau'),
       (164, 'Asia', 'Asia/Aqtobe'),
       (165, 'Asia', 'Asia/Ashgabat'),
       (166, 'Asia', 'Asia/Atyrau'),
       (167, 'Asia', 'Asia/Baghdad'),
       (168, 'Asia', 'Asia/Baku'),
       (169, 'Asia', 'Asia/Bangkok'),
       (170, 'Asia', 'Asia/Barnaul'),
       (171, 'Asia', 'Asia/Beirut'),
       (172, 'Asia', 'Asia/Bishkek'),
       (173, 'Asia', 'Asia/Brunei'),
       (174, 'Asia', 'Asia/Chita'),
       (175, 'Asia', 'Asia/Choibalsan'),
       (176, 'Asia', 'Asia/Colombo'),
       (177, 'Asia', 'Asia/Damascus'),
       (178, 'Asia', 'Asia/Dhaka'),
       (179, 'Asia', 'Asia/Dili'),
       (180, 'Asia', 'Asia/Dubai'),
       (181, 'Asia', 'Asia/Dushanbe'),
       (182, 'Asia', 'Asia/Famagusta'),
       (183, 'Asia', 'Asia/Gaza'),
       (184, 'Asia', 'Asia/Hebron'),
       (185, 'Asia', 'Asia/Ho_Chi_Minh'),
       (186, 'Asia', 'Asia/Hong_Kong'),
       (187, 'Asia', 'Asia/Hovd'),
       (188, 'Asia', 'Asia/Irkutsk'),
       (189, 'Asia', 'Asia/Jakarta'),
       (190, 'Asia', 'Asia/Jayapura'),
       (191, 'Asia', 'Asia/Jerusalem'),
       (192, 'Asia', 'Asia/Kabul'),
       (193, 'Asia', 'Asia/Kamchatka'),
       (194, 'Asia', 'Asia/Karachi'),
       (195, 'Asia', 'Asia/Kathmandu'),
       (196, 'Asia', 'Asia/Khandyga'),
       (197, 'Asia', 'Asia/Kolkata'),
       (198, 'Asia', 'Asia/Krasnoyarsk'),
       (199, 'Asia', 'Asia/Kuala_Lumpur'),
       (200, 'Asia', 'Asia/Kuching'),
       (201, 'Asia', 'Asia/Macau'),
       (202, 'Asia', 'Asia/Magadan'),
       (203, 'Asia', 'Asia/Makassar'),
       (204, 'Asia', 'Asia/Manila'),
       (205, 'Asia', 'Asia/Nicosia'),
       (206, 'Asia', 'Asia/Novokuznetsk'),
       (207, 'Asia', 'Asia/Novosibirsk'),
       (208, 'Asia', 'Asia/Omsk'),
       (209, 'Asia', 'Asia/Oral'),
       (210, 'Asia', 'Asia/Pontianak'),
       (211, 'Asia', 'Asia/Pyongyang'),
       (212, 'Asia', 'Asia/Qatar'),
       (213, 'Asia', 'Asia/Qyzylorda'),
       (214, 'Asia', 'Asia/Riyadh'),
       (215, 'Asia', 'Asia/Sakhalin'),
       (216, 'Asia', 'Asia/Samarkand'),
       (217, 'Asia', 'Asia/Seoul'),
       (218, 'Asia', 'Asia/Shanghai'),
       (219, 'Asia', 'Asia/Singapore'),
       (220, 'Asia', 'Asia/Srednekolymsk'),
       (221, 'Asia', 'Asia/Taipei'),
       (222, 'Asia', 'Asia/Tashkent'),
       (223, 'Asia', 'Asia/Tbilisi'),
       (224, 'Asia', 'Asia/Tehran'),
       (225, 'Asia', 'Asia/Thimphu'),
       (226, 'Asia', 'Asia/Tokyo'),
       (227, 'Asia', 'Asia/Tomsk'),
       (228, 'Asia', 'Asia/Ulaanbaatar'),
       (229, 'Asia', 'Asia/Urumqi'),
       (230, 'Asia', 'Asia/Ust-Nera'),
       (231, 'Asia', 'Asia/Vladivostok'),
       (232, 'Asia', 'Asia/Yakutsk'),
       (233, 'Asia', 'Asia/Yangon'),
       (234, 'Asia', 'Asia/Yekaterinburg'),
       (235, 'Asia', 'Asia/Yerevan'),
       (236, 'Atlantic', 'Atlantic/Azores'),
       (237, 'Atlantic', 'Atlantic/Bermuda'),
       (238, 'Atlantic', 'Atlantic/Canary'),
       (239, 'Atlantic', 'Atlantic/Cape_Verde'),
       (240, 'Atlantic', 'Atlantic/Faroe'),
       (241, 'Atlantic', 'Atlantic/Madeira'),
       (242, 'Atlantic', 'Atlantic/Reykjavik'),
       (243, 'Atlantic', 'Atlantic/South_Georgia'),
       (244, 'Atlantic', 'Atlantic/Stanley'),
       (245, 'Australia', 'Australia/Adelaide'),
       (246, 'Australia', 'Australia/Brisbane'),
       (247, 'Australia', 'Australia/Broken_Hill'),
       (248, 'Australia', 'Australia/Currie'),
       (249, 'Australia', 'Australia/Darwin'),
       (250, 'Australia', 'Australia/Eucla'),
       (251, 'Australia', 'Australia/Hobart'),
       (252, 'Australia', 'Australia/Lindeman'),
       (253, 'Australia', 'Australia/Lord_Howe'),
       (254, 'Australia', 'Australia/Melbourne'),
       (255, 'Australia', 'Australia/Perth'),
       (256, 'Australia', 'Australia/Sydney'),
       (257, 'Europe', 'Europe/Amsterdam'),
       (258, 'Europe', 'Europe/Andorra'),
       (259, 'Europe', 'Europe/Astrakhan'),
       (260, 'Europe', 'Europe/Athens'),
       (261, 'Europe', 'Europe/Belgrade'),
       (262, 'Europe', 'Europe/Berlin'),
       (263, 'Europe', 'Europe/Brussels'),
       (264, 'Europe', 'Europe/Bucharest'),
       (265, 'Europe', 'Europe/Budapest'),
       (266, 'Europe', 'Europe/Chisinau'),
       (267, 'Europe', 'Europe/Copenhagen'),
       (268, 'Europe', 'Europe/Dublin'),
       (269, 'Europe', 'Europe/Gibraltar'),
       (270, 'Europe', 'Europe/Helsinki'),
       (271, 'Europe', 'Europe/Istanbul'),
       (272, 'Europe', 'Europe/Kaliningrad'),
       (273, 'Europe', 'Europe/Kiev'),
       (274, 'Europe', 'Europe/Kirov'),
       (275, 'Europe', 'Europe/Lisbon'),
       (276, 'Europe', 'Europe/London'),
       (277, 'Europe', 'Europe/Luxembourg'),
       (278, 'Europe', 'Europe/Madrid'),
       (279, 'Europe', 'Europe/Malta'),
       (280, 'Europe', 'Europe/Minsk'),
       (281, 'Europe', 'Europe/Monaco'),
       (282, 'Europe', 'Europe/Moscow'),
       (283, 'Europe', 'Europe/Oslo'),
       (284, 'Europe', 'Europe/Paris'),
       (285, 'Europe', 'Europe/Prague'),
       (286, 'Europe', 'Europe/Riga'),
       (287, 'Europe', 'Europe/Rome'),
       (288, 'Europe', 'Europe/Samara'),
       (289, 'Europe', 'Europe/Saratov'),
       (290, 'Europe', 'Europe/Simferopol'),
       (291, 'Europe', 'Europe/Sofia'),
       (292, 'Europe', 'Europe/Stockholm'),
       (293, 'Europe', 'Europe/Tallinn'),
       (294, 'Europe', 'Europe/Tirane'),
       (295, 'Europe', 'Europe/Ulyanovsk'),
       (296, 'Europe', 'Europe/Uzhgorod'),
       (297, 'Europe', 'Europe/Vienna'),
       (298, 'Europe', 'Europe/Vilnius'),
       (299, 'Europe', 'Europe/Volgograd'),
       (300, 'Europe', 'Europe/Warsaw'),
       (301, 'Europe', 'Europe/Zaporozhye'),
       (302, 'Europe', 'Europe/Zurich'),
       (303, 'Indian', 'Indian/Chagos'),
       (304, 'Indian', 'Indian/Christmas'),
       (305, 'Indian', 'Indian/Cocos'),
       (306, 'Indian', 'Indian/Kerguelen'),
       (307, 'Indian', 'Indian/Mahe'),
       (308, 'Indian', 'Indian/Maldives'),
       (309, 'Indian', 'Indian/Mauritius'),
       (310, 'Indian', 'Indian/Reunion'),
       (311, 'Pacific', 'Pacific/Apia'),
       (312, 'Pacific', 'Pacific/Auckland'),
       (313, 'Pacific', 'Pacific/Bougainville'),
       (314, 'Pacific', 'Pacific/Chatham'),
       (315, 'Pacific', 'Pacific/Chuuk'),
       (316, 'Pacific', 'Pacific/Easter'),
       (317, 'Pacific', 'Pacific/Efate'),
       (318, 'Pacific', 'Pacific/Enderbury'),
       (319, 'Pacific', 'Pacific/Fakaofo'),
       (320, 'Pacific', 'Pacific/Fiji'),
       (321, 'Pacific', 'Pacific/Funafuti'),
       (322, 'Pacific', 'Pacific/Galapagos'),
       (323, 'Pacific', 'Pacific/Gambier'),
       (324, 'Pacific', 'Pacific/Guadalcanal'),
       (325, 'Pacific', 'Pacific/Guam'),
       (326, 'Pacific', 'Pacific/Honolulu'),
       (327, 'Pacific', 'Pacific/Kiritimati'),
       (328, 'Pacific', 'Pacific/Kosrae'),
       (329, 'Pacific', 'Pacific/Kwajalein'),
       (330, 'Pacific', 'Pacific/Majuro'),
       (331, 'Pacific', 'Pacific/Marquesas'),
       (332, 'Pacific', 'Pacific/Nauru'),
       (333, 'Pacific', 'Pacific/Niue'),
       (334, 'Pacific', 'Pacific/Norfolk'),
       (335, 'Pacific', 'Pacific/Noumea'),
       (336, 'Pacific', 'Pacific/Pago_Pago'),
       (337, 'Pacific', 'Pacific/Palau'),
       (338, 'Pacific', 'Pacific/Pitcairn'),
       (339, 'Pacific', 'Pacific/Pohnpei'),
       (340, 'Pacific', 'Pacific/Port_Moresby'),
       (341, 'Pacific', 'Pacific/Rarotonga'),
       (342, 'Pacific', 'Pacific/Tahiti'),
       (343, 'Pacific', 'Pacific/Tarawa'),
       (344, 'Pacific', 'Pacific/Tongatapu'),
       (345, 'Pacific', 'Pacific/Wake'),
       (346, 'Pacific', 'Pacific/Wallis');

INSERT INTO `subject_topics` (`id`, `subject_id`, `creator_id`, `class_id`, `school_id`, `slug`, `topic`, `description`,
                              `week_number`, `term`, `exam_type_id`, `image`, `status`, `created_at`)
VALUES (1, 1, NULL, 7, NULL, 'whole-numbers-i', 'Whole Numbers I',
        '<p>count, write and read in millions and billion</p>\r\n', 1, 'first', 1, 'SEZ20YRFT0PODE54Q38I9G8V9ON40L.png',
        1, '2020-10-02 22:58:26'),
       (9, 1, NULL, 7, NULL, 'estimation-and-approximation-i', 'Estimation and Approximation I',
        '<p>i. Approximate values of addition and subtraction</p>\r\n\r\n<p>ii. Approximating results of multiplication and division.</p>\r\n\r\n<p>iii. Rounding off numbers to the nearest 10, 100 and 1000.</p>\r\n\r\n<p>iv.Application of approximation in everyday life.</p>\r\n\r\n<p>v.Quantitative reasoning.</p>\r\n',
        1, 'second', 1, '6BHIQQHWKAVMP7SO9449ORC7Y5CS4L.png', 1, '2021-11-16 10:32:58'),
       (11, 1, NULL, 7, NULL, 'binary-numbers', 'Binary Numbers',
        '<p>i. Addition of two or three 3-digits binary numbers.</p>\r\n\r\n<p>ii. Subtraction of two 3-digits binary numbers.</p>\r\n\r\n<p>iii.Multiplication of two 2-digits binary numbers.</p>\r\n',
        5, 'second', 1, '4IPOG1ZP9KHU9W3ZXDN3V9SU1RAVDQ.png', 1, '2020-10-04 15:23:43'),
       (17, 1, NULL, 8, NULL, 'simple-equations-ii', 'Simple Equations II',
        '<p>i. Problems on simple equations.</p>\r\n', 5, 'second', 1, '0BJHPSDX1X8TYKBYFE59QJCLK6U9GV.png', 1,
        '2020-10-05 22:24:09'),
       (20, 1, NULL, 7, NULL, 'solid-shapes', 'Solid Shapes',
        '<p>i. Basic properties of cubes and cuboids.</p>\r\n\r\n<p>ii. Basic properties of pyramids and cones.</p>\r\n\r\n<p>iii. Basic properties of cylinders and spheres.</p>\r\n\r\n<p>iv.Volume of a cubes and cuboids.</p>\r\n',
        3, 'third', 1, '8YQNYW94GLT9LJIN1RMWOKMLZJBIDZ.png', 1, '2021-11-23 13:02:58'),
       (22, 1, NULL, 7, NULL, 'angles-2', 'Angles',
        '<p>i.Measurement of angles.</p>\r\n\r\n<p>ii.Identification and properties of: - vertically opposite - adjacent, alternate and - corresponding angles.</p>\r\n\r\n<p>iii. Identification and properties of angles at a point and angles on a straight line.</p>\r\n',
        7, 'third', 1, '0WGPKRUG4RN6BSQZ8S6TF56HYYHJ6G.png', 1, '2021-11-21 17:04:27'),
       (27, 1, NULL, 8, NULL, 'fractions', 'Fractions',
        '<p>i. Expressing fractions as ratios, decimals and parentages.</p>\r\n\r\n<p>ii.Quantitative reasoning on fractions, ratios and percentages.</p>\r\n',
        6, 'first', 1, '6C2WG0GOCQQDA9ENR3DWIEZOC9WIZW.png', 1, '2021-01-01 10:52:15'),
       (28, 1, NULL, 8, NULL, 'approximation', 'Approximation',
        '<p>i. Approximationof numbers. - Decimal places - Significant figures</p>\r\n\r\n<p>ii. Quantitative reasoning.</p>\r\n',
        8, 'first', 1, 'EZAG7S8T9YUVEGSX9CGUL9V7EBO2RQ.png', 1, '2021-01-01 10:51:19'),
       (29, 1, NULL, 8, NULL, 'multiplication-and-division', 'Multiplication and Division',
        '<p>Multiplication and division of directed and non directed numbers</p>\r\n', 10, 'first', 1,
        'C4MXV99CM8E0PAWV6SZJT9666XPW20.png', 1, '2021-01-01 10:52:38'),
       (30, 1, NULL, 8, NULL, 'algebraic-expression-ii', 'Algebraic Expression II',
        '<p>i. Expansion of algebraic expression.</p>\r\n', 1, 'first', 1, '2YOTQ4A9BCQHI0OBOL54X88AMC3DT2.png', 1,
        '2021-11-05 20:36:08'),
       (33, 1, NULL, 9, NULL, 'ratio-rates-proportion', 'Ratio, rates & proportion ',
        '<p>Revision on ratio, rates, proportion and standard</p>\r\n', 1, 'third', 1,
        'urbi9vkz741sxhk3kh78uogmkuyzns.png', 1, '2022-04-13 15:41:58'),
       (34, 1, NULL, 9, NULL, 'personal-and-commercial', 'Personal and commercial',
        '<p>Revision on personal and commercial</p>\r\n', 2, 'third', 1, 'hfq9ktx38wf22dpqnyhw4uh6ropycu.png', 1,
        '2022-04-13 15:28:46'),
       (36, 1, NULL, 9, NULL, 'general-practice', 'General Practice', '<p>Revision on algebraic processes</p>\r\n', 4,
        'third', 1, 'mi9v420m2nk6n6sbeytpnmacdd78j2.png', 1, '2022-04-13 15:27:47'),
       (37, 1, NULL, 9, NULL, 'geometry-and-mensuration-2', 'Geometry and mensuration',
        '<p>Revision on geometry and mensuration</p>\r\n', 5, 'third', 1, 'mgd243yda2w1pwm7q3hudw93iawv71.png', 1,
        '2022-04-13 15:28:13'),
       (82, 1, NULL, 11, NULL, 'quadratic-equation-iii', 'Quadratic Equation III',
        '<p>i.Factorization of perfect square</p>\r\n\r\n<p>ii. Making quadratic equation perfect squares by adding a constant k</p>\r\n\r\n<p>iii.Solution of quadratic equation by the method of completing the square</p>\r\n\r\n<p>iv. Deducing the quadratic formula from completing the square</p>\r\n',
        6, 'first', 1, 'KTJ8E6Y9M7W1QVSOT5DE0X1LYMGNWD.png', 1, '2020-10-04 21:12:56'),
       (84, 1, NULL, 11, NULL, 'chord-property-i', 'Chord Property I',
        '<p>i. Rider based on the circle theorems include</p>\r\n\r\n<p>ii. Angles subtended by chord in a circle</p>\r\n\r\n<p>iii. Angles subtended by chord in the centre</p>\r\n\r\n<p>iv.Perpendicular bisector of chords, angles in alternate segments</p>\r\n',
        7, 'second', 1, 'n4xwr7cl1c1a2wsxoko86a64wjjm59.png', 1, '2022-04-28 20:42:43'),
       (85, 1, NULL, 11, NULL, 'approximation-v', 'Approximation V',
        '<p>i. Approximation</p>\r\n\r\n<p>ii. Accuracy of results using logarithms table and calculator</p>\r\n\r\n<p>iii. Percentage error.</p>\r\n\r\n<p>iv.Application of approximation of everyday life</p>\r\n',
        3, 'first', 1, 'U9OTVPBLGGIIB1D31M9UJWCL66MMZ8.png', 1, '2020-10-04 21:00:47'),
       (105, 1, NULL, 10, NULL, 'number-bases-i', 'Number Bases I',
        '<p>i.Decimal base (Base 10) and other bases</p>\r\n\r\n<p>ii.Conversion from Base 10 to other bases, conversion from other bases to base 10.</p>\r\n',
        1, 'first', 1, 'PD10WNMXKHJZZDNLPZK00DJBI53YKK.png', 1, '2020-10-05 06:49:55'),
       (106, 1, NULL, 10, NULL, 'indices', 'Indices',
        '<p>i.Laws of indices and their applications</p>\r\n\r\n<p>ii. Application of indices,simple indicial</p>\r\n',
        4, 'first', 1, 'o36s91awx19t89hcw8261mqo0bnpth.png', 1, '2022-04-28 20:40:34'),
       (107, 1, NULL, 10, NULL, 'logarithms-i', 'Logarithms I',
        '<p>i. Deducing logarithm from indices and standard form</p>\r\n\r\n<p>ii. Definition of logarithm</p>\r\n\r\n<p>iii.Graph of y = 10x using x= 0 .1 ,</p>\r\n',
        6, 'first', 1, 'LFLUUOHL3ZYANEFJI4SG43NDWY3P6K.png', 1, '2020-10-06 08:38:47'),
       (244, 2, 7, NULL, NULL, 'lexis-and-structure-vocabulary-ii', 'Lexis and structure: Vocabulary II',
        'Lexis and structure: Vocabulary II', 1, 'second', 1, NULL, 1, '2020-05-29 17:49:14'),
       (249, 2, 13, 8, NULL, 'revision-of-first-term', 'Revision of first term', '<p>REVISION OF FIRST TERM</p>\r\n', 9,
        'second', 1, 'i2wuynge79z4cqkqhfc9q5phycv07z.png', 1, '2021-11-02 11:09:12'),
       (277, 2, 13, 7, NULL, 'grammar', 'Grammar', '<p>GRAMMAR</p>\r\n', 2, 'third', 1,
        'kundvh377726a730vemyhnifztdocn.png', 1, '2021-10-27 11:08:42'),
       (327, 2, 7, 9, NULL, 'comprehension', 'Comprehension', '<p>Comprehension</p>\r\n', 3, 'first', 1,
        '80pjmv5zd72fuqarwvloyosyc58ps7.png', 1, '2021-11-02 11:32:02'),
       (367, 2, 10, 6, NULL, 'open-sentences-3', 'Open Sentences',
        '<p>Interpretation of word problems into open sentences</p>\r\n\r\n<p>Quantitative aptitude</p>\r\n', 3,
        'second', 1, '6XMX4Z8BKDGPD3PSOXLINJJAD01YDM.png', 1, '2022-09-28 15:23:12'),
       (408, 2, 13, 11, NULL, 'grammar-48', 'Grammar', '<p>Grammar: Noun (revision)</p>\r\n', 1, 'first', 1,
        'qfezumcqauctpyiktxy2a5jsgg6rw8.png', 1, '2021-11-04 00:22:19'),
       (410, 2, 13, 11, NULL, 'vocabulary-3', 'Vocabulary', '<p>Lexis and structure: Vocabulary</p>\r\n', 4, 'first', 1,
        'yfksk877lvyt87y1j93mmc936ff0bx.png', 1, '2021-11-04 00:37:02'),
       (454, 2, 13, 12, NULL, 'grammar-5', 'Grammar', '<p>GRAMMAR: Sequence of tenses, phrases and clauses.</p>\r\n', 1,
        'first', 1, 'y9br7ccdhoq2nz1tvg60x23ke1sddq.png', 1, '2021-11-04 00:48:54'),
       (458, 2, 13, 12, NULL, 'reading-and-comprehension-5', 'Reading and Comprehension',
        '<p>READING AND COMPREHENSION</p>\r\n', 2, 'first', 1, 'zmkzd2plw282vdhd7dvkv0nitizfzk.png', 1,
        '2021-11-04 00:52:37'),
       (503, 2, 7, 1, NULL, 'reading-comprehension', 'Reading Comprehension', '<p>Reading Comprehension</p>\r\n', 7,
        'third', 1, 'o0o2t23dm85pkaclaxu8i6a6nijr36.png', 1, '2020-12-14 16:58:33'),
       (817, 2, 13, 6, NULL, 'speech-work-42', 'Speech Work',
        '<p>\r\n<style type=\"text/css\"><!--td {border: 1px solid #ccc;}br {mso-data-placement:same-cell;}-->\r\n</style>\r\nDirect and Indirect speech</p>\r\n',
        9, 'first', 1, '1crm0bsilk0hvrs0iufnf8i3t84feg.png', 1, '2022-04-28 20:16:10'),
       (2290, 2, 16, 8, NULL, 'listening-and-speaking-15', 'Listening and Speaking',
        '<p>\r\n<style type=\"text/css\"><!--td {border: 1px solid #ccc;}br {mso-data-placement:same-cell;}-->\r\n</style>\r\ni.Identify vowels e.g. /i/, /i:/ ,/e/, /&part;e/, /a:/, //, /:/ /i/ - sit, /i:/ seat /e/ - bed, /&part;e/-pat /a:/- part, //- pot, /:/ port, etc</p>\r\n',
        2, 'first', 1, 'i9f3nx26f9i0alulnpapfs839pamdq.png', 1, '2021-11-02 10:56:51'),
       (2291, 2, 16, 8, NULL, 'grammar-4', 'Grammar', '<p>GRAMMAR</p>\r\n', 1, 'first', 1,
        'obliqbn6kua0bnjp6lwj0dzfjgie7y.png', 1, '2021-11-02 10:54:14'),
       (3317, 2, 7, 2, NULL, 'vocabulary-development-5', 'Vocabulary Development',
        '<p>Occupation, family members and relatives</p>\r\n', 6, 'second', 1, 'nsfgx0qz8bwaqj7aqgdn10q5es0328.png', 1,
        '2021-09-25 20:36:24'),
       (3318, 2, 7, 2, NULL, 'speech-work-5', 'Speech Work', '<p>Speech work</p>\r\n', 9, 'second', 1,
        '2wqrt0vfxhcpnx03bnroxs844smvff.png', 1, '2021-09-25 20:28:45'),
       (3511, 2, 1, 1, NULL, 'grammatical-accuracy-2', 'Grammatical Accuracy', '', 10, 'third', 1,
        'bquggvh4eppcnppcq0ignfi9ge9m3l.png', 1, '2022-06-05 18:25:35'),
       (3777, 2, 13, 6, NULL, 'question-tag', 'Question Tag', '', 2, 'second', 1, 'hq5opigebluna0x9l4ifbc4l121noe.jpg',
        1, '2022-05-05 23:03:50'),
       (4234, 2, 27, 5, NULL, 'vocabulary-development-21', 'Vocabulary Development',
        '<p>\r\n<style type=\"text/css\"><!--td {border: 1px solid #ccc;}br {mso-data-placement:same-cell;}-->\r\n</style>\r\nConstructing more sentences in comparing objects and people using &lsquo;same as and as...as</p>\r\n',
        7, 'second', 1, 'oc1y27690qnvrai8989w5828hcys6j.png', 1, '2022-05-06 22:16:39'),
       (4246, 2, 27, 5, NULL, 'vocabulary-development-9', 'Vocabulary Development',
        '<p>\r\n<style type=\"text/css\"><!--td {border: 1px solid #ccc;}br {mso-data-placement:same-cell;}-->\r\n</style>\r\nConstruction using verb phrase complement</p>\r\n',
        6, 'third', 1, '5o87k9lnf0in4inyp4jysrss49vfwy.png', 1, '2022-05-06 19:31:12'),
       (4482, 2, 27, 9, NULL, 'writing-131', 'Writing',
        '<p>\r\n<style type=\"text/css\"><!--td {border: 1px solid #ccc;}br {mso-data-placement:same-cell;}-->\r\n</style>\r\ni. Types of composition: - Narrative- Descriptive- Expository- Argumentative</p>\r\n\r\n<p>\r\n<style type=\"text/css\"><!--td {border: 1px solid #ccc;}br {mso-data-placement:same-cell;}-->\r\n</style>\r\nii. Elements of composition- Introduction- Body- Conclusion</p>\r\n',
        1, 'first', 1, 'gsh83sv8tbmwz00hbh55w8an5a21qy.png', 1, '2021-01-15 17:16:24'),
       (4491, 2, 27, 9, NULL, 'listening-and-speaking-7', 'Listening and Speaking',
        '<p>\r\n<style type=\"text/css\"><!--td {border: 1px solid #ccc;}br {mso-data-placement:same-cell;}-->\r\n</style>\r\ni. Diphthongs .e.g /ei/, raid, sail, date,late- // load, road,coat, boat-/i&part;/ theatre, hero,-/ai/ chill, wild-/au/stout</p>\r\n',
        3, 'first', 1, '3d3z2sspk6kxcicbv5p751e2fsut5d.png', 1, '2021-11-02 11:37:08'),
       (4724, 2, 20, 7, NULL, 'listening-and-speaking-45', 'Listening and Speaking',
        '<p>i. Identify consonant sounds in given sentences and passages</p>\r\n\r\n<p>ii. Listen to and produce different speeches with reference to consonants e.g. Back/pack, pull/fool, Goat/toad, road/load, things/tins, thought/taught, then/den, fox/box, voice/boys</p>\r\n',
        5, 'first', 1, '6t2nrrf8zf06ztjlu9r794sm04wcbg.png', 1, '2021-11-02 10:28:15'),
       (4739, 2, 20, 7, NULL, 'writing-181', 'Writing',
        '<p>i. Identify the types of letters</p>\r\n\r\n<p>ii. Explain types of letters</p>\r\n', 8, 'first', 1,
        't8an0jp8mygnfniedx0c6toa2nl5d9.png', 1, '2021-11-02 10:49:28');


INSERT INTO `users` (`id`, `username`, `code`, `firstname`, `lastname`, `phone`, `image`, `type`, `auth_key`,
                    `password_hash`, `password_reset_token`, `email`, `class`, `status`, `subscription_expiry`,
                    `subscription_plan`, `created_at`, `updated_at`, `verification_token`, `oauth_provider`, `token`,
                    `token_expires`, `oauth_uid`, `last_accessed`, `is_boarded`, `mode`, `verification_status`,
                    `department`, `wallet`, `device_id`)
VALUES (1, NULL, 'CFS/2023/0001', 'Teacher', 'User', '08123456789', NULL, 'teacher', 'eyxc3lkRkEeExsqF8lHGSjhSuYvKHTic',
        '$2a$12$6OllHVnIdtgR9alYdEzBa.C7URksQ0.1R71T.V9rSATL78/4Vse3K', NULL, 'testteacher@qa.team', NULL, 10, NULL,
        NULL, 1561382242, 1653448256, 'inYBMPpembwkgr9agEyUBODBbqVxWSr4_1561382242', NULL,
        'Z6-zTEZxFK2LLLVVSKMAJ_yLTlVmSg1vu_vEycTVmkug8uF46mNck',
        '2022-08-25 04:10:56', NULL, '2022-05-25 03:10:56', 1, 'practice', 0, NULL, 0.00, NULL),
       (2, NULL, 'DUF/2023/0002', 'Student', 'User', '09123456789', NULL, 'student', 'I2RO28OX6_hHXqyY172R5bBMUZtYMmB-',
        '$2a$12$6OllHVnIdtgR9alYdEzBa.C7URksQ0.1R71T.V9rSATL78/4Vse3K', NULL, 'teststudent@qa.team', 10, 9, NULL, NULL,
        1563376207, 1629465455, 'r1SjohHiypVpGvxYdM_uJere1cAcYaVt_1563376207', NULL, '', NULL, NULL,
        '2020-08-28 07:48:19', 1, 'practice', 0, NULL, 0.00, NULL),
       (3, NULL, 'ADS/2023/0030', 'Parent', 'User', '07123456789', NULL, 'parent', 'aA9clDyuM_m0gIQ30OBNec4wO5J9b86i',
        '$2a$12$6OllHVnIdtgR9alYdEzBa.C7URksQ0.1R71T.V9rSATL78/4Vse3K', NULL, 'testparent@qa.team', NULL, 9, NULL,
        NULL, 1564773426, 1564773426, 'NeIYZ_GdHeiasCQCjLgYrDfU2p2c7GTY_1564773426', NULL, 'jkdksjfiuhdsifusdfsdkfdsiufsdu', NULL, NULL,
        '2020-04-18 05:57:17', 1, 'practice', 0, NULL, 0.00, NULL),
       (4, NULL, 'XRA/2023/0063', 'School', 'User', '06123456789', NULL, 'school',
        'plOYGUzUGAgQeAXkVAd3oLw3yxYqoW1G', '$2a$12$6OllHVnIdtgR9alYdEzBa.C7URksQ0.1R71T.V9rSATL78/4Vse3K', NULL,
        'testschool@qa.team', NULL, 10, NULL, NULL, 1566822318,
        1660156079, 'kV8cyGrXrCGFD3AWTnYLReREYTVl652p_1566822318', NULL, 'jkbhsdklufghksludhgkdshfijaoiuh', NULL, NULL,
        NULL, 1, 'practice', 0, NULL, 0.00, NULL);

INSERT INTO `user_profile` (`id`, `user_id`, `dob`, `mob`, `yob`, `gender`, `address`, `city`, `state`, `country`,
                            `about`, `postal_code`, `is_boarded`, `password_updated_time`, `password_updated_location`,
                            `password_updated_device`, `signup_source`, `set_goal`, `created_at`)
VALUES (1, 1, NULL, NULL, NULL, NULL, NULL, NULL, NULL, NULL, NULL, NULL, 0, NULL, NULL, NULL, NULL, 0,
        '2022-07-13 12:38:46'),
       (2, 2, NULL, NULL, NULL, NULL, NULL, NULL, NULL, NULL, NULL, NULL, 0, NULL, NULL, NULL, NULL, 0,
        '2022-07-15 11:20:07'),
       (3, 3, NULL, NULL, NULL, NULL, NULL, NULL, NULL, NULL, NULL, NULL, 0, NULL, NULL, NULL, NULL, 0,
        '2022-07-17 15:10:07'),
       (4, 4, NULL, NULL, NULL, NULL, NULL, NULL, NULL, NULL, NULL, NULL, 0, NULL, NULL, NULL, NULL, 0,
        '2022-07-27 18:37:24');

INSERT INTO `user_preference` (`id`, `user_id`, `weekly_progress_report`, `product_update`, `offer`, `sms`, `whatsapp`,
                               `newsletter`, `reminder`, `updated`, `sound_effects`, `catchup_sound_effects`,
                               `pause_all_notifications`, `download_over_wifi_only`, `video_quality`,
                               `load_high_quality_images`, `video_autoplay`)
VALUES (1, 1, 1, 1, 1, 1, 1, 1, 1, '2020-12-13 07:06:18', 1, 1, 0, 1, 'auto', 'wifi', 'wifi'),
       (2, 2, 1, 1, 1, 1, 1, 1, 1, '2021-01-08 13:34:40', 1, 1, 0, 1, 'auto', 'wifi', 'wifi'),
       (3, 3, 1, 1, 1, 1, 1, 1, 1, '2021-01-08 14:54:51', 1, 1, 0, 1, 'auto', 'wifi', 'wifi'),
       (4, 4, 1, 1, 1, 1, 1, 1, 1, '2021-01-10 16:15:44', 1, 1, 0, 1, 'auto', 'wifi', 'wifi');


INSERT INTO `schools` (`id`, `user_id`, `slug`, `name`, `abbr`, `logo`, `banner`, `wallpaper`, `tagline`, `about`,
                       `address`, `city`, `state`, `country`, `postal_code`, `website`, `establish_date`,
                       `contact_name`, `contact_role`, `contact_email`, `contact_image`, `phone`, `phone2`,
                       `school_email`, `school_type`, `created_at`, `updated_at`, `naming_format`, `timezone`,
                       `boarding_type`, `subscription_plan`, `subscription_expiry`, `basic_subscription`,
                       `premium_subscription`, `teacher_auto_join_class`, `student_auto_join_class`, `is_tutor`)
VALUES (1, 4, 'test-school', 'Tetst School', 'test', NULL, NULL, NULL, '', '', '', '', '', 'Nigeria', '', '',
        '--', '', '', '', NULL, '802 455 9334', '', '', 'all', '2019-09-30 13:26:08', NULL, 'year', NULL, NULL,
        NULL, NULL, 0, 0, 1, 1, NULL);